/Users/igorbulgakov/Library/Caches/pypoetry/virtualenvs/vib-bot-ma_M4Xid-py3.9/lib/python3.9/site-packages/urllib3/__init__.py:35: NotOpenSSLWarning: urllib3 v2 only supports OpenSSL 1.1.1+, currently the 'ssl' module is compiled with 'LibreSSL 2.8.3'. See: https://github.com/urllib3/urllib3/issues/3020
  warnings.warn(
2025-05-06 16:41:54,687 [INFO] Trades DB initialized (with symbol column).
2025-05-06 16:41:54,689 [INFO] Orderbook database initialized.
2025-05-06T16:41:54Z [INFO] 🧵 Spawning combined trade websocket thread
2025-05-06T16:41:54Z [INFO] 🧵 Spawning combined trade websocket thread
2025-05-06T16:41:54Z [INFO] ▶️  Starting combined trade socket
2025-05-06T16:41:54Z [INFO] ▶️  Starting combined trade socket
2025-05-06T16:41:54Z [INFO] 🧵 Spawning orderbook websocket threads for symbols: VIBUSDT, BTCUSDT, ETHUSDT, BNBUSDT
2025-05-06T16:41:54Z [INFO] 🧵 Spawning orderbook websocket threads for symbols: VIBUSDT, BTCUSDT, ETHUSDT, BNBUSDT
2025-05-06T16:41:54Z [INFO] ▶️  Starting orderbook socket for VIBUSDT
2025-05-06T16:41:54Z [INFO] ▶️  Starting orderbook socket for VIBUSDT
2025-05-06T16:41:54Z [INFO] ▶️  Starting orderbook socket for BTCUSDT
2025-05-06T16:41:54Z [INFO] ▶️  Starting orderbook socket for BTCUSDT
2025-05-06T16:41:54Z [INFO] ▶️  Starting orderbook socket for ETHUSDT
2025-05-06T16:41:54Z [INFO] ▶️  Starting orderbook socket for ETHUSDT
2025-05-06T16:41:54Z [INFO] ▶️  Starting orderbook socket for BNBUSDT
2025-05-06T16:41:54Z [INFO] ▶️  Starting orderbook socket for BNBUSDT
2025-05-06 16:41:55,624 [INFO] [VIBUSDT] websocket opened
2025-05-06 16:41:55,632 [INFO] [BTCUSDT] websocket opened
2025-05-06 16:41:55,633 [INFO] WebSocket connection opened.
2025-05-06 16:41:55,633 [INFO] [BNBUSDT] websocket opened
2025-05-06 16:41:55,633 [INFO] [ETHUSDT] websocket opened
2025-05-06 16:41:55,936 [INFO] [BTCUSDT] Bid 94182.9900, Ask 94183.0000, Spread 0.0100
2025-05-06 16:41:55,936 [INFO] [ETHUSDT] Bid 1797.3400, Ask 1797.3500, Spread 0.0100
2025-05-06 16:41:56,011 [INFO] [BNBUSDT] Bid 598.3700, Ask 598.3800, Spread 0.0100
2025-05-06 16:41:56,181 [INFO] [BTCUSDT] Trade 4877005483 BUY 94183.0@0.00106
2025-05-06 16:41:56,182 [ERROR] WebSocket error: 'b'
2025-05-06 16:41:56,263 [INFO] [BTCUSDT] Trade 4877005484 BUY 94183.0@0.00106
2025-05-06 16:41:56,263 [ERROR] WebSocket error: 'b'
2025-05-06 16:41:56,278 [INFO] [BTCUSDT] Trade 4877005485 BUY 94183.0@0.00106
2025-05-06 16:41:56,278 [ERROR] WebSocket error: 'b'
2025-05-06 16:41:56,317 [INFO] [BTCUSDT] Trade 4877005486 BUY 94183.0@0.00106
2025-05-06 16:41:56,318 [ERROR] WebSocket error: 'b'
2025-05-06 16:41:56,500 [INFO] [BTCUSDT] Trade 4877005487 SELL 94182.99@0.00114
2025-05-06 16:41:56,500 [ERROR] WebSocket error: 'b'
2025-05-06 16:41:56,619 [INFO] [BTCUSDT] Trade 4877005488 BUY 94183.0@0.00106
2025-05-06 16:41:56,619 [ERROR] WebSocket error: 'b'
2025-05-06 16:41:56,837 [INFO] [ETHUSDT] Trade 2381271476 BUY 1797.35@0.0049
2025-05-06 16:41:56,837 [ERROR] WebSocket error: 'b'
2025-05-06 16:41:56,838 [INFO] [ETHUSDT] Trade 2381271477 BUY 1797.35@0.0028
2025-05-06 16:41:56,838 [ERROR] WebSocket error: 'b'
2025-05-06 16:41:56,838 [INFO] [ETHUSDT] Trade 2381271478 BUY 1797.35@0.0029
2025-05-06 16:41:56,838 [ERROR] WebSocket error: 'b'
2025-05-06 16:41:56,838 [INFO] [ETHUSDT] Trade 2381271479 BUY 1797.35@0.0014
2025-05-06 16:41:56,838 [ERROR] WebSocket error: 'b'
2025-05-06 16:41:56,931 [INFO] [BNBUSDT] Trade 1046017905 BUY 598.38@0.396
2025-05-06 16:41:56,931 [ERROR] WebSocket error: 'b'
2025-05-06 16:41:56,957 [INFO] [BTCUSDT] Bid 94182.9900, Ask 94183.0000, Spread 0.0100
2025-05-06 16:41:56,958 [INFO] [ETHUSDT] Bid 1797.3400, Ask 1797.3500, Spread 0.0100
2025-05-06 16:41:57,011 [INFO] [BNBUSDT] Bid 598.3700, Ask 598.3800, Spread 0.0100
2025-05-06 16:41:57,164 [INFO] [ETHUSDT] Trade 2381271480 SELL 1797.34@0.06
2025-05-06 16:41:57,164 [ERROR] WebSocket error: 'b'
2025-05-06 16:41:57,326 [INFO] [BNBUSDT] Trade 1046017906 SELL 598.37@0.378
2025-05-06 16:41:57,326 [ERROR] WebSocket error: 'b'
2025-05-06 16:41:57,510 [INFO] [ETHUSDT] Trade 2381271481 BUY 1797.35@0.0015
2025-05-06 16:41:57,510 [ERROR] WebSocket error: 'b'
2025-05-06 16:41:57,510 [INFO] [ETHUSDT] Trade 2381271482 BUY 1797.35@0.0033
2025-05-06 16:41:57,510 [ERROR] WebSocket error: 'b'
2025-05-06 16:41:57,510 [INFO] [ETHUSDT] Trade 2381271483 BUY 1797.35@0.023
2025-05-06 16:41:57,510 [ERROR] WebSocket error: 'b'
2025-05-06 16:41:57,520 [INFO] [ETHUSDT] Trade 2381271484 BUY 1797.35@0.0278
2025-05-06 16:41:57,520 [ERROR] WebSocket error: 'b'
2025-05-06 16:41:57,556 [INFO] [ETHUSDT] Trade 2381271485 BUY 1797.35@0.0278
2025-05-06 16:41:57,556 [ERROR] WebSocket error: 'b'
2025-05-06 16:41:57,589 [INFO] [ETHUSDT] Trade 2381271486 BUY 1797.35@0.0278
2025-05-06 16:41:57,589 [ERROR] WebSocket error: 'b'
2025-05-06 16:41:57,880 [INFO] [ETHUSDT] Trade 2381271487 BUY 1797.35@0.0278
2025-05-06 16:41:57,882 [ERROR] WebSocket error: 'b'
2025-05-06 16:41:57,926 [INFO] [BTCUSDT] Bid 94182.9900, Ask 94183.0000, Spread 0.0100
2025-05-06 16:41:57,928 [INFO] [ETHUSDT] Bid 1797.3400, Ask 1797.3500, Spread 0.0100
2025-05-06 16:41:57,989 [INFO] [BNBUSDT] Trade 1046017907 BUY 598.38@0.453
2025-05-06 16:41:57,990 [ERROR] WebSocket error: 'b'
2025-05-06 16:41:58,020 [INFO] [BNBUSDT] Bid 598.3700, Ask 598.3800, Spread 0.0100
2025-05-06 16:41:58,500 [INFO] [BTCUSDT] Trade 4877005489 SELL 94182.99@0.00512
2025-05-06 16:41:58,502 [ERROR] WebSocket error: 'b'
2025-05-06 16:41:58,589 [INFO] [ETHUSDT] Trade 2381271488 BUY 1797.35@0.5718
2025-05-06 16:41:58,590 [ERROR] WebSocket error: 'b'
2025-05-06 16:41:58,835 [INFO] [BNBUSDT] Trade 1046017908 SELL 598.37@0.818
2025-05-06 16:41:58,836 [ERROR] WebSocket error: 'b'
2025-05-06 16:41:58,920 [INFO] [BTCUSDT] Bid 94182.9900, Ask 94183.0000, Spread 0.0100
2025-05-06 16:41:58,925 [INFO] [ETHUSDT] Bid 1797.3400, Ask 1797.3500, Spread 0.0100
2025-05-06 16:41:59,012 [INFO] [BNBUSDT] Bid 598.3700, Ask 598.3800, Spread 0.0100
2025-05-06 16:41:59,421 [INFO] [BTCUSDT] Trade 4877005490 SELL 94182.99@0.00279
2025-05-06 16:41:59,422 [ERROR] WebSocket error: 'b'
2025-05-06 16:42:00,034 [INFO] [BTCUSDT] Bid 94182.9900, Ask 94183.0000, Spread 0.0100
2025-05-06 16:42:00,034 [INFO] [BNBUSDT] Bid 598.3700, Ask 598.3800, Spread 0.0100
2025-05-06 16:42:00,035 [INFO] [ETHUSDT] Bid 1797.3400, Ask 1797.3500, Spread 0.0100
2025-05-06 16:42:00,036 [INFO] [ETHUSDT] Trade 2381271489 BUY 1797.35@0.027
2025-05-06 16:42:00,037 [ERROR] WebSocket error: 'b'
2025-05-06 16:42:00,038 [INFO] [BTCUSDT] Trade 4877005491 BUY 94183.0@0.00106
2025-05-06 16:42:00,038 [ERROR] WebSocket error: 'b'
2025-05-06 16:42:00,060 [INFO] [ETHUSDT] Trade 2381271490 SELL 1797.34@0.3109
2025-05-06 16:42:00,060 [ERROR] WebSocket error: 'b'
2025-05-06 16:42:00,102 [INFO] [BTCUSDT] Trade 4877005492 BUY 94183.0@0.00106
2025-05-06 16:42:00,103 [ERROR] WebSocket error: 'b'
2025-05-06 16:42:00,106 [INFO] [BTCUSDT] Trade 4877005493 BUY 94183.0@0.00106
2025-05-06 16:42:00,106 [ERROR] WebSocket error: 'b'
2025-05-06 16:42:00,116 [INFO] [BTCUSDT] Trade 4877005494 BUY 94183.0@0.00106
2025-05-06 16:42:00,116 [ERROR] WebSocket error: 'b'
2025-05-06 16:42:00,251 [INFO] [ETHUSDT] Trade 2381271491 SELL 1797.34@0.0029
2025-05-06 16:42:00,253 [ERROR] WebSocket error: 'b'
2025-05-06 16:42:00,254 [INFO] [ETHUSDT] Trade 2381271492 SELL 1797.34@0.0049
2025-05-06 16:42:00,254 [ERROR] WebSocket error: 'b'
2025-05-06 16:42:00,255 [INFO] [ETHUSDT] Trade 2381271493 SELL 1797.34@0.0132
2025-05-06 16:42:00,255 [ERROR] WebSocket error: 'b'
2025-05-06 16:42:00,256 [INFO] [ETHUSDT] Trade 2381271494 SELL 1797.34@0.021
2025-05-06 16:42:00,256 [ERROR] WebSocket error: 'b'
2025-05-06 16:42:00,256 [INFO] [ETHUSDT] Trade 2381271495 SELL 1797.34@0.0199
2025-05-06 16:42:00,256 [ERROR] WebSocket error: 'b'
2025-05-06 16:42:00,257 [INFO] [ETHUSDT] Trade 2381271496 SELL 1797.34@0.0011
2025-05-06 16:42:00,257 [ERROR] WebSocket error: 'b'
2025-05-06 16:42:00,257 [INFO] [ETHUSDT] Trade 2381271497 SELL 1797.34@0.0051
2025-05-06 16:42:00,257 [ERROR] WebSocket error: 'b'
2025-05-06 16:42:00,257 [INFO] [ETHUSDT] Trade 2381271498 SELL 1797.34@0.006
2025-05-06 16:42:00,257 [ERROR] WebSocket error: 'b'
2025-05-06 16:42:00,258 [INFO] [ETHUSDT] Trade 2381271499 SELL 1797.34@0.006
2025-05-06 16:42:00,258 [ERROR] WebSocket error: 'b'
2025-05-06 16:42:00,258 [INFO] [ETHUSDT] Trade 2381271500 SELL 1797.34@0.0039
2025-05-06 16:42:00,258 [ERROR] WebSocket error: 'b'
2025-05-06 16:42:00,259 [INFO] [ETHUSDT] Trade 2381271501 SELL 1797.34@0.0021
2025-05-06 16:42:00,259 [ERROR] WebSocket error: 'b'
2025-05-06 16:42:00,259 [INFO] [ETHUSDT] Trade 2381271502 SELL 1797.34@0.006
2025-05-06 16:42:00,259 [ERROR] WebSocket error: 'b'
2025-05-06 16:42:00,259 [INFO] [ETHUSDT] Trade 2381271503 SELL 1797.34@0.006
2025-05-06 16:42:00,259 [ERROR] WebSocket error: 'b'
2025-05-06 16:42:00,260 [INFO] [ETHUSDT] Trade 2381271504 SELL 1797.34@0.006
2025-05-06 16:42:00,260 [ERROR] WebSocket error: 'b'
2025-05-06 16:42:00,260 [INFO] [ETHUSDT] Trade 2381271505 SELL 1797.34@0.0009
2025-05-06 16:42:00,260 [ERROR] WebSocket error: 'b'
2025-05-06 16:42:00,260 [INFO] [ETHUSDT] Trade 2381271506 SELL 1797.34@0.0051
2025-05-06 16:42:00,260 [ERROR] WebSocket error: 'b'
2025-05-06 16:42:00,261 [INFO] [ETHUSDT] Trade 2381271507 SELL 1797.34@0.006
2025-05-06 16:42:00,261 [ERROR] WebSocket error: 'b'
2025-05-06 16:42:00,261 [INFO] [ETHUSDT] Trade 2381271508 SELL 1797.34@0.0029
2025-05-06 16:42:00,261 [ERROR] WebSocket error: 'b'
2025-05-06 16:42:00,261 [INFO] [ETHUSDT] Trade 2381271509 SELL 1797.34@0.0029
2025-05-06 16:42:00,261 [ERROR] WebSocket error: 'b'
2025-05-06 16:42:00,261 [INFO] [ETHUSDT] Trade 2381271510 SELL 1797.33@0.0029
2025-05-06 16:42:00,261 [ERROR] WebSocket error: 'b'
2025-05-06 16:42:00,262 [INFO] [ETHUSDT] Trade 2381271511 SELL 1797.33@0.0012
2025-05-06 16:42:00,262 [ERROR] WebSocket error: 'b'
2025-05-06 16:42:00,262 [INFO] [ETHUSDT] Trade 2381271512 SELL 1797.33@0.0017
2025-05-06 16:42:00,262 [ERROR] WebSocket error: 'b'
2025-05-06 16:42:00,262 [INFO] [ETHUSDT] Trade 2381271513 SELL 1797.33@0.0029
2025-05-06 16:42:00,262 [ERROR] WebSocket error: 'b'
2025-05-06 16:42:00,263 [INFO] [ETHUSDT] Trade 2381271514 SELL 1797.32@0.0029
2025-05-06 16:42:00,263 [ERROR] WebSocket error: 'b'
2025-05-06 16:42:00,263 [INFO] [ETHUSDT] Trade 2381271515 SELL 1797.32@0.0029
2025-05-06 16:42:00,263 [ERROR] WebSocket error: 'b'
2025-05-06 16:42:00,263 [INFO] [ETHUSDT] Trade 2381271516 SELL 1797.32@0.0063
2025-05-06 16:42:00,263 [ERROR] WebSocket error: 'b'
2025-05-06 16:42:00,263 [INFO] [ETHUSDT] Trade 2381271517 SELL 1797.31@0.0029
2025-05-06 16:42:00,263 [ERROR] WebSocket error: 'b'
2025-05-06 16:42:00,264 [INFO] [ETHUSDT] Trade 2381271518 SELL 1797.3@0.0014
2025-05-06 16:42:00,264 [ERROR] WebSocket error: 'b'
2025-05-06 16:42:00,264 [INFO] [ETHUSDT] Trade 2381271519 SELL 1797.3@0.0015
2025-05-06 16:42:00,264 [ERROR] WebSocket error: 'b'
2025-05-06 16:42:00,264 [INFO] [ETHUSDT] Trade 2381271520 SELL 1797.29@0.0029
2025-05-06 16:42:00,264 [ERROR] WebSocket error: 'b'
2025-05-06 16:42:00,265 [INFO] [ETHUSDT] Trade 2381271521 SELL 1797.28@0.0029
2025-05-06 16:42:00,265 [ERROR] WebSocket error: 'b'
2025-05-06 16:42:00,265 [INFO] [ETHUSDT] Trade 2381271522 SELL 1797.27@0.0029
2025-05-06 16:42:00,265 [ERROR] WebSocket error: 'b'
2025-05-06 16:42:00,265 [INFO] [ETHUSDT] Trade 2381271523 SELL 1797.27@0.0108
2025-05-06 16:42:00,265 [ERROR] WebSocket error: 'b'
2025-05-06 16:42:00,265 [INFO] [ETHUSDT] Trade 2381271524 SELL 1797.27@0.021
2025-05-06 16:42:00,266 [ERROR] WebSocket error: 'b'
2025-05-06 16:42:00,266 [INFO] [ETHUSDT] Trade 2381271525 SELL 1797.27@0.0185
2025-05-06 16:42:00,266 [ERROR] WebSocket error: 'b'
2025-05-06 16:42:00,266 [INFO] [ETHUSDT] Trade 2381271526 SELL 1797.26@0.0025
2025-05-06 16:42:00,266 [ERROR] WebSocket error: 'b'
2025-05-06 16:42:00,266 [INFO] [ETHUSDT] Trade 2381271527 SELL 1797.26@0.021
2025-05-06 16:42:00,266 [ERROR] WebSocket error: 'b'
2025-05-06 16:42:00,266 [INFO] [ETHUSDT] Trade 2381271528 SELL 1797.26@0.021
2025-05-06 16:42:00,267 [ERROR] WebSocket error: 'b'
2025-05-06 16:42:00,267 [INFO] [ETHUSDT] Trade 2381271529 SELL 1797.26@0.006
2025-05-06 16:42:00,267 [ERROR] WebSocket error: 'b'
2025-05-06 16:42:00,267 [INFO] [ETHUSDT] Trade 2381271530 SELL 1797.26@0.0029
2025-05-06 16:42:00,267 [ERROR] WebSocket error: 'b'
2025-05-06 16:42:00,267 [INFO] [ETHUSDT] Trade 2381271531 SELL 1797.26@0.0121
2025-05-06 16:42:00,267 [ERROR] WebSocket error: 'b'
2025-05-06 16:42:00,268 [INFO] [BTCUSDT] Trade 4877005495 BUY 94183.0@0.00106
2025-05-06 16:42:00,268 [ERROR] WebSocket error: 'b'
2025-05-06 16:42:00,272 [INFO] [ETHUSDT] Trade 2381271532 SELL 1797.26@0.0383
2025-05-06 16:42:00,272 [ERROR] WebSocket error: 'b'
2025-05-06 16:42:00,272 [INFO] [ETHUSDT] Trade 2381271533 SELL 1797.26@0.0029
2025-05-06 16:42:00,272 [ERROR] WebSocket error: 'b'
2025-05-06 16:42:00,273 [INFO] [ETHUSDT] Trade 2381271534 SELL 1797.26@0.0029
2025-05-06 16:42:00,273 [ERROR] WebSocket error: 'b'
2025-05-06 16:42:00,273 [INFO] [ETHUSDT] Trade 2381271535 SELL 1797.26@0.0029
2025-05-06 16:42:00,273 [ERROR] WebSocket error: 'b'
2025-05-06 16:42:00,273 [INFO] [ETHUSDT] Trade 2381271536 SELL 1797.26@0.0029
2025-05-06 16:42:00,273 [ERROR] WebSocket error: 'b'
2025-05-06 16:42:00,273 [INFO] [ETHUSDT] Trade 2381271537 SELL 1797.26@0.006
2025-05-06 16:42:00,273 [ERROR] WebSocket error: 'b'
2025-05-06 16:42:00,274 [INFO] [ETHUSDT] Trade 2381271538 SELL 1797.26@0.0029
2025-05-06 16:42:00,274 [ERROR] WebSocket error: 'b'
2025-05-06 16:42:00,274 [INFO] [ETHUSDT] Trade 2381271539 SELL 1797.26@0.006
2025-05-06 16:42:00,274 [ERROR] WebSocket error: 'b'
2025-05-06 16:42:00,274 [INFO] [ETHUSDT] Trade 2381271540 SELL 1797.26@0.0029
2025-05-06 16:42:00,274 [ERROR] WebSocket error: 'b'
2025-05-06 16:42:00,274 [INFO] [ETHUSDT] Trade 2381271541 SELL 1797.26@0.006
2025-05-06 16:42:00,274 [ERROR] WebSocket error: 'b'
2025-05-06 16:42:00,275 [INFO] [ETHUSDT] Trade 2381271542 SELL 1797.26@0.006
2025-05-06 16:42:00,275 [ERROR] WebSocket error: 'b'
2025-05-06 16:42:00,275 [INFO] [ETHUSDT] Trade 2381271543 SELL 1797.26@0.0505
2025-05-06 16:42:00,275 [ERROR] WebSocket error: 'b'
2025-05-06 16:42:00,275 [INFO] [ETHUSDT] Trade 2381271544 SELL 1797.26@0.0715
2025-05-06 16:42:00,275 [ERROR] WebSocket error: 'b'
2025-05-06 16:42:00,275 [INFO] [ETHUSDT] Trade 2381271545 SELL 1797.25@0.0029
2025-05-06 16:42:00,275 [ERROR] WebSocket error: 'b'
2025-05-06 16:42:00,276 [INFO] [ETHUSDT] Trade 2381271546 SELL 1797.25@0.0029
2025-05-06 16:42:00,276 [ERROR] WebSocket error: 'b'
2025-05-06 16:42:00,276 [INFO] [ETHUSDT] Trade 2381271547 SELL 1797.24@0.0029
2025-05-06 16:42:00,276 [ERROR] WebSocket error: 'b'
2025-05-06 16:42:00,276 [INFO] [ETHUSDT] Trade 2381271548 SELL 1797.23@0.0029
2025-05-06 16:42:00,276 [ERROR] WebSocket error: 'b'
2025-05-06 16:42:00,276 [INFO] [ETHUSDT] Trade 2381271549 SELL 1797.23@0.0029
2025-05-06 16:42:00,276 [ERROR] WebSocket error: 'b'
2025-05-06 16:42:00,277 [INFO] [ETHUSDT] Trade 2381271550 SELL 1797.2@0.0084
2025-05-06 16:42:00,277 [ERROR] WebSocket error: 'b'
2025-05-06 16:42:00,287 [INFO] [ETHUSDT] Trade 2381271551 SELL 1797.2@0.0239
2025-05-06 16:42:00,287 [ERROR] WebSocket error: 'b'
2025-05-06 16:42:00,287 [INFO] [ETHUSDT] Trade 2381271552 SELL 1797.2@0.0285
2025-05-06 16:42:00,287 [ERROR] WebSocket error: 'b'
2025-05-06 16:42:00,287 [INFO] [ETHUSDT] Trade 2381271553 SELL 1797.2@0.0029
2025-05-06 16:42:00,287 [ERROR] WebSocket error: 'b'
2025-05-06 16:42:00,288 [INFO] [ETHUSDT] Trade 2381271554 SELL 1797.2@0.006
2025-05-06 16:42:00,288 [ERROR] WebSocket error: 'b'
2025-05-06 16:42:00,288 [INFO] [ETHUSDT] Trade 2381271555 SELL 1797.2@0.006
2025-05-06 16:42:00,288 [ERROR] WebSocket error: 'b'
2025-05-06 16:42:00,288 [INFO] [ETHUSDT] Trade 2381271556 SELL 1797.2@0.0029
2025-05-06 16:42:00,288 [ERROR] WebSocket error: 'b'
2025-05-06 16:42:00,288 [INFO] [ETHUSDT] Trade 2381271557 SELL 1797.2@0.0029
2025-05-06 16:42:00,288 [ERROR] WebSocket error: 'b'
2025-05-06 16:42:00,289 [INFO] [ETHUSDT] Trade 2381271558 SELL 1797.2@0.0029
2025-05-06 16:42:00,289 [ERROR] WebSocket error: 'b'
2025-05-06 16:42:00,289 [INFO] [ETHUSDT] Trade 2381271559 SELL 1797.2@0.0029
2025-05-06 16:42:00,289 [ERROR] WebSocket error: 'b'
2025-05-06 16:42:00,289 [INFO] [ETHUSDT] Trade 2381271560 SELL 1797.2@0.0029
2025-05-06 16:42:00,289 [ERROR] WebSocket error: 'b'
2025-05-06 16:42:00,289 [INFO] [ETHUSDT] Trade 2381271561 SELL 1797.2@0.0222
2025-05-06 16:42:00,289 [ERROR] WebSocket error: 'b'
2025-05-06 16:42:00,290 [INFO] [ETHUSDT] Trade 2381271562 SELL 1797.19@0.0029
2025-05-06 16:42:00,290 [ERROR] WebSocket error: 'b'
2025-05-06 16:42:00,290 [INFO] [ETHUSDT] Trade 2381271563 SELL 1797.19@0.0029
2025-05-06 16:42:00,290 [ERROR] WebSocket error: 'b'
2025-05-06 16:42:00,290 [INFO] [ETHUSDT] Trade 2381271564 SELL 1797.19@0.0029
2025-05-06 16:42:00,290 [ERROR] WebSocket error: 'b'
2025-05-06 16:42:00,290 [INFO] [ETHUSDT] Trade 2381271565 SELL 1797.19@0.0029
2025-05-06 16:42:00,290 [ERROR] WebSocket error: 'b'
2025-05-06 16:42:00,291 [INFO] [ETHUSDT] Trade 2381271566 SELL 1797.19@0.0029
2025-05-06 16:42:00,291 [ERROR] WebSocket error: 'b'
2025-05-06 16:42:00,400 [INFO] [ETHUSDT] Trade 2381271567 SELL 1797.19@0.0029
2025-05-06 16:42:00,401 [ERROR] WebSocket error: 'b'
2025-05-06 16:42:00,402 [INFO] [ETHUSDT] Trade 2381271568 SELL 1797.18@0.0029
2025-05-06 16:42:00,402 [ERROR] WebSocket error: 'b'
2025-05-06 16:42:00,402 [INFO] [ETHUSDT] Trade 2381271569 SELL 1797.17@0.0029
2025-05-06 16:42:00,403 [ERROR] WebSocket error: 'b'
2025-05-06 16:42:00,403 [INFO] [ETHUSDT] Trade 2381271570 SELL 1797.15@0.0281
2025-05-06 16:42:00,403 [ERROR] WebSocket error: 'b'
2025-05-06 16:42:00,403 [INFO] [ETHUSDT] Trade 2381271571 SELL 1797.15@0.0029
2025-05-06 16:42:00,404 [ERROR] WebSocket error: 'b'
2025-05-06 16:42:00,404 [INFO] [ETHUSDT] Trade 2381271572 SELL 1797.14@0.0056
2025-05-06 16:42:00,404 [ERROR] WebSocket error: 'b'
2025-05-06 16:42:00,404 [INFO] [ETHUSDT] Trade 2381271573 SELL 1797.14@0.0029
2025-05-06 16:42:00,405 [ERROR] WebSocket error: 'b'
2025-05-06 16:42:00,405 [INFO] [ETHUSDT] Trade 2381271574 SELL 1797.13@0.0148
2025-05-06 16:42:00,405 [ERROR] WebSocket error: 'b'
2025-05-06 16:42:00,405 [INFO] [ETHUSDT] Trade 2381271575 SELL 1797.13@0.0101
2025-05-06 16:42:00,405 [ERROR] WebSocket error: 'b'
2025-05-06 16:42:00,405 [INFO] [ETHUSDT] Trade 2381271576 SELL 1797.13@0.0029
2025-05-06 16:42:00,405 [ERROR] WebSocket error: 'b'
2025-05-06 16:42:00,406 [INFO] [ETHUSDT] Trade 2381271577 SELL 1797.12@0.0058
2025-05-06 16:42:00,406 [ERROR] WebSocket error: 'b'
2025-05-06 16:42:00,406 [INFO] [ETHUSDT] Trade 2381271578 SELL 1797.12@0.2307
2025-05-06 16:42:00,406 [ERROR] WebSocket error: 'b'
2025-05-06 16:42:00,406 [INFO] [ETHUSDT] Trade 2381271579 SELL 1797.12@0.0029
2025-05-06 16:42:00,406 [ERROR] WebSocket error: 'b'
2025-05-06 16:42:00,407 [INFO] [ETHUSDT] Trade 2381271580 SELL 1797.11@0.0029
2025-05-06 16:42:00,407 [ERROR] WebSocket error: 'b'
2025-05-06 16:42:00,407 [INFO] [ETHUSDT] Trade 2381271581 SELL 1797.1@0.0029
2025-05-06 16:42:00,407 [ERROR] WebSocket error: 'b'
2025-05-06 16:42:00,407 [INFO] [ETHUSDT] Trade 2381271582 SELL 1797.09@0.0113
2025-05-06 16:42:00,407 [ERROR] WebSocket error: 'b'
2025-05-06 16:42:00,408 [INFO] [ETHUSDT] Trade 2381271583 SELL 1797.09@0.0169
2025-05-06 16:42:00,408 [ERROR] WebSocket error: 'b'
2025-05-06 16:42:00,408 [INFO] [ETHUSDT] Trade 2381271584 SELL 1797.09@0.0029
2025-05-06 16:42:00,408 [ERROR] WebSocket error: 'b'
2025-05-06 16:42:00,408 [INFO] [ETHUSDT] Trade 2381271585 SELL 1797.08@0.056
2025-05-06 16:42:00,408 [ERROR] WebSocket error: 'b'
2025-05-06 16:42:00,408 [INFO] [ETHUSDT] Trade 2381271586 SELL 1797.08@0.0029
2025-05-06 16:42:00,408 [ERROR] WebSocket error: 'b'
2025-05-06 16:42:00,409 [INFO] [ETHUSDT] Trade 2381271587 SELL 1797.08@0.018
2025-05-06 16:42:00,409 [ERROR] WebSocket error: 'b'
2025-05-06 16:42:00,409 [INFO] [ETHUSDT] Trade 2381271588 SELL 1797.08@0.0193
2025-05-06 16:42:00,409 [ERROR] WebSocket error: 'b'
2025-05-06 16:42:00,409 [INFO] [ETHUSDT] Trade 2381271589 SELL 1797.08@0.0029
2025-05-06 16:42:00,409 [ERROR] WebSocket error: 'b'
2025-05-06 16:42:00,410 [INFO] [ETHUSDT] Trade 2381271590 SELL 1797.06@0.0056
2025-05-06 16:42:00,410 [ERROR] WebSocket error: 'b'
2025-05-06 16:42:00,410 [INFO] [ETHUSDT] Trade 2381271591 SELL 1797.05@0.0042
2025-05-06 16:42:00,410 [ERROR] WebSocket error: 'b'
2025-05-06 16:42:00,410 [INFO] [ETHUSDT] Trade 2381271592 SELL 1797.03@0.0028
2025-05-06 16:42:00,410 [ERROR] WebSocket error: 'b'
2025-05-06 16:42:00,410 [INFO] [ETHUSDT] Trade 2381271593 SELL 1797.01@0.0056
2025-05-06 16:42:00,411 [ERROR] WebSocket error: 'b'
2025-05-06 16:42:00,411 [INFO] [ETHUSDT] Trade 2381271594 SELL 1797.01@0.0028
2025-05-06 16:42:00,411 [ERROR] WebSocket error: 'b'
2025-05-06 16:42:00,411 [INFO] [ETHUSDT] Trade 2381271595 SELL 1797.01@0.0028
2025-05-06 16:42:00,411 [ERROR] WebSocket error: 'b'
2025-05-06 16:42:00,411 [INFO] [ETHUSDT] Trade 2381271596 SELL 1797.0@0.2713
2025-05-06 16:42:00,411 [ERROR] WebSocket error: 'b'
2025-05-06 16:42:00,412 [INFO] [BTCUSDT] Trade 4877005496 SELL 94182.99@0.002
2025-05-06 16:42:00,412 [ERROR] WebSocket error: 'b'
2025-05-06 16:42:00,470 [INFO] [BNBUSDT] Trade 1046017909 BUY 598.38@0.603
2025-05-06 16:42:00,471 [ERROR] WebSocket error: 'b'
2025-05-06 16:42:00,482 [INFO] [BTCUSDT] Trade 4877005497 BUY 94183.0@0.00168
2025-05-06 16:42:00,482 [ERROR] WebSocket error: 'b'
2025-05-06 16:42:00,501 [INFO] [BTCUSDT] Trade 4877005498 BUY 94183.0@0.00231
2025-05-06 16:42:00,501 [ERROR] WebSocket error: 'b'
2025-05-06 16:42:00,715 [INFO] [ETHUSDT] Trade 2381271597 SELL 1797.0@0.231
2025-05-06 16:42:00,716 [ERROR] WebSocket error: 'b'
2025-05-06 16:42:00,721 [INFO] [BTCUSDT] Trade 4877005499 SELL 94182.99@6e-05
2025-05-06 16:42:00,721 [ERROR] WebSocket error: 'b'
2025-05-06 16:42:00,722 [INFO] [BTCUSDT] Trade 4877005500 SELL 94182.99@0.00159
2025-05-06 16:42:00,722 [ERROR] WebSocket error: 'b'
2025-05-06 16:42:00,723 [INFO] [BTCUSDT] Trade 4877005501 SELL 94182.99@0.00035
2025-05-06 16:42:00,723 [ERROR] WebSocket error: 'b'
2025-05-06 16:42:00,741 [INFO] [BNBUSDT] Trade 1046017910 SELL 598.37@0.584
2025-05-06 16:42:00,741 [ERROR] WebSocket error: 'b'
2025-05-06 16:42:00,923 [INFO] [BTCUSDT] Bid 94182.9900, Ask 94183.0000, Spread 0.0100
2025-05-06 16:42:00,924 [INFO] [ETHUSDT] Bid 1797.0000, Ask 1797.0100, Spread 0.0100
2025-05-06 16:42:00,937 [INFO] [BTCUSDT] Trade 4877005502 SELL 94182.99@0.00056
2025-05-06 16:42:00,938 [ERROR] WebSocket error: 'b'
2025-05-06 16:42:00,938 [INFO] [BTCUSDT] Trade 4877005503 SELL 94182.99@0.00044
2025-05-06 16:42:00,938 [ERROR] WebSocket error: 'b'
2025-05-06 16:42:00,939 [INFO] [BTCUSDT] Trade 4877005504 SELL 94182.99@0.00045
2025-05-06 16:42:00,939 [ERROR] WebSocket error: 'b'
2025-05-06 16:42:00,939 [INFO] [BTCUSDT] Trade 4877005505 SELL 94182.99@0.00044
2025-05-06 16:42:00,939 [ERROR] WebSocket error: 'b'
2025-05-06 16:42:00,939 [INFO] [BTCUSDT] Trade 4877005506 SELL 94182.99@0.00089
2025-05-06 16:42:00,939 [ERROR] WebSocket error: 'b'
2025-05-06 16:42:00,940 [INFO] [BTCUSDT] Trade 4877005507 SELL 94182.99@0.00846
2025-05-06 16:42:00,940 [ERROR] WebSocket error: 'b'
2025-05-06 16:42:00,940 [INFO] [BTCUSDT] Trade 4877005508 SELL 94182.99@0.00807
2025-05-06 16:42:00,940 [ERROR] WebSocket error: 'b'
2025-05-06 16:42:00,941 [INFO] [BTCUSDT] Trade 4877005509 SELL 94182.99@8e-05
2025-05-06 16:42:00,941 [ERROR] WebSocket error: 'b'
2025-05-06 16:42:00,941 [INFO] [BTCUSDT] Trade 4877005510 SELL 94182.99@0.16317
2025-05-06 16:42:00,941 [ERROR] WebSocket error: 'b'
2025-05-06 16:42:00,941 [INFO] [BTCUSDT] Trade 4877005511 SELL 94182.99@6e-05
2025-05-06 16:42:00,941 [ERROR] WebSocket error: 'b'
2025-05-06 16:42:00,941 [INFO] [BTCUSDT] Trade 4877005512 SELL 94182.99@6e-05
2025-05-06 16:42:00,942 [ERROR] WebSocket error: 'b'
2025-05-06 16:42:00,942 [INFO] [BTCUSDT] Trade 4877005513 SELL 94182.99@6e-05
2025-05-06 16:42:00,942 [ERROR] WebSocket error: 'b'
2025-05-06 16:42:00,942 [INFO] [BTCUSDT] Trade 4877005514 SELL 94182.99@6e-05
2025-05-06 16:42:00,942 [ERROR] WebSocket error: 'b'
2025-05-06 16:42:00,942 [INFO] [BTCUSDT] Trade 4877005515 SELL 94182.99@6e-05
2025-05-06 16:42:00,942 [ERROR] WebSocket error: 'b'
2025-05-06 16:42:00,943 [INFO] [BTCUSDT] Trade 4877005516 SELL 94182.99@6e-05
2025-05-06 16:42:00,943 [ERROR] WebSocket error: 'b'
2025-05-06 16:42:00,943 [INFO] [BTCUSDT] Trade 4877005517 SELL 94182.99@6e-05
2025-05-06 16:42:00,943 [ERROR] WebSocket error: 'b'
2025-05-06 16:42:00,943 [INFO] [BTCUSDT] Trade 4877005518 SELL 94182.99@6e-05
2025-05-06 16:42:00,943 [ERROR] WebSocket error: 'b'
2025-05-06 16:42:00,944 [INFO] [BTCUSDT] Trade 4877005519 SELL 94182.99@6e-05
2025-05-06 16:42:00,944 [ERROR] WebSocket error: 'b'
2025-05-06 16:42:00,944 [INFO] [BTCUSDT] Trade 4877005520 SELL 94182.99@6e-05
2025-05-06 16:42:00,944 [ERROR] WebSocket error: 'b'
2025-05-06 16:42:00,944 [INFO] [BTCUSDT] Trade 4877005521 SELL 94182.99@6e-05
2025-05-06 16:42:00,944 [ERROR] WebSocket error: 'b'
2025-05-06 16:42:00,944 [INFO] [BTCUSDT] Trade 4877005522 SELL 94182.99@6e-05
2025-05-06 16:42:00,945 [ERROR] WebSocket error: 'b'
2025-05-06 16:42:00,945 [INFO] [BTCUSDT] Trade 4877005523 SELL 94182.99@6e-05
2025-05-06 16:42:00,945 [ERROR] WebSocket error: 'b'
2025-05-06 16:42:00,945 [INFO] [BTCUSDT] Trade 4877005524 SELL 94182.99@6e-05
2025-05-06 16:42:00,945 [ERROR] WebSocket error: 'b'
2025-05-06 16:42:00,945 [INFO] [BTCUSDT] Trade 4877005525 SELL 94182.99@6e-05
2025-05-06 16:42:00,945 [ERROR] WebSocket error: 'b'
2025-05-06 16:42:00,946 [INFO] [BTCUSDT] Trade 4877005526 SELL 94182.99@0.00159
2025-05-06 16:42:00,946 [ERROR] WebSocket error: 'b'
2025-05-06 16:42:00,946 [INFO] [BTCUSDT] Trade 4877005527 SELL 94182.99@6e-05
2025-05-06 16:42:00,946 [ERROR] WebSocket error: 'b'
2025-05-06 16:42:00,946 [INFO] [BTCUSDT] Trade 4877005528 SELL 94182.99@0.0001
2025-05-06 16:42:00,946 [ERROR] WebSocket error: 'b'
2025-05-06 16:42:00,946 [INFO] [BTCUSDT] Trade 4877005529 SELL 94182.99@6e-05
2025-05-06 16:42:00,947 [ERROR] WebSocket error: 'b'
2025-05-06 16:42:00,947 [INFO] [BTCUSDT] Trade 4877005530 SELL 94182.99@6e-05
2025-05-06 16:42:00,947 [ERROR] WebSocket error: 'b'
2025-05-06 16:42:00,947 [INFO] [BTCUSDT] Trade 4877005531 SELL 94182.99@6e-05
2025-05-06 16:42:00,947 [ERROR] WebSocket error: 'b'
2025-05-06 16:42:00,947 [INFO] [BTCUSDT] Trade 4877005532 SELL 94182.99@6e-05
2025-05-06 16:42:00,947 [ERROR] WebSocket error: 'b'
2025-05-06 16:42:00,948 [INFO] [BTCUSDT] Trade 4877005533 SELL 94182.98@6e-05
2025-05-06 16:42:00,948 [ERROR] WebSocket error: 'b'
2025-05-06 16:42:00,948 [INFO] [BTCUSDT] Trade 4877005534 SELL 94182.98@6e-05
2025-05-06 16:42:00,948 [ERROR] WebSocket error: 'b'
2025-05-06 16:42:00,948 [INFO] [BTCUSDT] Trade 4877005535 SELL 94182.98@6e-05
2025-05-06 16:42:00,948 [ERROR] WebSocket error: 'b'
2025-05-06 16:42:00,948 [INFO] [BTCUSDT] Trade 4877005536 SELL 94182.98@6e-05
2025-05-06 16:42:00,949 [ERROR] WebSocket error: 'b'
2025-05-06 16:42:00,949 [INFO] [BTCUSDT] Trade 4877005537 SELL 94182.98@6e-05
2025-05-06 16:42:00,949 [ERROR] WebSocket error: 'b'
2025-05-06 16:42:00,949 [INFO] [BTCUSDT] Trade 4877005538 SELL 94182.98@6e-05
2025-05-06 16:42:00,949 [ERROR] WebSocket error: 'b'
2025-05-06 16:42:00,949 [INFO] [BTCUSDT] Trade 4877005539 SELL 94182.98@6e-05
2025-05-06 16:42:00,949 [ERROR] WebSocket error: 'b'
2025-05-06 16:42:00,949 [INFO] [BTCUSDT] Trade 4877005540 SELL 94182.98@6e-05
2025-05-06 16:42:00,950 [ERROR] WebSocket error: 'b'
2025-05-06 16:42:00,950 [INFO] [BTCUSDT] Trade 4877005541 SELL 94182.98@6e-05
2025-05-06 16:42:00,950 [ERROR] WebSocket error: 'b'
2025-05-06 16:42:00,950 [INFO] [BTCUSDT] Trade 4877005542 SELL 94182.98@6e-05
2025-05-06 16:42:00,950 [ERROR] WebSocket error: 'b'
2025-05-06 16:42:00,950 [INFO] [BTCUSDT] Trade 4877005543 SELL 94182.98@6e-05
2025-05-06 16:42:00,950 [ERROR] WebSocket error: 'b'
2025-05-06 16:42:00,950 [INFO] [BTCUSDT] Trade 4877005544 SELL 94182.98@6e-05
2025-05-06 16:42:00,950 [ERROR] WebSocket error: 'b'
2025-05-06 16:42:00,951 [INFO] [BTCUSDT] Trade 4877005545 SELL 94182.76@6e-05
2025-05-06 16:42:00,951 [ERROR] WebSocket error: 'b'
2025-05-06 16:42:00,951 [INFO] [BTCUSDT] Trade 4877005546 SELL 94182.75@6e-05
2025-05-06 16:42:00,951 [ERROR] WebSocket error: 'b'
2025-05-06 16:42:00,951 [INFO] [BTCUSDT] Trade 4877005547 SELL 94182.75@6e-05
2025-05-06 16:42:00,951 [ERROR] WebSocket error: 'b'
2025-05-06 16:42:00,951 [INFO] [BTCUSDT] Trade 4877005548 SELL 94182.74@6e-05
2025-05-06 16:42:00,951 [ERROR] WebSocket error: 'b'
2025-05-06 16:42:00,952 [INFO] [BTCUSDT] Trade 4877005549 SELL 94182.73@6e-05
2025-05-06 16:42:00,952 [ERROR] WebSocket error: 'b'
2025-05-06 16:42:00,952 [INFO] [BTCUSDT] Trade 4877005550 SELL 94182.72@6e-05
2025-05-06 16:42:00,952 [ERROR] WebSocket error: 'b'
2025-05-06 16:42:00,952 [INFO] [BTCUSDT] Trade 4877005551 SELL 94182.44@6e-05
2025-05-06 16:42:00,952 [ERROR] WebSocket error: 'b'
2025-05-06 16:42:00,952 [INFO] [BTCUSDT] Trade 4877005552 SELL 94181.19@7e-05
2025-05-06 16:42:00,952 [ERROR] WebSocket error: 'b'
2025-05-06 16:42:00,953 [INFO] [BTCUSDT] Trade 4877005553 SELL 94181.1@0.00044
2025-05-06 16:42:00,953 [ERROR] WebSocket error: 'b'
2025-05-06 16:42:00,953 [INFO] [BTCUSDT] Trade 4877005554 SELL 94180.85@6e-05
2025-05-06 16:42:00,953 [ERROR] WebSocket error: 'b'
2025-05-06 16:42:00,953 [INFO] [BTCUSDT] Trade 4877005555 SELL 94180.84@0.00166
2025-05-06 16:42:00,953 [ERROR] WebSocket error: 'b'
2025-05-06 16:42:00,953 [INFO] [BTCUSDT] Trade 4877005556 SELL 94180.2@0.00106
2025-05-06 16:42:00,953 [ERROR] WebSocket error: 'b'
2025-05-06 16:42:00,954 [INFO] [BTCUSDT] Trade 4877005557 SELL 94180.02@9e-05
2025-05-06 16:42:00,954 [ERROR] WebSocket error: 'b'
2025-05-06 16:42:00,954 [INFO] [BTCUSDT] Trade 4877005558 SELL 94180.02@9e-05
2025-05-06 16:42:00,954 [ERROR] WebSocket error: 'b'
2025-05-06 16:42:00,954 [INFO] [BTCUSDT] Trade 4877005559 SELL 94180.0@6e-05
2025-05-06 16:42:00,954 [ERROR] WebSocket error: 'b'
2025-05-06 16:42:00,954 [INFO] [BTCUSDT] Trade 4877005560 SELL 94178.96@6e-05
2025-05-06 16:42:00,954 [ERROR] WebSocket error: 'b'
2025-05-06 16:42:00,955 [INFO] [BTCUSDT] Trade 4877005561 SELL 94178.38@7e-05
2025-05-06 16:42:00,955 [ERROR] WebSocket error: 'b'
2025-05-06 16:42:00,955 [INFO] [BTCUSDT] Trade 4877005562 SELL 94177.95@6e-05
2025-05-06 16:42:00,955 [ERROR] WebSocket error: 'b'
2025-05-06 16:42:00,955 [INFO] [BTCUSDT] Trade 4877005563 SELL 94177.95@6e-05
2025-05-06 16:42:00,955 [ERROR] WebSocket error: 'b'
2025-05-06 16:42:00,955 [INFO] [BTCUSDT] Trade 4877005564 SELL 94177.95@0.00014
2025-05-06 16:42:00,955 [ERROR] WebSocket error: 'b'
2025-05-06 16:42:00,956 [INFO] [BTCUSDT] Trade 4877005565 SELL 94177.95@0.00014
2025-05-06 16:42:00,956 [ERROR] WebSocket error: 'b'
2025-05-06 16:42:00,956 [INFO] [BTCUSDT] Trade 4877005566 SELL 94177.95@0.00013
2025-05-06 16:42:00,956 [ERROR] WebSocket error: 'b'
2025-05-06 16:42:00,956 [INFO] [BTCUSDT] Trade 4877005567 SELL 94177.95@6e-05
2025-05-06 16:42:00,956 [ERROR] WebSocket error: 'b'
2025-05-06 16:42:00,956 [INFO] [BTCUSDT] Trade 4877005568 SELL 94177.94@0.04
2025-05-06 16:42:00,956 [ERROR] WebSocket error: 'b'
2025-05-06 16:42:00,957 [INFO] [BTCUSDT] Trade 4877005569 SELL 94177.94@6e-05
2025-05-06 16:42:00,957 [ERROR] WebSocket error: 'b'
2025-05-06 16:42:00,957 [INFO] [BTCUSDT] Trade 4877005570 SELL 94177.56@6e-05
2025-05-06 16:42:00,957 [ERROR] WebSocket error: 'b'
2025-05-06 16:42:00,957 [INFO] [BTCUSDT] Trade 4877005571 SELL 94176.01@0.0001
2025-05-06 16:42:00,957 [ERROR] WebSocket error: 'b'
2025-05-06 16:42:00,957 [INFO] [BTCUSDT] Trade 4877005572 SELL 94176.01@0.0001
2025-05-06 16:42:00,957 [ERROR] WebSocket error: 'b'
2025-05-06 16:42:00,957 [INFO] [BTCUSDT] Trade 4877005573 SELL 94176.01@9e-05
2025-05-06 16:42:00,957 [ERROR] WebSocket error: 'b'
2025-05-06 16:42:00,958 [INFO] [BTCUSDT] Trade 4877005574 SELL 94176.01@6e-05
2025-05-06 16:42:00,958 [ERROR] WebSocket error: 'b'
2025-05-06 16:42:00,958 [INFO] [BTCUSDT] Trade 4877005575 SELL 94176.01@6e-05
2025-05-06 16:42:00,958 [ERROR] WebSocket error: 'b'
2025-05-06 16:42:00,958 [INFO] [BTCUSDT] Trade 4877005576 SELL 94176.01@6e-05
2025-05-06 16:42:00,958 [ERROR] WebSocket error: 'b'
2025-05-06 16:42:00,958 [INFO] [BTCUSDT] Trade 4877005577 SELL 94176.0@0.0247
2025-05-06 16:42:00,958 [ERROR] WebSocket error: 'b'
2025-05-06 16:42:00,958 [INFO] [BTCUSDT] Trade 4877005578 SELL 94176.0@6e-05
2025-05-06 16:42:00,958 [ERROR] WebSocket error: 'b'
2025-05-06 16:42:00,959 [INFO] [BTCUSDT] Trade 4877005579 SELL 94175.69@6e-05
2025-05-06 16:42:00,959 [ERROR] WebSocket error: 'b'
2025-05-06 16:42:00,959 [INFO] [BTCUSDT] Trade 4877005580 SELL 94175.69@6e-05
2025-05-06 16:42:00,959 [ERROR] WebSocket error: 'b'
2025-05-06 16:42:00,959 [INFO] [BTCUSDT] Trade 4877005581 SELL 94175.69@6e-05
2025-05-06 16:42:00,959 [ERROR] WebSocket error: 'b'
2025-05-06 16:42:00,961 [INFO] [ETHUSDT] Trade 2381271598 SELL 1797.0@0.0189
2025-05-06 16:42:00,961 [ERROR] WebSocket error: 'b'
2025-05-06 16:42:01,009 [INFO] [BNBUSDT] Bid 598.3700, Ask 598.3800, Spread 0.0100
2025-05-06 16:42:01,170 [INFO] [BTCUSDT] Trade 4877005582 BUY 94175.69@0.00058
2025-05-06 16:42:01,171 [ERROR] WebSocket error: 'b'
2025-05-06 16:42:01,229 [INFO] [BNBUSDT] Trade 1046017911 BUY 598.38@0.362
2025-05-06 16:42:01,230 [ERROR] WebSocket error: 'b'
2025-05-06 16:42:01,500 [INFO] [ETHUSDT] Trade 2381271599 BUY 1797.01@0.0278
2025-05-06 16:42:01,501 [ERROR] WebSocket error: 'b'
2025-05-06 16:42:01,536 [INFO] [ETHUSDT] Trade 2381271600 BUY 1797.01@0.0278
2025-05-06 16:42:01,538 [ERROR] WebSocket error: 'b'
2025-05-06 16:42:01,555 [INFO] [ETHUSDT] Trade 2381271601 BUY 1797.01@0.0278
2025-05-06 16:42:01,556 [ERROR] WebSocket error: 'b'
2025-05-06 16:42:01,558 [INFO] [ETHUSDT] Trade 2381271602 BUY 1797.01@0.0278
2025-05-06 16:42:01,558 [ERROR] WebSocket error: 'b'
2025-05-06 16:42:01,609 [INFO] [BTCUSDT] Trade 4877005583 SELL 94175.68@0.00146
2025-05-06 16:42:01,610 [ERROR] WebSocket error: 'b'
2025-05-06 16:42:01,619 [INFO] [ETHUSDT] Trade 2381271603 BUY 1797.01@0.0278
2025-05-06 16:42:01,619 [ERROR] WebSocket error: 'b'
2025-05-06 16:42:01,883 [INFO] [ETHUSDT] Trade 2381271604 SELL 1797.0@0.0111
2025-05-06 16:42:01,884 [ERROR] WebSocket error: 'b'
2025-05-06 16:42:01,884 [INFO] [ETHUSDT] Trade 2381271605 SELL 1797.0@0.0111
2025-05-06 16:42:01,885 [ERROR] WebSocket error: 'b'
2025-05-06 16:42:01,885 [INFO] [ETHUSDT] Trade 2381271606 SELL 1797.0@0.0111
2025-05-06 16:42:01,885 [ERROR] WebSocket error: 'b'
2025-05-06 16:42:01,886 [INFO] [ETHUSDT] Trade 2381271607 SELL 1797.0@0.0417
2025-05-06 16:42:01,886 [ERROR] WebSocket error: 'b'
2025-05-06 16:42:01,886 [INFO] [ETHUSDT] Trade 2381271608 SELL 1797.0@0.0111
2025-05-06 16:42:01,887 [ERROR] WebSocket error: 'b'
2025-05-06 16:42:01,887 [INFO] [ETHUSDT] Trade 2381271609 SELL 1797.0@0.0417
2025-05-06 16:42:01,888 [ERROR] WebSocket error: 'b'
2025-05-06 16:42:01,890 [INFO] [ETHUSDT] Trade 2381271610 BUY 1797.01@0.0121
2025-05-06 16:42:01,890 [ERROR] WebSocket error: 'b'
2025-05-06 16:42:01,920 [INFO] [BTCUSDT] Bid 94175.6800, Ask 94175.6900, Spread 0.0100
2025-05-06 16:42:01,921 [INFO] [ETHUSDT] Bid 1797.0000, Ask 1797.0100, Spread 0.0100
2025-05-06 16:42:02,013 [INFO] [BNBUSDT] Bid 598.3700, Ask 598.3800, Spread 0.0100
2025-05-06 16:42:02,377 [INFO] [BNBUSDT] Trade 1046017912 BUY 598.38@0.027
2025-05-06 16:42:02,377 [ERROR] WebSocket error: 'b'
2025-05-06 16:42:02,451 [INFO] [BTCUSDT] Trade 4877005584 SELL 94175.68@0.00012
2025-05-06 16:42:02,451 [ERROR] WebSocket error: 'b'
2025-05-06 16:42:02,452 [INFO] [BTCUSDT] Trade 4877005585 SELL 94175.68@6e-05
2025-05-06 16:42:02,452 [ERROR] WebSocket error: 'b'
2025-05-06 16:42:02,453 [INFO] [BTCUSDT] Trade 4877005586 SELL 94175.68@6e-05
2025-05-06 16:42:02,453 [ERROR] WebSocket error: 'b'
2025-05-06 16:42:02,453 [INFO] [BTCUSDT] Trade 4877005587 SELL 94175.68@6e-05
2025-05-06 16:42:02,453 [ERROR] WebSocket error: 'b'
2025-05-06 16:42:02,454 [INFO] [BTCUSDT] Trade 4877005588 SELL 94175.68@3e-05
2025-05-06 16:42:02,454 [ERROR] WebSocket error: 'b'
2025-05-06 16:42:02,576 [INFO] [BTCUSDT] Trade 4877005589 SELL 94175.68@3e-05
2025-05-06 16:42:02,576 [ERROR] WebSocket error: 'b'
2025-05-06 16:42:02,577 [INFO] [BTCUSDT] Trade 4877005590 SELL 94175.68@6e-05
2025-05-06 16:42:02,577 [ERROR] WebSocket error: 'b'
2025-05-06 16:42:02,578 [INFO] [BTCUSDT] Trade 4877005591 SELL 94175.68@6e-05
2025-05-06 16:42:02,578 [ERROR] WebSocket error: 'b'
2025-05-06 16:42:02,578 [INFO] [BTCUSDT] Trade 4877005592 SELL 94175.68@6e-05
2025-05-06 16:42:02,578 [ERROR] WebSocket error: 'b'
2025-05-06 16:42:02,579 [INFO] [BTCUSDT] Trade 4877005593 SELL 94175.68@0.00064
2025-05-06 16:42:02,579 [ERROR] WebSocket error: 'b'
2025-05-06 16:42:05,256 [INFO] [BTCUSDT] Trade 4877005594 SELL 94175.68@0.00041
2025-05-06 16:42:05,257 [ERROR] WebSocket error: 'b'
2025-05-06 16:42:05,258 [INFO] [BNBUSDT] Trade 1046017913 BUY 598.38@0.056
2025-05-06 16:42:05,259 [ERROR] WebSocket error: 'b'
2025-05-06 16:42:05,259 [INFO] [ETHUSDT] Trade 2381271611 BUY 1797.01@0.3249
2025-05-06 16:42:05,260 [ERROR] WebSocket error: 'b'
2025-05-06 16:42:05,261 [INFO] [BTCUSDT] Bid 94175.6800, Ask 94175.6900, Spread 0.0100
2025-05-06 16:42:05,260 [INFO] [BNBUSDT] Trade 1046017914 SELL 598.37@0.005
2025-05-06 16:42:05,262 [INFO] [BNBUSDT] Bid 598.3700, Ask 598.3800, Spread 0.0100
2025-05-06 16:42:05,261 [ERROR] WebSocket error: 'b'
2025-05-06 16:42:05,262 [INFO] [ETHUSDT] Bid 1797.0000, Ask 1797.0100, Spread 0.0100
2025-05-06 16:42:05,263 [INFO] [BNBUSDT] Trade 1046017915 SELL 598.37@0.009
2025-05-06 16:42:05,263 [ERROR] WebSocket error: 'b'
2025-05-06 16:42:05,263 [INFO] [BNBUSDT] Trade 1046017916 SELL 598.37@0.005
2025-05-06 16:42:05,264 [ERROR] WebSocket error: 'b'
2025-05-06 16:42:05,264 [INFO] [ETHUSDT] Trade 2381271612 BUY 1797.01@0.0105
2025-05-06 16:42:05,264 [ERROR] WebSocket error: 'b'
2025-05-06 16:42:05,265 [INFO] [BTCUSDT] Trade 4877005595 SELL 94175.68@0.00092
2025-05-06 16:42:05,266 [ERROR] WebSocket error: 'b'
2025-05-06 16:42:05,266 [INFO] [BTCUSDT] Trade 4877005596 SELL 94175.68@0.00123
2025-05-06 16:42:05,266 [ERROR] WebSocket error: 'b'
2025-05-06 16:42:05,266 [INFO] [ETHUSDT] Trade 2381271613 SELL 1797.0@0.0725
2025-05-06 16:42:05,266 [ERROR] WebSocket error: 'b'
2025-05-06 16:42:05,267 [INFO] [ETHUSDT] Trade 2381271614 SELL 1797.0@0.1057
2025-05-06 16:42:05,267 [ERROR] WebSocket error: 'b'
2025-05-06 16:42:05,267 [INFO] [BNBUSDT] Trade 1046017917 BUY 598.38@0.026
2025-05-06 16:42:05,267 [ERROR] WebSocket error: 'b'
2025-05-06 16:42:05,268 [INFO] [ETHUSDT] Trade 2381271615 BUY 1797.01@0.0937
2025-05-06 16:42:05,268 [ERROR] WebSocket error: 'b'
2025-05-06 16:42:05,419 [INFO] [BTCUSDT] Trade 4877005597 BUY 94175.69@0.00014
2025-05-06 16:42:05,420 [ERROR] WebSocket error: 'b'
2025-05-06 16:42:05,420 [INFO] [BNBUSDT] Trade 1046017918 SELL 598.37@0.004
2025-05-06 16:42:05,420 [ERROR] WebSocket error: 'b'
2025-05-06 16:42:05,421 [INFO] [BNBUSDT] Trade 1046017919 SELL 598.37@0.009
2025-05-06 16:42:05,421 [ERROR] WebSocket error: 'b'
2025-05-06 16:42:05,421 [INFO] [BNBUSDT] Trade 1046017920 SELL 598.37@0.009
2025-05-06 16:42:05,422 [ERROR] WebSocket error: 'b'
2025-05-06 16:42:05,422 [INFO] [BNBUSDT] Trade 1046017921 SELL 598.37@0.121
2025-05-06 16:42:05,422 [ERROR] WebSocket error: 'b'
2025-05-06 16:42:05,422 [INFO] [BNBUSDT] Trade 1046017922 SELL 598.37@0.009
2025-05-06 16:42:05,423 [ERROR] WebSocket error: 'b'
2025-05-06 16:42:05,423 [INFO] [BNBUSDT] Trade 1046017923 SELL 598.37@0.195
2025-05-06 16:42:05,423 [ERROR] WebSocket error: 'b'
2025-05-06 16:42:05,423 [INFO] [BNBUSDT] Trade 1046017924 SELL 598.37@9.02
2025-05-06 16:42:05,423 [ERROR] WebSocket error: 'b'
2025-05-06 16:42:05,423 [INFO] [BNBUSDT] Trade 1046017925 SELL 598.37@0.137
2025-05-06 16:42:05,423 [ERROR] WebSocket error: 'b'
2025-05-06 16:42:05,423 [INFO] [BNBUSDT] Trade 1046017926 SELL 598.37@0.548
2025-05-06 16:42:05,424 [ERROR] WebSocket error: 'b'
2025-05-06 16:42:05,424 [INFO] [BNBUSDT] Trade 1046017927 SELL 598.37@0.009
2025-05-06 16:42:05,424 [ERROR] WebSocket error: 'b'
2025-05-06 16:42:05,424 [INFO] [BNBUSDT] Trade 1046017928 SELL 598.37@8.385
2025-05-06 16:42:05,424 [ERROR] WebSocket error: 'b'
2025-05-06 16:42:05,424 [INFO] [BNBUSDT] Trade 1046017929 SELL 598.37@2.1
2025-05-06 16:42:05,424 [ERROR] WebSocket error: 'b'
2025-05-06 16:42:05,424 [INFO] [BTCUSDT] Trade 4877005598 BUY 94175.69@0.00106
2025-05-06 16:42:05,424 [ERROR] WebSocket error: 'b'
2025-05-06 16:42:05,424 [INFO] [BTCUSDT] Trade 4877005599 BUY 94175.69@0.00106
2025-05-06 16:42:05,424 [ERROR] WebSocket error: 'b'
2025-05-06 16:42:05,424 [INFO] [BTCUSDT] Trade 4877005600 BUY 94175.69@0.00106
2025-05-06 16:42:05,425 [ERROR] WebSocket error: 'b'
2025-05-06 16:42:05,425 [INFO] [BTCUSDT] Trade 4877005601 BUY 94175.69@0.00106
2025-05-06 16:42:05,425 [ERROR] WebSocket error: 'b'
2025-05-06 16:42:05,425 [INFO] [BTCUSDT] Trade 4877005602 BUY 94175.69@0.00106
2025-05-06 16:42:05,425 [ERROR] WebSocket error: 'b'
2025-05-06 16:42:05,425 [INFO] [BNBUSDT] Trade 1046017930 BUY 598.38@0.072
2025-05-06 16:42:05,425 [ERROR] WebSocket error: 'b'
2025-05-06 16:42:05,425 [INFO] [BNBUSDT] Trade 1046017931 BUY 598.38@0.616
2025-05-06 16:42:05,425 [ERROR] WebSocket error: 'b'
2025-05-06 16:42:05,425 [INFO] [BTCUSDT] Trade 4877005603 BUY 94175.69@0.00036
2025-05-06 16:42:05,425 [ERROR] WebSocket error: 'b'
2025-05-06 16:42:05,425 [INFO] [ETHUSDT] Trade 2381271616 SELL 1797.0@0.5648
2025-05-06 16:42:05,426 [ERROR] WebSocket error: 'b'
2025-05-06 16:42:05,426 [INFO] [ETHUSDT] Trade 2381271617 SELL 1797.0@0.8179
2025-05-06 16:42:05,426 [ERROR] WebSocket error: 'b'
2025-05-06 16:42:05,426 [INFO] [ETHUSDT] Trade 2381271618 SELL 1797.0@0.1903
2025-05-06 16:42:05,426 [ERROR] WebSocket error: 'b'
2025-05-06 16:42:05,426 [INFO] [ETHUSDT] Trade 2381271619 SELL 1797.0@0.0149
2025-05-06 16:42:05,426 [ERROR] WebSocket error: 'b'
2025-05-06 16:42:05,426 [INFO] [ETHUSDT] Trade 2381271620 SELL 1797.0@0.01
2025-05-06 16:42:05,426 [ERROR] WebSocket error: 'b'
2025-05-06 16:42:05,426 [INFO] [ETHUSDT] Trade 2381271621 SELL 1797.0@0.0029
2025-05-06 16:42:05,426 [ERROR] WebSocket error: 'b'
2025-05-06 16:42:05,426 [INFO] [ETHUSDT] Trade 2381271622 SELL 1797.0@0.3992
2025-05-06 16:42:05,426 [ERROR] WebSocket error: 'b'
2025-05-06 16:42:05,427 [INFO] [BNBUSDT] Trade 1046017932 BUY 598.38@0.22
2025-05-06 16:42:05,427 [ERROR] WebSocket error: 'b'
2025-05-06 16:42:05,427 [INFO] [BTCUSDT] Trade 4877005604 BUY 94175.69@0.00067
2025-05-06 16:42:05,427 [ERROR] WebSocket error: 'b'
2025-05-06 16:42:05,427 [INFO] [BTCUSDT] Trade 4877005605 SELL 94175.68@0.00031
2025-05-06 16:42:05,427 [ERROR] WebSocket error: 'b'
2025-05-06 16:42:05,437 [INFO] [BTCUSDT] Bid 94175.6800, Ask 94175.6900, Spread 0.0100
2025-05-06 16:42:05,443 [INFO] [ETHUSDT] Bid 1797.0000, Ask 1797.0100, Spread 0.0100
2025-05-06 16:42:05,444 [INFO] [BTCUSDT] Bid 94175.6800, Ask 94175.6900, Spread 0.0100
2025-05-06 16:42:05,448 [INFO] [ETHUSDT] Bid 1797.0000, Ask 1797.0100, Spread 0.0100
2025-05-06 16:42:05,448 [INFO] [ETHUSDT] Trade 2381271623 BUY 1797.01@0.0278
2025-05-06 16:42:05,448 [ERROR] WebSocket error: 'b'
2025-05-06 16:42:05,457 [INFO] [BNBUSDT] Bid 598.3700, Ask 598.3800, Spread 0.0100
2025-05-06 16:42:05,463 [INFO] [BNBUSDT] Bid 598.3700, Ask 598.3800, Spread 0.0100
2025-05-06 16:42:05,491 [INFO] [ETHUSDT] Trade 2381271624 BUY 1797.01@0.0278
2025-05-06 16:42:05,491 [ERROR] WebSocket error: 'b'
2025-05-06 16:42:05,586 [INFO] [ETHUSDT] Trade 2381271625 BUY 1797.01@0.0278
2025-05-06 16:42:05,586 [ERROR] WebSocket error: 'b'
2025-05-06 16:42:05,590 [INFO] [ETHUSDT] Trade 2381271626 BUY 1797.01@0.0278
2025-05-06 16:42:05,591 [ERROR] WebSocket error: 'b'
2025-05-06 16:42:05,599 [INFO] [ETHUSDT] Trade 2381271627 BUY 1797.01@0.0278
2025-05-06 16:42:05,600 [ERROR] WebSocket error: 'b'
2025-05-06 16:42:06,178 [INFO] [BTCUSDT] Bid 94175.6800, Ask 94175.6900, Spread 0.0100
2025-05-06 16:42:06,180 [INFO] [ETHUSDT] Bid 1797.0000, Ask 1797.0100, Spread 0.0100
2025-05-06 16:42:06,183 [INFO] [BNBUSDT] Bid 598.3700, Ask 598.3800, Spread 0.0100
2025-05-06 16:42:06,313 [INFO] [BNBUSDT] Trade 1046017933 BUY 598.38@0.772
2025-05-06 16:42:06,314 [ERROR] WebSocket error: 'b'
2025-05-06 16:42:06,315 [INFO] [BNBUSDT] Trade 1046017934 BUY 598.38@0.009
2025-05-06 16:42:06,316 [ERROR] WebSocket error: 'b'
2025-05-06 16:42:06,316 [INFO] [BNBUSDT] Trade 1046017935 BUY 598.38@0.009
2025-05-06 16:42:06,316 [ERROR] WebSocket error: 'b'
2025-05-06 16:42:06,317 [INFO] [BNBUSDT] Trade 1046017936 BUY 598.38@0.009
2025-05-06 16:42:06,318 [ERROR] WebSocket error: 'b'
2025-05-06 16:42:06,318 [INFO] [BNBUSDT] Trade 1046017937 BUY 598.38@0.009
2025-05-06 16:42:06,318 [ERROR] WebSocket error: 'b'
2025-05-06 16:42:06,318 [INFO] [BNBUSDT] Trade 1046017938 BUY 598.38@0.009
2025-05-06 16:42:06,318 [ERROR] WebSocket error: 'b'
2025-05-06 16:42:06,319 [INFO] [BNBUSDT] Trade 1046017939 BUY 598.38@0.009
2025-05-06 16:42:06,319 [ERROR] WebSocket error: 'b'
2025-05-06 16:42:06,319 [INFO] [BNBUSDT] Trade 1046017940 BUY 598.38@0.119
2025-05-06 16:42:06,319 [ERROR] WebSocket error: 'b'
2025-05-06 16:42:06,319 [INFO] [BNBUSDT] Trade 1046017941 BUY 598.38@0.09
2025-05-06 16:42:06,319 [ERROR] WebSocket error: 'b'
2025-05-06 16:42:06,320 [INFO] [BNBUSDT] Trade 1046017942 BUY 598.38@0.333
2025-05-06 16:42:06,320 [ERROR] WebSocket error: 'b'
2025-05-06 16:42:06,320 [INFO] [BNBUSDT] Trade 1046017943 BUY 598.38@3.0
2025-05-06 16:42:06,320 [ERROR] WebSocket error: 'b'
2025-05-06 16:42:06,320 [INFO] [BNBUSDT] Trade 1046017944 BUY 598.38@3.987
2025-05-06 16:42:06,320 [ERROR] WebSocket error: 'b'
2025-05-06 16:42:06,861 [INFO] [ETHUSDT] Trade 2381271628 BUY 1797.01@0.1904
2025-05-06 16:42:06,862 [ERROR] WebSocket error: 'b'
2025-05-06 16:42:06,863 [INFO] [ETHUSDT] Trade 2381271629 BUY 1797.01@0.005
2025-05-06 16:42:06,863 [ERROR] WebSocket error: 'b'
2025-05-06 16:42:06,863 [INFO] [ETHUSDT] Trade 2381271630 BUY 1797.01@0.0029
2025-05-06 16:42:06,864 [ERROR] WebSocket error: 'b'
2025-05-06 16:42:06,864 [INFO] [ETHUSDT] Trade 2381271631 BUY 1797.01@0.0017
2025-05-06 16:42:06,864 [ERROR] WebSocket error: 'b'
2025-05-06 16:42:06,917 [INFO] [BTCUSDT] Bid 94175.6800, Ask 94175.6900, Spread 0.0100
2025-05-06 16:42:06,921 [INFO] [ETHUSDT] Bid 1797.0000, Ask 1797.0100, Spread 0.0100
2025-05-06 16:42:06,953 [INFO] [BNBUSDT] Trade 1046017945 BUY 598.38@0.016
2025-05-06 16:42:06,954 [ERROR] WebSocket error: 'b'
2025-05-06 16:42:07,010 [INFO] [BNBUSDT] Bid 598.3700, Ask 598.3800, Spread 0.0100
2025-05-06 16:42:07,021 [INFO] [BNBUSDT] Trade 1046017946 BUY 598.38@1.841
2025-05-06 16:42:07,021 [ERROR] WebSocket error: 'b'
2025-05-06 16:42:07,021 [INFO] [BNBUSDT] Trade 1046017947 BUY 598.38@1.059
2025-05-06 16:42:07,021 [ERROR] WebSocket error: 'b'
2025-05-06 16:42:07,162 [INFO] [BTCUSDT] Trade 4877005606 BUY 94175.69@0.02166
2025-05-06 16:42:07,163 [ERROR] WebSocket error: 'b'
2025-05-06 16:42:07,207 [INFO] [ETHUSDT] Trade 2381271632 BUY 1797.01@0.008
2025-05-06 16:42:07,208 [ERROR] WebSocket error: 'b'
2025-05-06 16:42:07,230 [INFO] [BNBUSDT] Trade 1046017948 BUY 598.38@1.947
2025-05-06 16:42:07,231 [ERROR] WebSocket error: 'b'
2025-05-06 16:42:07,231 [INFO] [BNBUSDT] Trade 1046017949 BUY 598.38@0.501
2025-05-06 16:42:07,232 [ERROR] WebSocket error: 'b'
2025-05-06 16:42:07,232 [INFO] [BNBUSDT] Trade 1046017950 BUY 598.38@0.557
2025-05-06 16:42:07,232 [ERROR] WebSocket error: 'b'
2025-05-06 16:42:07,364 [INFO] [BNBUSDT] Trade 1046017951 SELL 598.37@0.026
2025-05-06 16:42:07,364 [ERROR] WebSocket error: 'b'
2025-05-06 16:42:07,921 [INFO] [BTCUSDT] Bid 94175.6800, Ask 94175.6900, Spread 0.0100
2025-05-06 16:42:07,921 [INFO] [ETHUSDT] Bid 1797.0000, Ask 1797.0100, Spread 0.0100
2025-05-06 16:42:08,090 [INFO] [BNBUSDT] Bid 598.3700, Ask 598.3800, Spread 0.0100
2025-05-06 16:42:08,091 [INFO] [ETHUSDT] Trade 2381271633 BUY 1797.01@0.0514
2025-05-06 16:42:08,091 [ERROR] WebSocket error: 'b'
2025-05-06 16:42:08,095 [INFO] [ETHUSDT] Trade 2381271634 BUY 1797.01@0.0149
2025-05-06 16:42:08,096 [ERROR] WebSocket error: 'b'
2025-05-06 16:42:08,096 [INFO] [ETHUSDT] Trade 2381271635 BUY 1797.01@0.0033
2025-05-06 16:42:08,097 [ERROR] WebSocket error: 'b'
2025-05-06 16:42:08,097 [INFO] [ETHUSDT] Trade 2381271636 BUY 1797.01@0.006
2025-05-06 16:42:08,097 [ERROR] WebSocket error: 'b'
2025-05-06 16:42:08,097 [INFO] [ETHUSDT] Trade 2381271637 BUY 1797.01@0.006
2025-05-06 16:42:08,097 [ERROR] WebSocket error: 'b'
2025-05-06 16:42:08,098 [INFO] [ETHUSDT] Trade 2381271638 BUY 1797.01@0.1638
2025-05-06 16:42:08,098 [ERROR] WebSocket error: 'b'
2025-05-06 16:42:08,098 [INFO] [ETHUSDT] Trade 2381271639 BUY 1797.01@0.0028
2025-05-06 16:42:08,098 [ERROR] WebSocket error: 'b'
2025-05-06 16:42:08,099 [INFO] [ETHUSDT] Trade 2381271640 BUY 1797.01@0.006
2025-05-06 16:42:08,099 [ERROR] WebSocket error: 'b'
2025-05-06 16:42:08,099 [INFO] [ETHUSDT] Trade 2381271641 BUY 1797.01@0.006
2025-05-06 16:42:08,099 [ERROR] WebSocket error: 'b'
2025-05-06 16:42:08,099 [INFO] [ETHUSDT] Trade 2381271642 BUY 1797.01@0.006
2025-05-06 16:42:08,100 [ERROR] WebSocket error: 'b'
2025-05-06 16:42:08,101 [INFO] [ETHUSDT] Trade 2381271643 BUY 1797.01@0.006
2025-05-06 16:42:08,101 [ERROR] WebSocket error: 'b'
2025-05-06 16:42:08,101 [INFO] [ETHUSDT] Trade 2381271644 BUY 1797.01@0.1564
2025-05-06 16:42:08,101 [ERROR] WebSocket error: 'b'
2025-05-06 16:42:08,101 [INFO] [ETHUSDT] Trade 2381271645 BUY 1797.01@0.006
2025-05-06 16:42:08,102 [ERROR] WebSocket error: 'b'
2025-05-06 16:42:08,102 [INFO] [ETHUSDT] Trade 2381271646 BUY 1797.01@0.006
2025-05-06 16:42:08,102 [ERROR] WebSocket error: 'b'
2025-05-06 16:42:08,102 [INFO] [ETHUSDT] Trade 2381271647 BUY 1797.01@1.1604
2025-05-06 16:42:08,102 [ERROR] WebSocket error: 'b'
2025-05-06 16:42:08,102 [INFO] [ETHUSDT] Trade 2381271648 BUY 1797.01@0.0029
2025-05-06 16:42:08,102 [ERROR] WebSocket error: 'b'
2025-05-06 16:42:08,103 [INFO] [ETHUSDT] Trade 2381271649 BUY 1797.01@0.005
2025-05-06 16:42:08,103 [ERROR] WebSocket error: 'b'
2025-05-06 16:42:08,103 [INFO] [ETHUSDT] Trade 2381271650 BUY 1797.01@0.0029
2025-05-06 16:42:08,104 [ERROR] WebSocket error: 'b'
2025-05-06 16:42:08,104 [INFO] [ETHUSDT] Trade 2381271651 BUY 1797.01@0.0028
2025-05-06 16:42:08,104 [ERROR] WebSocket error: 'b'
2025-05-06 16:42:08,104 [INFO] [ETHUSDT] Trade 2381271652 BUY 1797.01@0.422
2025-05-06 16:42:08,104 [ERROR] WebSocket error: 'b'
2025-05-06 16:42:08,104 [INFO] [ETHUSDT] Trade 2381271653 BUY 1797.01@0.0029
2025-05-06 16:42:08,104 [ERROR] WebSocket error: 'b'
2025-05-06 16:42:08,105 [INFO] [ETHUSDT] Trade 2381271654 BUY 1797.01@0.0028
2025-05-06 16:42:08,105 [ERROR] WebSocket error: 'b'
2025-05-06 16:42:08,105 [INFO] [ETHUSDT] Trade 2381271655 BUY 1797.01@0.0028
2025-05-06 16:42:08,105 [ERROR] WebSocket error: 'b'
2025-05-06 16:42:08,108 [INFO] [ETHUSDT] Trade 2381271656 BUY 1797.02@0.0029
2025-05-06 16:42:08,108 [ERROR] WebSocket error: 'b'
2025-05-06 16:42:08,109 [INFO] [ETHUSDT] Trade 2381271657 BUY 1797.02@0.0029
2025-05-06 16:42:08,109 [ERROR] WebSocket error: 'b'
2025-05-06 16:42:08,109 [INFO] [ETHUSDT] Trade 2381271658 BUY 1797.02@0.0028
2025-05-06 16:42:08,109 [ERROR] WebSocket error: 'b'
2025-05-06 16:42:08,109 [INFO] [ETHUSDT] Trade 2381271659 BUY 1797.02@0.0029
2025-05-06 16:42:08,109 [ERROR] WebSocket error: 'b'
2025-05-06 16:42:08,109 [INFO] [ETHUSDT] Trade 2381271660 BUY 1797.02@0.0029
2025-05-06 16:42:08,110 [ERROR] WebSocket error: 'b'
2025-05-06 16:42:08,110 [INFO] [ETHUSDT] Trade 2381271661 BUY 1797.02@0.0029
2025-05-06 16:42:08,110 [ERROR] WebSocket error: 'b'
2025-05-06 16:42:08,110 [INFO] [ETHUSDT] Trade 2381271662 BUY 1797.02@0.035
2025-05-06 16:42:08,110 [ERROR] WebSocket error: 'b'
2025-05-06 16:42:08,110 [INFO] [ETHUSDT] Trade 2381271663 BUY 1797.02@0.006
2025-05-06 16:42:08,110 [ERROR] WebSocket error: 'b'
2025-05-06 16:42:08,111 [INFO] [ETHUSDT] Trade 2381271664 BUY 1797.02@0.0028
2025-05-06 16:42:08,111 [ERROR] WebSocket error: 'b'
2025-05-06 16:42:08,111 [INFO] [ETHUSDT] Trade 2381271665 BUY 1797.03@0.1389
2025-05-06 16:42:08,111 [ERROR] WebSocket error: 'b'
2025-05-06 16:42:08,111 [INFO] [ETHUSDT] Trade 2381271666 BUY 1797.03@0.0033
2025-05-06 16:42:08,111 [ERROR] WebSocket error: 'b'
2025-05-06 16:42:08,111 [INFO] [ETHUSDT] Trade 2381271667 BUY 1797.03@0.0029
2025-05-06 16:42:08,112 [ERROR] WebSocket error: 'b'
2025-05-06 16:42:08,112 [INFO] [ETHUSDT] Trade 2381271668 BUY 1797.03@0.0029
2025-05-06 16:42:08,112 [ERROR] WebSocket error: 'b'
2025-05-06 16:42:08,112 [INFO] [ETHUSDT] Trade 2381271669 BUY 1797.03@0.0029
2025-05-06 16:42:08,112 [ERROR] WebSocket error: 'b'
2025-05-06 16:42:08,112 [INFO] [ETHUSDT] Trade 2381271670 BUY 1797.03@0.0029
2025-05-06 16:42:08,112 [ERROR] WebSocket error: 'b'
2025-05-06 16:42:08,113 [INFO] [ETHUSDT] Trade 2381271671 BUY 1797.04@0.0029
2025-05-06 16:42:08,113 [ERROR] WebSocket error: 'b'
2025-05-06 16:42:08,113 [INFO] [ETHUSDT] Trade 2381271672 BUY 1797.04@0.0033
2025-05-06 16:42:08,113 [ERROR] WebSocket error: 'b'
2025-05-06 16:42:08,113 [INFO] [ETHUSDT] Trade 2381271673 BUY 1797.07@0.0033
2025-05-06 16:42:08,113 [ERROR] WebSocket error: 'b'
2025-05-06 16:42:08,113 [INFO] [ETHUSDT] Trade 2381271674 BUY 1797.09@0.0033
2025-05-06 16:42:08,114 [ERROR] WebSocket error: 'b'
2025-05-06 16:42:08,114 [INFO] [ETHUSDT] Trade 2381271675 BUY 1797.09@0.0504
2025-05-06 16:42:08,114 [ERROR] WebSocket error: 'b'
2025-05-06 16:42:08,114 [INFO] [ETHUSDT] Trade 2381271676 BUY 1797.1@0.0127
2025-05-06 16:42:08,114 [ERROR] WebSocket error: 'b'
2025-05-06 16:42:08,114 [INFO] [ETHUSDT] Trade 2381271677 BUY 1797.1@0.0073
2025-05-06 16:42:08,114 [ERROR] WebSocket error: 'b'
2025-05-06 16:42:08,115 [INFO] [ETHUSDT] Trade 2381271678 BUY 1797.1@0.02
2025-05-06 16:42:08,115 [ERROR] WebSocket error: 'b'
2025-05-06 16:42:08,115 [INFO] [BTCUSDT] Trade 4877005607 SELL 94175.68@0.00145
2025-05-06 16:42:08,115 [ERROR] WebSocket error: 'b'
2025-05-06 16:42:08,115 [INFO] [BTCUSDT] Trade 4877005608 BUY 94175.69@0.00106
2025-05-06 16:42:08,115 [ERROR] WebSocket error: 'b'
2025-05-06 16:42:08,166 [INFO] [BTCUSDT] Trade 4877005609 SELL 94175.68@0.00049
2025-05-06 16:42:08,167 [ERROR] WebSocket error: 'b'
2025-05-06 16:42:08,196 [INFO] [ETHUSDT] Trade 2381271679 BUY 1797.1@0.0278
2025-05-06 16:42:08,197 [ERROR] WebSocket error: 'b'
2025-05-06 16:42:08,207 [INFO] [ETHUSDT] Trade 2381271680 BUY 1797.1@0.0278
2025-05-06 16:42:08,207 [ERROR] WebSocket error: 'b'
2025-05-06 16:42:08,222 [INFO] [BTCUSDT] Trade 4877005610 SELL 94175.68@0.00021
2025-05-06 16:42:08,222 [ERROR] WebSocket error: 'b'
2025-05-06 16:42:08,227 [INFO] [BTCUSDT] Trade 4877005611 BUY 94175.69@0.00106
2025-05-06 16:42:08,227 [ERROR] WebSocket error: 'b'
2025-05-06 16:42:08,405 [INFO] [ETHUSDT] Trade 2381271681 BUY 1797.1@0.0278
2025-05-06 16:42:08,407 [ERROR] WebSocket error: 'b'
2025-05-06 16:42:08,858 [INFO] [BNBUSDT] Trade 1046017952 BUY 598.38@0.026
2025-05-06 16:42:08,859 [ERROR] WebSocket error: 'b'
2025-05-06 16:42:08,917 [INFO] [BTCUSDT] Bid 94175.6800, Ask 94175.6900, Spread 0.0100
2025-05-06 16:42:08,921 [INFO] [ETHUSDT] Bid 1797.0900, Ask 1797.1000, Spread 0.0100
2025-05-06 16:42:09,004 [INFO] [ETHUSDT] Trade 2381271682 BUY 1797.1@0.0552
2025-05-06 16:42:09,004 [ERROR] WebSocket error: 'b'
2025-05-06 16:42:09,013 [INFO] [BNBUSDT] Bid 598.3700, Ask 598.3800, Spread 0.0100
2025-05-06 16:42:09,557 [INFO] [BTCUSDT] Trade 4877005612 BUY 94175.69@0.00024
2025-05-06 16:42:09,558 [ERROR] WebSocket error: 'b'
2025-05-06 16:42:09,558 [INFO] [ETHUSDT] Trade 2381271683 BUY 1797.1@0.6784
2025-05-06 16:42:09,559 [ERROR] WebSocket error: 'b'
2025-05-06 16:42:09,560 [INFO] [ETHUSDT] Trade 2381271684 BUY 1797.1@0.0028
2025-05-06 16:42:09,560 [ERROR] WebSocket error: 'b'
2025-05-06 16:42:09,560 [INFO] [ETHUSDT] Trade 2381271685 BUY 1797.1@0.006
2025-05-06 16:42:09,560 [ERROR] WebSocket error: 'b'
2025-05-06 16:42:09,560 [INFO] [ETHUSDT] Trade 2381271686 BUY 1797.1@0.0029
2025-05-06 16:42:09,560 [ERROR] WebSocket error: 'b'
2025-05-06 16:42:09,561 [INFO] [ETHUSDT] Trade 2381271687 BUY 1797.1@0.0033
2025-05-06 16:42:09,561 [ERROR] WebSocket error: 'b'
2025-05-06 16:42:09,561 [INFO] [ETHUSDT] Trade 2381271688 BUY 1797.1@0.0128
2025-05-06 16:42:09,561 [ERROR] WebSocket error: 'b'
2025-05-06 16:42:09,562 [INFO] [ETHUSDT] Trade 2381271689 BUY 1797.1@0.0278
2025-05-06 16:42:09,562 [ERROR] WebSocket error: 'b'
2025-05-06 16:42:09,685 [INFO] [BTCUSDT] Trade 4877005613 BUY 94175.69@0.00684
2025-05-06 16:42:09,685 [ERROR] WebSocket error: 'b'
2025-05-06 16:42:09,879 [INFO] [BTCUSDT] Trade 4877005614 BUY 94175.69@0.00106
2025-05-06 16:42:09,879 [ERROR] WebSocket error: 'b'
2025-05-06 16:42:09,889 [INFO] [BNBUSDT] Trade 1046017953 BUY 598.38@0.01
2025-05-06 16:42:09,889 [ERROR] WebSocket error: 'b'
2025-05-06 16:42:09,916 [INFO] [BTCUSDT] Bid 94175.6800, Ask 94175.6900, Spread 0.0100
2025-05-06 16:42:09,921 [INFO] [ETHUSDT] Bid 1797.0900, Ask 1797.1000, Spread 0.0100
2025-05-06 16:42:10,009 [INFO] [BNBUSDT] Bid 598.3700, Ask 598.3800, Spread 0.0100
2025-05-06 16:42:10,106 [INFO] [ETHUSDT] Trade 2381271690 BUY 1797.1@0.0097
2025-05-06 16:42:10,107 [ERROR] WebSocket error: 'b'
2025-05-06 16:42:10,108 [INFO] [ETHUSDT] Trade 2381271691 BUY 1797.1@0.0338
2025-05-06 16:42:10,108 [ERROR] WebSocket error: 'b'
2025-05-06 16:42:10,109 [INFO] [ETHUSDT] Trade 2381271692 BUY 1797.1@0.005
2025-05-06 16:42:10,109 [ERROR] WebSocket error: 'b'
2025-05-06 16:42:10,109 [INFO] [ETHUSDT] Trade 2381271693 BUY 1797.1@0.0149
2025-05-06 16:42:10,109 [ERROR] WebSocket error: 'b'
2025-05-06 16:42:10,110 [INFO] [ETHUSDT] Trade 2381271694 BUY 1797.1@0.0034
2025-05-06 16:42:10,110 [ERROR] WebSocket error: 'b'
2025-05-06 16:42:11,400 [INFO] [ETHUSDT] Bid 1797.1900, Ask 1797.2000, Spread 0.0100
2025-05-06 16:42:11,401 [INFO] [BTCUSDT] Bid 94175.6800, Ask 94175.6900, Spread 0.0100
2025-05-06 16:42:11,401 [INFO] [BNBUSDT] Bid 598.3700, Ask 598.3800, Spread 0.0100
2025-05-06 16:42:11,403 [INFO] [ETHUSDT] Trade 2381271695 BUY 1797.1@0.0473
2025-05-06 16:42:11,403 [ERROR] WebSocket error: 'b'
2025-05-06 16:42:11,404 [INFO] [ETHUSDT] Trade 2381271696 BUY 1797.1@0.3349
2025-05-06 16:42:11,405 [ERROR] WebSocket error: 'b'
2025-05-06 16:42:11,405 [INFO] [ETHUSDT] Trade 2381271697 BUY 1797.1@0.0029
2025-05-06 16:42:11,405 [ERROR] WebSocket error: 'b'
2025-05-06 16:42:11,405 [INFO] [ETHUSDT] Trade 2381271698 BUY 1797.1@0.006
2025-05-06 16:42:11,406 [ERROR] WebSocket error: 'b'
2025-05-06 16:42:11,406 [INFO] [ETHUSDT] Trade 2381271699 BUY 1797.1@0.006
2025-05-06 16:42:11,407 [ERROR] WebSocket error: 'b'
2025-05-06 16:42:11,407 [INFO] [ETHUSDT] Trade 2381271700 BUY 1797.1@0.0033
2025-05-06 16:42:11,407 [ERROR] WebSocket error: 'b'
2025-05-06 16:42:11,407 [INFO] [ETHUSDT] Trade 2381271701 BUY 1797.1@0.006
2025-05-06 16:42:11,407 [ERROR] WebSocket error: 'b'
2025-05-06 16:42:11,408 [INFO] [ETHUSDT] Trade 2381271702 BUY 1797.1@0.006
2025-05-06 16:42:11,408 [ERROR] WebSocket error: 'b'
2025-05-06 16:42:11,408 [INFO] [ETHUSDT] Trade 2381271703 BUY 1797.1@0.0029
2025-05-06 16:42:11,408 [ERROR] WebSocket error: 'b'
2025-05-06 16:42:11,409 [INFO] [ETHUSDT] Trade 2381271704 BUY 1797.1@0.006
2025-05-06 16:42:11,409 [ERROR] WebSocket error: 'b'
2025-05-06 16:42:11,409 [INFO] [ETHUSDT] Trade 2381271705 BUY 1797.1@0.0028
2025-05-06 16:42:11,409 [ERROR] WebSocket error: 'b'
2025-05-06 16:42:11,409 [INFO] [ETHUSDT] Trade 2381271706 BUY 1797.1@0.0029
2025-05-06 16:42:11,409 [ERROR] WebSocket error: 'b'
2025-05-06 16:42:11,410 [INFO] [ETHUSDT] Trade 2381271707 BUY 1797.1@0.0438
2025-05-06 16:42:11,410 [ERROR] WebSocket error: 'b'
2025-05-06 16:42:11,410 [INFO] [ETHUSDT] Trade 2381271708 BUY 1797.1@0.0028
2025-05-06 16:42:11,410 [ERROR] WebSocket error: 'b'
2025-05-06 16:42:11,410 [INFO] [ETHUSDT] Trade 2381271709 BUY 1797.11@0.0029
2025-05-06 16:42:11,411 [ERROR] WebSocket error: 'b'
2025-05-06 16:42:11,411 [INFO] [ETHUSDT] Trade 2381271710 BUY 1797.11@0.0029
2025-05-06 16:42:11,411 [ERROR] WebSocket error: 'b'
2025-05-06 16:42:11,411 [INFO] [ETHUSDT] Trade 2381271711 BUY 1797.11@0.0029
2025-05-06 16:42:11,411 [ERROR] WebSocket error: 'b'
2025-05-06 16:42:11,411 [INFO] [ETHUSDT] Trade 2381271712 BUY 1797.12@0.0033
2025-05-06 16:42:11,412 [ERROR] WebSocket error: 'b'
2025-05-06 16:42:11,412 [INFO] [ETHUSDT] Trade 2381271713 BUY 1797.14@0.0033
2025-05-06 16:42:11,412 [ERROR] WebSocket error: 'b'
2025-05-06 16:42:11,412 [INFO] [ETHUSDT] Trade 2381271714 BUY 1797.17@0.0505
2025-05-06 16:42:11,412 [ERROR] WebSocket error: 'b'
2025-05-06 16:42:11,412 [INFO] [ETHUSDT] Trade 2381271715 BUY 1797.17@0.0029
2025-05-06 16:42:11,412 [ERROR] WebSocket error: 'b'
2025-05-06 16:42:11,413 [INFO] [ETHUSDT] Trade 2381271716 BUY 1797.18@0.0282
2025-05-06 16:42:11,413 [ERROR] WebSocket error: 'b'
2025-05-06 16:42:11,413 [INFO] [ETHUSDT] Trade 2381271717 BUY 1797.19@0.012
2025-05-06 16:42:11,413 [ERROR] WebSocket error: 'b'
2025-05-06 16:42:11,414 [INFO] [ETHUSDT] Trade 2381271718 BUY 1797.19@0.0156
2025-05-06 16:42:11,414 [ERROR] WebSocket error: 'b'
2025-05-06 16:42:11,414 [INFO] [BTCUSDT] Trade 4877005615 SELL 94175.68@0.001
2025-05-06 16:42:11,414 [ERROR] WebSocket error: 'b'
2025-05-06 16:42:11,414 [INFO] [BTCUSDT] Trade 4877005616 SELL 94175.68@0.00144
2025-05-06 16:42:11,414 [ERROR] WebSocket error: 'b'
2025-05-06 16:42:11,415 [INFO] [BNBUSDT] Trade 1046017954 SELL 598.37@0.026
2025-05-06 16:42:11,420 [ERROR] WebSocket error: 'b'
2025-05-06 16:42:11,421 [INFO] [BTCUSDT] Trade 4877005617 SELL 94175.68@0.0017
2025-05-06 16:42:11,421 [ERROR] WebSocket error: 'b'
2025-05-06 16:42:11,421 [INFO] [ETHUSDT] Trade 2381271719 BUY 1797.2@0.0278
2025-05-06 16:42:11,421 [ERROR] WebSocket error: 'b'
2025-05-06 16:42:11,421 [INFO] [BTCUSDT] Trade 4877005618 BUY 94175.69@0.00106
2025-05-06 16:42:11,421 [ERROR] WebSocket error: 'b'
2025-05-06 16:42:11,421 [INFO] [ETHUSDT] Trade 2381271720 BUY 1797.2@0.0278
2025-05-06 16:42:11,422 [ERROR] WebSocket error: 'b'
2025-05-06 16:42:11,422 [INFO] [ETHUSDT] Trade 2381271721 BUY 1797.2@0.0278
2025-05-06 16:42:11,422 [ERROR] WebSocket error: 'b'
2025-05-06 16:42:11,422 [INFO] [BTCUSDT] Trade 4877005619 BUY 94175.69@0.00106
2025-05-06 16:42:11,422 [ERROR] WebSocket error: 'b'
2025-05-06 16:42:11,422 [INFO] [BTCUSDT] Trade 4877005620 BUY 94175.69@0.00106
2025-05-06 16:42:11,422 [ERROR] WebSocket error: 'b'
2025-05-06 16:42:11,423 [INFO] [ETHUSDT] Trade 2381271722 BUY 1797.2@0.1669
2025-05-06 16:42:11,423 [ERROR] WebSocket error: 'b'
2025-05-06 16:42:11,423 [INFO] [ETHUSDT] Trade 2381271723 SELL 1797.19@0.0511
2025-05-06 16:42:11,423 [ERROR] WebSocket error: 'b'
2025-05-06 16:42:11,423 [INFO] [BTCUSDT] Trade 4877005621 BUY 94175.69@0.01062
2025-05-06 16:42:11,423 [ERROR] WebSocket error: 'b'
2025-05-06 16:42:11,424 [INFO] [BTCUSDT] Trade 4877005622 BUY 94175.69@0.00075
2025-05-06 16:42:11,424 [ERROR] WebSocket error: 'b'
2025-05-06 16:42:11,481 [INFO] [BTCUSDT] Trade 4877005623 SELL 94175.68@0.00903
2025-05-06 16:42:11,482 [ERROR] WebSocket error: 'b'
2025-05-06 16:42:11,641 [INFO] [BTCUSDT] Trade 4877005624 BUY 94175.69@0.00106
2025-05-06 16:42:11,641 [ERROR] WebSocket error: 'b'
2025-05-06 16:42:11,817 [INFO] [BNBUSDT] Trade 1046017955 BUY 598.38@0.319
2025-05-06 16:42:11,818 [ERROR] WebSocket error: 'b'
2025-05-06 16:42:11,911 [INFO] [ETHUSDT] Trade 2381271724 BUY 1797.2@0.0278
2025-05-06 16:42:11,912 [ERROR] WebSocket error: 'b'
2025-05-06 16:42:11,916 [INFO] [BTCUSDT] Bid 94175.6800, Ask 94175.6900, Spread 0.0100
2025-05-06 16:42:11,921 [INFO] [ETHUSDT] Bid 1797.1900, Ask 1797.2000, Spread 0.0100
2025-05-06 16:42:12,009 [INFO] [BNBUSDT] Bid 598.3700, Ask 598.3800, Spread 0.0100
2025-05-06 16:42:12,038 [INFO] [ETHUSDT] Trade 2381271725 BUY 1797.2@0.0278
2025-05-06 16:42:12,038 [ERROR] WebSocket error: 'b'
2025-05-06 16:42:12,055 [INFO] [BTCUSDT] Trade 4877005625 SELL 94175.68@0.06394
2025-05-06 16:42:12,055 [ERROR] WebSocket error: 'b'
2025-05-06 16:42:12,057 [INFO] [ETHUSDT] Trade 2381271726 BUY 1797.2@0.0278
2025-05-06 16:42:12,057 [ERROR] WebSocket error: 'b'
2025-05-06 16:42:12,126 [INFO] [BTCUSDT] Trade 4877005626 SELL 94175.68@0.00013
2025-05-06 16:42:12,126 [ERROR] WebSocket error: 'b'
2025-05-06 16:42:12,137 [INFO] [BNBUSDT] Trade 1046017956 BUY 598.38@0.026
2025-05-06 16:42:12,138 [ERROR] WebSocket error: 'b'
2025-05-06 16:42:12,220 [INFO] [BTCUSDT] Trade 4877005627 BUY 94175.69@0.00106
2025-05-06 16:42:12,221 [ERROR] WebSocket error: 'b'
2025-05-06 16:42:12,331 [INFO] [BTCUSDT] Trade 4877005628 SELL 94175.68@6e-05
2025-05-06 16:42:12,332 [ERROR] WebSocket error: 'b'
2025-05-06 16:42:12,610 [INFO] [BTCUSDT] Trade 4877005629 BUY 94175.69@7e-05
2025-05-06 16:42:12,611 [ERROR] WebSocket error: 'b'
2025-05-06 16:42:12,613 [INFO] [BNBUSDT] Trade 1046017957 SELL 598.37@0.093
2025-05-06 16:42:12,613 [ERROR] WebSocket error: 'b'
2025-05-06 16:42:12,690 [INFO] [BTCUSDT] Trade 4877005630 SELL 94175.68@0.00764
2025-05-06 16:42:12,691 [ERROR] WebSocket error: 'b'
2025-05-06 16:42:12,784 [INFO] [BTCUSDT] Trade 4877005631 SELL 94175.68@0.00087
2025-05-06 16:42:12,785 [ERROR] WebSocket error: 'b'
2025-05-06 16:42:12,938 [INFO] [ETHUSDT] Bid 1797.1900, Ask 1797.2000, Spread 0.0100
2025-05-06 16:42:12,939 [INFO] [BTCUSDT] Bid 94175.6800, Ask 94175.6900, Spread 0.0100
2025-05-06 16:42:13,016 [INFO] [BNBUSDT] Bid 598.3700, Ask 598.3800, Spread 0.0100
2025-05-06 16:42:13,021 [INFO] [ETHUSDT] Trade 2381271727 SELL 1797.19@0.05
2025-05-06 16:42:13,021 [ERROR] WebSocket error: 'b'
2025-05-06 16:42:13,063 [INFO] [ETHUSDT] Trade 2381271728 BUY 1797.2@0.0278
2025-05-06 16:42:13,064 [ERROR] WebSocket error: 'b'
2025-05-06 16:42:13,073 [INFO] [ETHUSDT] Trade 2381271729 BUY 1797.2@0.0278
2025-05-06 16:42:13,074 [ERROR] WebSocket error: 'b'
2025-05-06 16:42:13,085 [INFO] [ETHUSDT] Trade 2381271730 BUY 1797.2@0.0278
2025-05-06 16:42:13,086 [ERROR] WebSocket error: 'b'
2025-05-06 16:42:13,141 [INFO] [ETHUSDT] Trade 2381271731 BUY 1797.2@0.0278
2025-05-06 16:42:13,142 [ERROR] WebSocket error: 'b'
2025-05-06 16:42:13,144 [INFO] [BNBUSDT] Trade 1046017958 BUY 598.38@0.022
2025-05-06 16:42:13,144 [ERROR] WebSocket error: 'b'
2025-05-06 16:42:13,313 [INFO] [ETHUSDT] Trade 2381271732 BUY 1797.2@0.0111
2025-05-06 16:42:13,314 [ERROR] WebSocket error: 'b'
2025-05-06 16:42:13,348 [INFO] [BTCUSDT] Trade 4877005632 SELL 94175.68@0.00021
2025-05-06 16:42:13,349 [ERROR] WebSocket error: 'b'
2025-05-06 16:42:13,401 [INFO] [BNBUSDT] Trade 1046017959 SELL 598.37@0.14
2025-05-06 16:42:13,402 [ERROR] WebSocket error: 'b'
2025-05-06 16:42:13,497 [INFO] [BNBUSDT] Trade 1046017960 SELL 598.37@0.026
2025-05-06 16:42:13,498 [ERROR] WebSocket error: 'b'
2025-05-06 16:42:13,502 [INFO] [ETHUSDT] Trade 2381271733 BUY 1797.2@0.0278
2025-05-06 16:42:13,502 [ERROR] WebSocket error: 'b'
2025-05-06 16:42:13,677 [INFO] [BTCUSDT] Trade 4877005633 SELL 94175.68@0.00283
2025-05-06 16:42:13,678 [ERROR] WebSocket error: 'b'
2025-05-06 16:42:13,765 [INFO] [BTCUSDT] Trade 4877005634 BUY 94175.69@0.00106
2025-05-06 16:42:13,766 [ERROR] WebSocket error: 'b'
2025-05-06 16:42:13,888 [INFO] [BNBUSDT] Trade 1046017961 SELL 598.37@0.291
2025-05-06 16:42:13,888 [ERROR] WebSocket error: 'b'
2025-05-06 16:42:13,917 [INFO] [BTCUSDT] Bid 94175.6800, Ask 94175.6900, Spread 0.0100
2025-05-06 16:42:13,923 [INFO] [ETHUSDT] Bid 1797.1900, Ask 1797.2000, Spread 0.0100
2025-05-06 16:42:14,009 [INFO] [BNBUSDT] Bid 598.3700, Ask 598.3800, Spread 0.0100
2025-05-06 16:42:14,238 [INFO] [BTCUSDT] Trade 4877005635 BUY 94175.69@0.00106
2025-05-06 16:42:14,239 [ERROR] WebSocket error: 'b'
2025-05-06 16:42:14,482 [INFO] [ETHUSDT] Trade 2381271734 SELL 1797.19@4.1715
2025-05-06 16:42:14,483 [ERROR] WebSocket error: 'b'
2025-05-06 16:42:14,484 [INFO] [ETHUSDT] Trade 2381271735 SELL 1797.19@2.5
2025-05-06 16:42:14,484 [ERROR] WebSocket error: 'b'
2025-05-06 16:42:14,484 [INFO] [ETHUSDT] Trade 2381271736 SELL 1797.19@3.0
2025-05-06 16:42:14,484 [ERROR] WebSocket error: 'b'
2025-05-06 16:42:14,485 [INFO] [ETHUSDT] Trade 2381271737 SELL 1797.19@0.3285
2025-05-06 16:42:14,485 [ERROR] WebSocket error: 'b'
2025-05-06 16:42:14,608 [INFO] [BNBUSDT] Trade 1046017962 BUY 598.38@0.066
2025-05-06 16:42:14,609 [ERROR] WebSocket error: 'b'
2025-05-06 16:42:14,708 [INFO] [BTCUSDT] Trade 4877005636 BUY 94175.69@0.00106
2025-05-06 16:42:14,709 [ERROR] WebSocket error: 'b'
2025-05-06 16:42:14,725 [INFO] [BTCUSDT] Trade 4877005637 BUY 94175.69@0.00106
2025-05-06 16:42:14,725 [ERROR] WebSocket error: 'b'
2025-05-06 16:42:14,916 [INFO] [BTCUSDT] Bid 94175.6800, Ask 94175.6900, Spread 0.0100
2025-05-06 16:42:14,921 [INFO] [ETHUSDT] Bid 1797.1900, Ask 1797.2000, Spread 0.0100
2025-05-06 16:42:15,016 [INFO] [BNBUSDT] Bid 598.3700, Ask 598.3800, Spread 0.0100
2025-05-06 16:42:15,403 [INFO] [ETHUSDT] Trade 2381271738 BUY 1797.2@0.0278
2025-05-06 16:42:15,404 [ERROR] WebSocket error: 'b'
2025-05-06 16:42:15,456 [INFO] [ETHUSDT] Trade 2381271739 BUY 1797.2@0.0278
2025-05-06 16:42:15,457 [ERROR] WebSocket error: 'b'
2025-05-06 16:42:15,539 [INFO] [ETHUSDT] Trade 2381271740 BUY 1797.2@0.0278
2025-05-06 16:42:15,540 [ERROR] WebSocket error: 'b'
2025-05-06 16:42:15,607 [INFO] [BNBUSDT] Trade 1046017963 BUY 598.38@0.401
2025-05-06 16:42:15,608 [ERROR] WebSocket error: 'b'
2025-05-06 16:42:15,712 [INFO] [BTCUSDT] Trade 4877005638 SELL 94175.68@0.00181
2025-05-06 16:42:15,713 [ERROR] WebSocket error: 'b'
2025-05-06 16:42:15,922 [INFO] [BTCUSDT] Bid 94175.6800, Ask 94175.6900, Spread 0.0100
2025-05-06 16:42:15,923 [INFO] [ETHUSDT] Bid 1797.1900, Ask 1797.2000, Spread 0.0100
2025-05-06 16:42:15,934 [INFO] [ETHUSDT] Trade 2381271741 BUY 1797.2@0.0278
2025-05-06 16:42:15,935 [ERROR] WebSocket error: 'b'
2025-05-06 16:42:15,966 [INFO] [BTCUSDT] Trade 4877005639 BUY 94175.69@0.00106
2025-05-06 16:42:15,967 [ERROR] WebSocket error: 'b'
2025-05-06 16:42:15,999 [INFO] [ETHUSDT] Trade 2381271742 BUY 1797.2@0.0278
2025-05-06 16:42:16,000 [ERROR] WebSocket error: 'b'
2025-05-06 16:42:16,009 [INFO] [BNBUSDT] Bid 598.3700, Ask 598.3800, Spread 0.0100
2025-05-06 16:42:16,024 [INFO] [BTCUSDT] Trade 4877005640 SELL 94175.68@0.00258
2025-05-06 16:42:16,024 [ERROR] WebSocket error: 'b'
2025-05-06 16:42:16,121 [INFO] [ETHUSDT] Trade 2381271743 SELL 1797.19@0.0682
2025-05-06 16:42:16,122 [ERROR] WebSocket error: 'b'
2025-05-06 16:42:16,139 [INFO] [BTCUSDT] Trade 4877005641 SELL 94175.68@0.01098
2025-05-06 16:42:16,139 [ERROR] WebSocket error: 'b'
2025-05-06 16:42:16,207 [INFO] [BNBUSDT] Trade 1046017964 BUY 598.38@0.01
2025-05-06 16:42:16,208 [ERROR] WebSocket error: 'b'
2025-05-06 16:42:16,458 [INFO] [BTCUSDT] Trade 4877005642 SELL 94175.68@0.00972
2025-05-06 16:42:16,459 [ERROR] WebSocket error: 'b'
2025-05-06 16:42:16,460 [INFO] [BTCUSDT] Trade 4877005643 SELL 94175.68@0.00479
2025-05-06 16:42:16,460 [ERROR] WebSocket error: 'b'
2025-05-06 16:42:16,597 [INFO] [BTCUSDT] Trade 4877005644 BUY 94175.69@0.00024
2025-05-06 16:42:16,598 [ERROR] WebSocket error: 'b'
2025-05-06 16:42:16,918 [INFO] [BTCUSDT] Bid 94175.6800, Ask 94175.6900, Spread 0.0100
2025-05-06 16:42:16,924 [INFO] [ETHUSDT] Bid 1797.1900, Ask 1797.2000, Spread 0.0100
2025-05-06 16:42:17,022 [INFO] [BNBUSDT] Bid 598.3700, Ask 598.3800, Spread 0.0100
2025-05-06 16:42:17,126 [INFO] [BTCUSDT] Trade 4877005645 BUY 94175.69@0.00106
2025-05-06 16:42:17,127 [ERROR] WebSocket error: 'b'
2025-05-06 16:42:17,191 [INFO] [BNBUSDT] Trade 1046017965 BUY 598.38@0.026
2025-05-06 16:42:17,192 [ERROR] WebSocket error: 'b'
2025-05-06 16:42:17,258 [INFO] [BTCUSDT] Trade 4877005646 SELL 94175.68@0.00043
2025-05-06 16:42:17,259 [ERROR] WebSocket error: 'b'
2025-05-06 16:42:17,259 [INFO] [ETHUSDT] Trade 2381271744 BUY 1797.2@0.0111
2025-05-06 16:42:17,259 [ERROR] WebSocket error: 'b'
2025-05-06 16:42:17,496 [INFO] [BNBUSDT] Trade 1046017966 SELL 598.37@0.15
2025-05-06 16:42:17,497 [ERROR] WebSocket error: 'b'
2025-05-06 16:42:17,507 [INFO] [ETHUSDT] Trade 2381271745 BUY 1797.2@0.416
2025-05-06 16:42:17,507 [ERROR] WebSocket error: 'b'
2025-05-06 16:42:17,527 [INFO] [ETHUSDT] Trade 2381271746 BUY 1797.2@0.0029
2025-05-06 16:42:17,528 [ERROR] WebSocket error: 'b'
2025-05-06 16:42:17,533 [INFO] [ETHUSDT] Trade 2381271747 BUY 1797.2@0.0029
2025-05-06 16:42:17,533 [ERROR] WebSocket error: 'b'
2025-05-06 16:42:17,533 [INFO] [ETHUSDT] Trade 2381271748 BUY 1797.2@0.0033
2025-05-06 16:42:17,533 [ERROR] WebSocket error: 'b'
2025-05-06 16:42:17,534 [INFO] [ETHUSDT] Trade 2381271749 BUY 1797.2@0.0435
2025-05-06 16:42:17,534 [ERROR] WebSocket error: 'b'
2025-05-06 16:42:17,534 [INFO] [ETHUSDT] Trade 2381271750 BUY 1797.2@0.0049
2025-05-06 16:42:17,534 [ERROR] WebSocket error: 'b'
2025-05-06 16:42:17,534 [INFO] [ETHUSDT] Trade 2381271751 BUY 1797.2@0.335
2025-05-06 16:42:17,535 [ERROR] WebSocket error: 'b'
2025-05-06 16:42:17,535 [INFO] [ETHUSDT] Trade 2381271752 BUY 1797.2@0.1089
2025-05-06 16:42:17,535 [ERROR] WebSocket error: 'b'
2025-05-06 16:42:17,535 [INFO] [ETHUSDT] Trade 2381271753 BUY 1797.2@0.0029
2025-05-06 16:42:17,535 [ERROR] WebSocket error: 'b'
2025-05-06 16:42:17,536 [INFO] [ETHUSDT] Trade 2381271754 BUY 1797.2@0.006
2025-05-06 16:42:17,536 [ERROR] WebSocket error: 'b'
2025-05-06 16:42:17,536 [INFO] [ETHUSDT] Trade 2381271755 BUY 1797.2@0.0028
2025-05-06 16:42:17,536 [ERROR] WebSocket error: 'b'
2025-05-06 16:42:17,537 [INFO] [ETHUSDT] Trade 2381271756 BUY 1797.2@0.006
2025-05-06 16:42:17,537 [ERROR] WebSocket error: 'b'
2025-05-06 16:42:17,537 [INFO] [ETHUSDT] Trade 2381271757 BUY 1797.2@0.0029
2025-05-06 16:42:17,537 [ERROR] WebSocket error: 'b'
2025-05-06 16:42:17,537 [INFO] [ETHUSDT] Trade 2381271758 BUY 1797.2@0.0029
2025-05-06 16:42:17,537 [ERROR] WebSocket error: 'b'
2025-05-06 16:42:17,537 [INFO] [ETHUSDT] Trade 2381271759 BUY 1797.2@0.0029
2025-05-06 16:42:17,537 [ERROR] WebSocket error: 'b'
2025-05-06 16:42:17,537 [INFO] [ETHUSDT] Trade 2381271760 BUY 1797.2@0.0028
2025-05-06 16:42:17,537 [ERROR] WebSocket error: 'b'
2025-05-06 16:42:17,537 [INFO] [ETHUSDT] Trade 2381271761 BUY 1797.21@0.0029
2025-05-06 16:42:17,538 [ERROR] WebSocket error: 'b'
2025-05-06 16:42:17,538 [INFO] [ETHUSDT] Trade 2381271762 BUY 1797.21@0.0033
2025-05-06 16:42:17,538 [ERROR] WebSocket error: 'b'
2025-05-06 16:42:17,538 [INFO] [ETHUSDT] Trade 2381271763 BUY 1797.21@0.0029
2025-05-06 16:42:17,538 [ERROR] WebSocket error: 'b'
2025-05-06 16:42:17,538 [INFO] [ETHUSDT] Trade 2381271764 BUY 1797.21@0.0029
2025-05-06 16:42:17,538 [ERROR] WebSocket error: 'b'
2025-05-06 16:42:17,538 [INFO] [ETHUSDT] Trade 2381271765 BUY 1797.21@0.0029
2025-05-06 16:42:17,538 [ERROR] WebSocket error: 'b'
2025-05-06 16:42:17,538 [INFO] [ETHUSDT] Trade 2381271766 BUY 1797.22@0.0029
2025-05-06 16:42:17,538 [ERROR] WebSocket error: 'b'
2025-05-06 16:42:17,539 [INFO] [ETHUSDT] Trade 2381271767 BUY 1797.23@0.0033
2025-05-06 16:42:17,539 [ERROR] WebSocket error: 'b'
2025-05-06 16:42:17,855 [INFO] [BTCUSDT] Trade 4877005647 BUY 94175.69@0.00106
2025-05-06 16:42:17,855 [ERROR] WebSocket error: 'b'
2025-05-06 16:42:17,918 [INFO] [ETHUSDT] Bid 1797.2400, Ask 1797.2500, Spread 0.0100
2025-05-06 16:42:17,920 [INFO] [BTCUSDT] Bid 94175.6800, Ask 94175.6900, Spread 0.0100
2025-05-06 16:42:18,010 [INFO] [BNBUSDT] Bid 598.3700, Ask 598.3800, Spread 0.0100
2025-05-06 16:42:18,049 [INFO] [ETHUSDT] Trade 2381271768 BUY 1797.25@0.0278
2025-05-06 16:42:18,050 [ERROR] WebSocket error: 'b'
2025-05-06 16:42:18,106 [INFO] [BTCUSDT] Trade 4877005648 BUY 94175.69@0.00106
2025-05-06 16:42:18,106 [ERROR] WebSocket error: 'b'
2025-05-06 16:42:18,466 [INFO] [BTCUSDT] Trade 4877005649 SELL 94175.68@0.00016
2025-05-06 16:42:18,466 [ERROR] WebSocket error: 'b'
2025-05-06 16:42:18,480 [INFO] [BTCUSDT] Trade 4877005650 SELL 94175.68@0.00268
2025-05-06 16:42:18,480 [ERROR] WebSocket error: 'b'
2025-05-06 16:42:18,637 [INFO] [BTCUSDT] Trade 4877005651 BUY 94175.69@0.00106
2025-05-06 16:42:18,637 [ERROR] WebSocket error: 'b'
2025-05-06 16:42:18,649 [INFO] [BTCUSDT] Trade 4877005652 BUY 94175.69@0.00106
2025-05-06 16:42:18,649 [ERROR] WebSocket error: 'b'
2025-05-06 16:42:18,733 [INFO] [BTCUSDT] Trade 4877005653 SELL 94175.68@0.00241
2025-05-06 16:42:18,733 [ERROR] WebSocket error: 'b'
2025-05-06 16:42:18,738 [INFO] [ETHUSDT] Trade 2381271769 BUY 1797.25@0.0278
2025-05-06 16:42:18,738 [ERROR] WebSocket error: 'b'
2025-05-06 16:42:18,743 [INFO] [ETHUSDT] Trade 2381271770 BUY 1797.25@0.0278
2025-05-06 16:42:18,744 [ERROR] WebSocket error: 'b'
2025-05-06 16:42:18,864 [INFO] [ETHUSDT] Trade 2381271771 SELL 1797.24@0.0563
2025-05-06 16:42:18,864 [ERROR] WebSocket error: 'b'
2025-05-06 16:42:18,922 [INFO] [BTCUSDT] Bid 94175.6800, Ask 94175.6900, Spread 0.0100
2025-05-06 16:42:18,923 [INFO] [ETHUSDT] Bid 1797.2400, Ask 1797.2500, Spread 0.0100
2025-05-06 16:42:19,009 [INFO] [BNBUSDT] Bid 598.3700, Ask 598.3800, Spread 0.0100
2025-05-06 16:42:19,128 [INFO] [BTCUSDT] Trade 4877005654 SELL 94175.68@0.00191
2025-05-06 16:42:19,129 [ERROR] WebSocket error: 'b'
2025-05-06 16:42:19,210 [INFO] [BNBUSDT] Trade 1046017967 SELL 598.37@0.026
2025-05-06 16:42:19,211 [ERROR] WebSocket error: 'b'
2025-05-06 16:42:19,568 [INFO] [ETHUSDT] Trade 2381271772 BUY 1797.25@0.0278
2025-05-06 16:42:19,569 [ERROR] WebSocket error: 'b'
2025-05-06 16:42:19,698 [INFO] [BTCUSDT] Trade 4877005655 BUY 94175.69@0.00106
2025-05-06 16:42:19,699 [ERROR] WebSocket error: 'b'
2025-05-06 16:42:19,829 [INFO] [BNBUSDT] Trade 1046017968 BUY 598.38@3.0
2025-05-06 16:42:19,830 [ERROR] WebSocket error: 'b'
2025-05-06 16:42:19,840 [INFO] [ETHUSDT] Trade 2381271773 SELL 1797.24@0.0852
2025-05-06 16:42:19,841 [ERROR] WebSocket error: 'b'
2025-05-06 16:42:19,845 [INFO] [BTCUSDT] Trade 4877005656 BUY 94175.69@0.01047
2025-05-06 16:42:19,845 [ERROR] WebSocket error: 'b'
2025-05-06 16:42:19,868 [INFO] [ETHUSDT] Trade 2381271774 BUY 1797.25@0.0278
2025-05-06 16:42:19,869 [ERROR] WebSocket error: 'b'
2025-05-06 16:42:19,889 [INFO] [BTCUSDT] Trade 4877005657 SELL 94175.68@0.00235
2025-05-06 16:42:19,889 [ERROR] WebSocket error: 'b'
2025-05-06 16:42:19,903 [INFO] [ETHUSDT] Trade 2381271775 BUY 1797.25@0.0278
2025-05-06 16:42:19,904 [ERROR] WebSocket error: 'b'
2025-05-06 16:42:19,918 [INFO] [BTCUSDT] Bid 94175.6800, Ask 94175.6900, Spread 0.0100
2025-05-06 16:42:19,920 [INFO] [ETHUSDT] Bid 1797.2400, Ask 1797.2500, Spread 0.0100
2025-05-06 16:42:19,964 [INFO] [BTCUSDT] Trade 4877005658 SELL 94175.68@0.00069
2025-05-06 16:42:19,965 [ERROR] WebSocket error: 'b'
2025-05-06 16:42:19,967 [INFO] [BTCUSDT] Trade 4877005659 SELL 94175.68@0.00069
2025-05-06 16:42:19,968 [ERROR] WebSocket error: 'b'
2025-05-06 16:42:19,973 [INFO] [BTCUSDT] Trade 4877005660 SELL 94175.68@0.00033
2025-05-06 16:42:19,973 [ERROR] WebSocket error: 'b'
2025-05-06 16:42:20,009 [INFO] [BNBUSDT] Bid 598.3700, Ask 598.3800, Spread 0.0100
2025-05-06 16:42:20,047 [INFO] [ETHUSDT] Trade 2381271776 SELL 1797.24@0.0269
2025-05-06 16:42:20,048 [ERROR] WebSocket error: 'b'
2025-05-06 16:42:20,289 [INFO] [BNBUSDT] Trade 1046017969 BUY 598.38@0.02
2025-05-06 16:42:20,290 [ERROR] WebSocket error: 'b'
2025-05-06 16:42:20,472 [INFO] [BTCUSDT] Trade 4877005661 BUY 94175.69@0.00026
2025-05-06 16:42:20,473 [ERROR] WebSocket error: 'b'
2025-05-06 16:42:20,613 [INFO] [ETHUSDT] Trade 2381271777 BUY 1797.25@0.0278
2025-05-06 16:42:20,614 [ERROR] WebSocket error: 'b'
2025-05-06 16:42:20,923 [INFO] [BTCUSDT] Trade 4877005662 BUY 94175.69@0.00016
2025-05-06 16:42:20,924 [ERROR] WebSocket error: 'b'
2025-05-06 16:42:20,925 [INFO] [BNBUSDT] Trade 1046017970 BUY 598.38@0.026
2025-05-06 16:42:20,925 [ERROR] WebSocket error: 'b'
2025-05-06 16:42:20,928 [INFO] [ETHUSDT] Trade 2381271778 BUY 1797.25@0.1112
2025-05-06 16:42:20,928 [ERROR] WebSocket error: 'b'
2025-05-06 16:42:20,929 [INFO] [BTCUSDT] Bid 94175.6800, Ask 94175.6900, Spread 0.0100
2025-05-06 16:42:20,929 [INFO] [ETHUSDT] Bid 1797.2400, Ask 1797.2500, Spread 0.0100
2025-05-06 16:42:20,956 [INFO] [BTCUSDT] Trade 4877005663 BUY 94175.69@0.00011
2025-05-06 16:42:20,956 [ERROR] WebSocket error: 'b'
2025-05-06 16:42:21,008 [INFO] [BNBUSDT] Bid 598.3700, Ask 598.3800, Spread 0.0100
2025-05-06 16:42:21,019 [INFO] [BTCUSDT] Trade 4877005664 BUY 94175.69@0.00073
2025-05-06 16:42:21,019 [ERROR] WebSocket error: 'b'
2025-05-06 16:42:21,078 [INFO] [ETHUSDT] Trade 2381271779 BUY 1797.25@0.0278
2025-05-06 16:42:21,078 [ERROR] WebSocket error: 'b'
2025-05-06 16:42:21,172 [INFO] [BTCUSDT] Trade 4877005665 BUY 94175.69@0.00106
2025-05-06 16:42:21,173 [ERROR] WebSocket error: 'b'
2025-05-06 16:42:21,208 [INFO] [BTCUSDT] Trade 4877005666 BUY 94175.69@0.00011
2025-05-06 16:42:21,209 [ERROR] WebSocket error: 'b'
2025-05-06 16:42:21,845 [INFO] [BNBUSDT] Trade 1046017971 SELL 598.37@0.047
2025-05-06 16:42:21,846 [ERROR] WebSocket error: 'b'
2025-05-06 16:42:21,851 [INFO] [BTCUSDT] Trade 4877005667 BUY 94175.69@9e-05
2025-05-06 16:42:21,851 [ERROR] WebSocket error: 'b'
2025-05-06 16:42:21,852 [INFO] [BTCUSDT] Trade 4877005668 BUY 94175.69@0.00027
2025-05-06 16:42:21,853 [ERROR] WebSocket error: 'b'
2025-05-06 16:42:21,918 [INFO] [BTCUSDT] Bid 94175.6800, Ask 94175.6900, Spread 0.0100
2025-05-06 16:42:21,922 [INFO] [ETHUSDT] Bid 1797.2400, Ask 1797.2500, Spread 0.0100
2025-05-06 16:42:22,011 [INFO] [BNBUSDT] Bid 598.3700, Ask 598.3800, Spread 0.0100
2025-05-06 16:42:22,047 [INFO] [ETHUSDT] Trade 2381271780 BUY 1797.25@0.0056
2025-05-06 16:42:22,048 [ERROR] WebSocket error: 'b'
2025-05-06 16:42:22,152 [INFO] [BTCUSDT] Trade 4877005669 SELL 94175.68@0.07572
2025-05-06 16:42:22,153 [ERROR] WebSocket error: 'b'
2025-05-06 16:42:22,153 [INFO] [BTCUSDT] Trade 4877005670 SELL 94175.68@6e-05
2025-05-06 16:42:22,153 [ERROR] WebSocket error: 'b'
2025-05-06 16:42:22,154 [INFO] [BTCUSDT] Trade 4877005671 SELL 94175.68@6e-05
2025-05-06 16:42:22,154 [ERROR] WebSocket error: 'b'
2025-05-06 16:42:22,154 [INFO] [BTCUSDT] Trade 4877005672 SELL 94175.68@0.00201
2025-05-06 16:42:22,154 [ERROR] WebSocket error: 'b'
2025-05-06 16:42:22,155 [INFO] [BTCUSDT] Trade 4877005673 SELL 94175.68@0.00159
2025-05-06 16:42:22,155 [ERROR] WebSocket error: 'b'
2025-05-06 16:42:22,155 [INFO] [BTCUSDT] Trade 4877005674 SELL 94175.68@0.00201
2025-05-06 16:42:22,156 [ERROR] WebSocket error: 'b'
2025-05-06 16:42:22,156 [INFO] [BTCUSDT] Trade 4877005675 SELL 94175.68@0.00045
2025-05-06 16:42:22,156 [ERROR] WebSocket error: 'b'
2025-05-06 16:42:22,156 [INFO] [BTCUSDT] Trade 4877005676 SELL 94175.68@0.00044
2025-05-06 16:42:22,156 [ERROR] WebSocket error: 'b'
2025-05-06 16:42:22,157 [INFO] [BTCUSDT] Trade 4877005677 SELL 94175.68@0.00044
2025-05-06 16:42:22,157 [ERROR] WebSocket error: 'b'
2025-05-06 16:42:22,157 [INFO] [BTCUSDT] Trade 4877005678 SELL 94175.68@0.00419
2025-05-06 16:42:22,157 [ERROR] WebSocket error: 'b'
2025-05-06 16:42:22,158 [INFO] [BTCUSDT] Trade 4877005679 SELL 94175.68@0.00092
2025-05-06 16:42:22,158 [ERROR] WebSocket error: 'b'
2025-05-06 16:42:22,158 [INFO] [BTCUSDT] Trade 4877005680 SELL 94175.68@6e-05
2025-05-06 16:42:22,158 [ERROR] WebSocket error: 'b'
2025-05-06 16:42:22,159 [INFO] [BTCUSDT] Trade 4877005681 SELL 94175.68@0.00096
2025-05-06 16:42:22,159 [ERROR] WebSocket error: 'b'
2025-05-06 16:42:22,159 [INFO] [BTCUSDT] Trade 4877005682 SELL 94175.68@6e-05
2025-05-06 16:42:22,159 [ERROR] WebSocket error: 'b'
2025-05-06 16:42:22,159 [INFO] [BTCUSDT] Trade 4877005683 SELL 94175.68@6e-05
2025-05-06 16:42:22,159 [ERROR] WebSocket error: 'b'
2025-05-06 16:42:22,159 [INFO] [BTCUSDT] Trade 4877005684 SELL 94175.68@6e-05
2025-05-06 16:42:22,160 [ERROR] WebSocket error: 'b'
2025-05-06 16:42:22,160 [INFO] [BTCUSDT] Trade 4877005685 SELL 94175.68@6e-05
2025-05-06 16:42:22,160 [ERROR] WebSocket error: 'b'
2025-05-06 16:42:22,160 [INFO] [BTCUSDT] Trade 4877005686 SELL 94175.68@6e-05
2025-05-06 16:42:22,160 [ERROR] WebSocket error: 'b'
2025-05-06 16:42:22,160 [INFO] [BTCUSDT] Trade 4877005687 SELL 94175.68@7e-05
2025-05-06 16:42:22,160 [ERROR] WebSocket error: 'b'
2025-05-06 16:42:22,161 [INFO] [BTCUSDT] Trade 4877005688 SELL 94175.68@6e-05
2025-05-06 16:42:22,161 [ERROR] WebSocket error: 'b'
2025-05-06 16:42:22,161 [INFO] [BTCUSDT] Trade 4877005689 SELL 94175.68@6e-05
2025-05-06 16:42:22,161 [ERROR] WebSocket error: 'b'
2025-05-06 16:42:22,161 [INFO] [BTCUSDT] Trade 4877005690 SELL 94175.68@6e-05
2025-05-06 16:42:22,161 [ERROR] WebSocket error: 'b'
2025-05-06 16:42:22,161 [INFO] [BTCUSDT] Trade 4877005691 SELL 94175.68@6e-05
2025-05-06 16:42:22,162 [ERROR] WebSocket error: 'b'
2025-05-06 16:42:22,162 [INFO] [BTCUSDT] Trade 4877005692 SELL 94175.68@6e-05
2025-05-06 16:42:22,162 [ERROR] WebSocket error: 'b'
2025-05-06 16:42:22,162 [INFO] [BTCUSDT] Trade 4877005693 SELL 94175.68@6e-05
2025-05-06 16:42:22,162 [ERROR] WebSocket error: 'b'
2025-05-06 16:42:22,162 [INFO] [BTCUSDT] Trade 4877005694 SELL 94175.68@6e-05
2025-05-06 16:42:22,162 [ERROR] WebSocket error: 'b'
2025-05-06 16:42:22,163 [INFO] [BTCUSDT] Trade 4877005695 SELL 94175.68@0.00053
2025-05-06 16:42:22,163 [ERROR] WebSocket error: 'b'
2025-05-06 16:42:22,163 [INFO] [BTCUSDT] Trade 4877005696 SELL 94175.68@6e-05
2025-05-06 16:42:22,163 [ERROR] WebSocket error: 'b'
2025-05-06 16:42:22,163 [INFO] [BTCUSDT] Trade 4877005697 SELL 94175.68@0.0009
2025-05-06 16:42:22,163 [ERROR] WebSocket error: 'b'
2025-05-06 16:42:22,163 [INFO] [BTCUSDT] Trade 4877005698 SELL 94175.68@0.00091
2025-05-06 16:42:22,164 [ERROR] WebSocket error: 'b'
2025-05-06 16:42:22,164 [INFO] [BTCUSDT] Trade 4877005699 SELL 94175.68@6e-05
2025-05-06 16:42:22,164 [ERROR] WebSocket error: 'b'
2025-05-06 16:42:22,164 [INFO] [BTCUSDT] Trade 4877005700 SELL 94175.68@6e-05
2025-05-06 16:42:22,164 [ERROR] WebSocket error: 'b'
2025-05-06 16:42:22,164 [INFO] [BTCUSDT] Trade 4877005701 SELL 94175.68@0.07778
2025-05-06 16:42:22,165 [ERROR] WebSocket error: 'b'
2025-05-06 16:42:22,165 [INFO] [BTCUSDT] Trade 4877005702 BUY 94175.69@0.00106
2025-05-06 16:42:22,165 [ERROR] WebSocket error: 'b'
2025-05-06 16:42:22,172 [INFO] [ETHUSDT] Trade 2381271781 BUY 1797.25@0.0083
2025-05-06 16:42:22,173 [ERROR] WebSocket error: 'b'
2025-05-06 16:42:22,206 [INFO] [BTCUSDT] Trade 4877005703 SELL 94175.68@0.00085
2025-05-06 16:42:22,207 [ERROR] WebSocket error: 'b'
2025-05-06 16:42:22,254 [INFO] [BTCUSDT] Trade 4877005704 BUY 94175.69@0.00019
2025-05-06 16:42:22,254 [ERROR] WebSocket error: 'b'
2025-05-06 16:42:22,259 [INFO] [BNBUSDT] Trade 1046017972 BUY 598.38@0.046
2025-05-06 16:42:22,259 [ERROR] WebSocket error: 'b'
2025-05-06 16:42:22,265 [INFO] [ETHUSDT] Trade 2381271782 BUY 1797.25@4.8525
2025-05-06 16:42:22,266 [ERROR] WebSocket error: 'b'
2025-05-06 16:42:22,267 [INFO] [ETHUSDT] Trade 2381271783 BUY 1797.25@0.0029
2025-05-06 16:42:22,267 [ERROR] WebSocket error: 'b'
2025-05-06 16:42:22,267 [INFO] [ETHUSDT] Trade 2381271784 BUY 1797.25@0.016
2025-05-06 16:42:22,267 [ERROR] WebSocket error: 'b'
2025-05-06 16:42:22,268 [INFO] [ETHUSDT] Trade 2381271785 BUY 1797.25@0.0383
2025-05-06 16:42:22,268 [ERROR] WebSocket error: 'b'
2025-05-06 16:42:22,268 [INFO] [ETHUSDT] Trade 2381271786 BUY 1797.25@0.0028
2025-05-06 16:42:22,268 [ERROR] WebSocket error: 'b'
2025-05-06 16:42:22,269 [INFO] [ETHUSDT] Trade 2381271787 BUY 1797.25@0.0505
2025-05-06 16:42:22,269 [ERROR] WebSocket error: 'b'
2025-05-06 16:42:22,269 [INFO] [ETHUSDT] Trade 2381271788 BUY 1797.25@0.0049
2025-05-06 16:42:22,269 [ERROR] WebSocket error: 'b'
2025-05-06 16:42:22,270 [INFO] [ETHUSDT] Trade 2381271789 BUY 1797.25@0.0278
2025-05-06 16:42:22,270 [ERROR] WebSocket error: 'b'
2025-05-06 16:42:22,270 [INFO] [ETHUSDT] Trade 2381271790 BUY 1797.25@0.0556
2025-05-06 16:42:22,270 [ERROR] WebSocket error: 'b'
2025-05-06 16:42:22,270 [INFO] [ETHUSDT] Trade 2381271791 BUY 1797.25@0.006
2025-05-06 16:42:22,270 [ERROR] WebSocket error: 'b'
2025-05-06 16:42:22,271 [INFO] [ETHUSDT] Trade 2381271792 BUY 1797.25@0.0028
2025-05-06 16:42:22,271 [ERROR] WebSocket error: 'b'
2025-05-06 16:42:22,271 [INFO] [ETHUSDT] Trade 2381271793 BUY 1797.25@0.0029
2025-05-06 16:42:22,271 [ERROR] WebSocket error: 'b'
2025-05-06 16:42:22,271 [INFO] [ETHUSDT] Trade 2381271794 BUY 1797.25@0.0834
2025-05-06 16:42:22,271 [ERROR] WebSocket error: 'b'
2025-05-06 16:42:22,272 [INFO] [ETHUSDT] Trade 2381271795 BUY 1797.25@0.139
2025-05-06 16:42:22,272 [ERROR] WebSocket error: 'b'
2025-05-06 16:42:22,272 [INFO] [ETHUSDT] Trade 2381271796 BUY 1797.25@0.0278
2025-05-06 16:42:22,272 [ERROR] WebSocket error: 'b'
2025-05-06 16:42:22,272 [INFO] [ETHUSDT] Trade 2381271797 BUY 1797.25@0.0029
2025-05-06 16:42:22,272 [ERROR] WebSocket error: 'b'
2025-05-06 16:42:22,273 [INFO] [ETHUSDT] Trade 2381271798 BUY 1797.25@0.0029
2025-05-06 16:42:22,273 [ERROR] WebSocket error: 'b'
2025-05-06 16:42:22,273 [INFO] [ETHUSDT] Trade 2381271799 BUY 1797.25@0.0028
2025-05-06 16:42:22,273 [ERROR] WebSocket error: 'b'
2025-05-06 16:42:22,273 [INFO] [ETHUSDT] Trade 2381271800 BUY 1797.25@0.0028
2025-05-06 16:42:22,273 [ERROR] WebSocket error: 'b'
2025-05-06 16:42:22,274 [INFO] [ETHUSDT] Trade 2381271801 BUY 1797.26@0.0029
2025-05-06 16:42:22,274 [ERROR] WebSocket error: 'b'
2025-05-06 16:42:22,274 [INFO] [ETHUSDT] Trade 2381271802 BUY 1797.26@0.0033
2025-05-06 16:42:22,274 [ERROR] WebSocket error: 'b'
2025-05-06 16:42:22,274 [INFO] [ETHUSDT] Trade 2381271803 BUY 1797.26@0.948
2025-05-06 16:42:22,274 [ERROR] WebSocket error: 'b'
2025-05-06 16:42:22,275 [INFO] [ETHUSDT] Trade 2381271804 BUY 1797.26@0.0028
2025-05-06 16:42:22,275 [ERROR] WebSocket error: 'b'
2025-05-06 16:42:22,275 [INFO] [ETHUSDT] Trade 2381271805 BUY 1797.26@0.0033
2025-05-06 16:42:22,275 [ERROR] WebSocket error: 'b'
2025-05-06 16:42:22,275 [INFO] [ETHUSDT] Trade 2381271806 BUY 1797.26@0.0027
2025-05-06 16:42:22,275 [ERROR] WebSocket error: 'b'
2025-05-06 16:42:22,276 [INFO] [ETHUSDT] Trade 2381271807 BUY 1797.26@0.0029
2025-05-06 16:42:22,276 [ERROR] WebSocket error: 'b'
2025-05-06 16:42:22,276 [INFO] [ETHUSDT] Trade 2381271808 BUY 1797.26@0.0028
2025-05-06 16:42:22,276 [ERROR] WebSocket error: 'b'
2025-05-06 16:42:22,276 [INFO] [ETHUSDT] Trade 2381271809 BUY 1797.28@0.0504
2025-05-06 16:42:22,276 [ERROR] WebSocket error: 'b'
2025-05-06 16:42:22,277 [INFO] [ETHUSDT] Trade 2381271810 BUY 1797.28@0.0504
2025-05-06 16:42:22,277 [ERROR] WebSocket error: 'b'
2025-05-06 16:42:22,277 [INFO] [ETHUSDT] Trade 2381271811 BUY 1797.28@0.0028
2025-05-06 16:42:22,277 [ERROR] WebSocket error: 'b'
2025-05-06 16:42:22,277 [INFO] [ETHUSDT] Trade 2381271812 BUY 1797.28@0.0029
2025-05-06 16:42:22,277 [ERROR] WebSocket error: 'b'
2025-05-06 16:42:22,277 [INFO] [ETHUSDT] Trade 2381271813 BUY 1797.28@0.0029
2025-05-06 16:42:22,277 [ERROR] WebSocket error: 'b'
2025-05-06 16:42:22,278 [INFO] [ETHUSDT] Trade 2381271814 BUY 1797.28@0.006
2025-05-06 16:42:22,278 [ERROR] WebSocket error: 'b'
2025-05-06 16:42:22,278 [INFO] [ETHUSDT] Trade 2381271815 BUY 1797.28@0.0029
2025-05-06 16:42:22,278 [ERROR] WebSocket error: 'b'
2025-05-06 16:42:22,278 [INFO] [ETHUSDT] Trade 2381271816 BUY 1797.28@0.0029
2025-05-06 16:42:22,279 [ERROR] WebSocket error: 'b'
2025-05-06 16:42:22,279 [INFO] [ETHUSDT] Trade 2381271817 BUY 1797.28@0.0028
2025-05-06 16:42:22,279 [ERROR] WebSocket error: 'b'
2025-05-06 16:42:22,279 [INFO] [ETHUSDT] Trade 2381271818 BUY 1797.29@0.0029
2025-05-06 16:42:22,279 [ERROR] WebSocket error: 'b'
2025-05-06 16:42:22,279 [INFO] [ETHUSDT] Trade 2381271819 BUY 1797.29@0.0029
2025-05-06 16:42:22,279 [ERROR] WebSocket error: 'b'
2025-05-06 16:42:22,280 [INFO] [ETHUSDT] Trade 2381271820 BUY 1797.29@0.0029
2025-05-06 16:42:22,280 [ERROR] WebSocket error: 'b'
2025-05-06 16:42:22,280 [INFO] [ETHUSDT] Trade 2381271821 BUY 1797.29@0.0029
2025-05-06 16:42:22,280 [ERROR] WebSocket error: 'b'
2025-05-06 16:42:22,280 [INFO] [ETHUSDT] Trade 2381271822 BUY 1797.3@0.0504
2025-05-06 16:42:22,280 [ERROR] WebSocket error: 'b'
2025-05-06 16:42:22,281 [INFO] [ETHUSDT] Trade 2381271823 BUY 1797.3@0.006
2025-05-06 16:42:22,281 [ERROR] WebSocket error: 'b'
2025-05-06 16:42:22,281 [INFO] [ETHUSDT] Trade 2381271824 BUY 1797.3@0.0028
2025-05-06 16:42:22,281 [ERROR] WebSocket error: 'b'
2025-05-06 16:42:22,281 [INFO] [ETHUSDT] Trade 2381271825 BUY 1797.3@0.0028
2025-05-06 16:42:22,281 [ERROR] WebSocket error: 'b'
2025-05-06 16:42:22,281 [INFO] [ETHUSDT] Trade 2381271826 BUY 1797.31@0.0029
2025-05-06 16:42:22,281 [ERROR] WebSocket error: 'b'
2025-05-06 16:42:22,281 [INFO] [ETHUSDT] Trade 2381271827 BUY 1797.32@0.0033
2025-05-06 16:42:22,282 [ERROR] WebSocket error: 'b'
2025-05-06 16:42:22,282 [INFO] [ETHUSDT] Trade 2381271828 BUY 1797.34@0.0282
2025-05-06 16:42:22,282 [ERROR] WebSocket error: 'b'
2025-05-06 16:42:22,282 [INFO] [ETHUSDT] Trade 2381271829 BUY 1797.35@0.0056
2025-05-06 16:42:22,282 [ERROR] WebSocket error: 'b'
2025-05-06 16:42:22,282 [INFO] [ETHUSDT] Trade 2381271830 BUY 1797.36@0.3
2025-05-06 16:42:22,282 [ERROR] WebSocket error: 'b'
2025-05-06 16:42:22,282 [INFO] [ETHUSDT] Trade 2381271831 BUY 1797.37@0.0768
2025-05-06 16:42:22,282 [ERROR] WebSocket error: 'b'
2025-05-06 16:42:22,283 [INFO] [BNBUSDT] Trade 1046017973 SELL 598.37@0.026
2025-05-06 16:42:22,283 [ERROR] WebSocket error: 'b'
2025-05-06 16:42:22,312 [INFO] [ETHUSDT] Trade 2381271832 BUY 1797.37@0.0486
2025-05-06 16:42:22,312 [ERROR] WebSocket error: 'b'
2025-05-06 16:42:22,320 [INFO] [ETHUSDT] Trade 2381271833 BUY 1797.37@0.0249
2025-05-06 16:42:22,320 [ERROR] WebSocket error: 'b'
2025-05-06 16:42:22,321 [INFO] [ETHUSDT] Trade 2381271834 BUY 1797.37@0.0028
2025-05-06 16:42:22,321 [ERROR] WebSocket error: 'b'
2025-05-06 16:42:22,321 [INFO] [ETHUSDT] Trade 2381271835 BUY 1797.37@0.006
2025-05-06 16:42:22,321 [ERROR] WebSocket error: 'b'
2025-05-06 16:42:22,321 [INFO] [ETHUSDT] Trade 2381271836 BUY 1797.37@0.0029
2025-05-06 16:42:22,321 [ERROR] WebSocket error: 'b'
2025-05-06 16:42:22,322 [INFO] [ETHUSDT] Trade 2381271837 BUY 1797.37@0.0029
2025-05-06 16:42:22,322 [ERROR] WebSocket error: 'b'
2025-05-06 16:42:22,322 [INFO] [ETHUSDT] Trade 2381271838 BUY 1797.37@0.0029
2025-05-06 16:42:22,322 [ERROR] WebSocket error: 'b'
2025-05-06 16:42:22,322 [INFO] [ETHUSDT] Trade 2381271839 BUY 1797.37@0.0029
2025-05-06 16:42:22,323 [ERROR] WebSocket error: 'b'
2025-05-06 16:42:22,323 [INFO] [ETHUSDT] Trade 2381271840 BUY 1797.37@0.0319
2025-05-06 16:42:22,323 [ERROR] WebSocket error: 'b'
2025-05-06 16:42:22,323 [INFO] [ETHUSDT] Trade 2381271841 BUY 1797.37@0.0033
2025-05-06 16:42:22,323 [ERROR] WebSocket error: 'b'
2025-05-06 16:42:22,323 [INFO] [ETHUSDT] Trade 2381271842 BUY 1797.37@0.0028
2025-05-06 16:42:22,323 [ERROR] WebSocket error: 'b'
2025-05-06 16:42:22,324 [INFO] [ETHUSDT] Trade 2381271843 BUY 1797.38@0.0029
2025-05-06 16:42:22,324 [ERROR] WebSocket error: 'b'
2025-05-06 16:42:22,324 [INFO] [ETHUSDT] Trade 2381271844 BUY 1797.38@0.0029
2025-05-06 16:42:22,324 [ERROR] WebSocket error: 'b'
2025-05-06 16:42:22,324 [INFO] [ETHUSDT] Trade 2381271845 BUY 1797.38@0.0029
2025-05-06 16:42:22,324 [ERROR] WebSocket error: 'b'
2025-05-06 16:42:22,324 [INFO] [ETHUSDT] Trade 2381271846 BUY 1797.38@0.0029
2025-05-06 16:42:22,324 [ERROR] WebSocket error: 'b'
2025-05-06 16:42:22,325 [INFO] [ETHUSDT] Trade 2381271847 BUY 1797.38@0.0029
2025-05-06 16:42:22,325 [ERROR] WebSocket error: 'b'
2025-05-06 16:42:22,325 [INFO] [ETHUSDT] Trade 2381271848 BUY 1797.39@0.0058
2025-05-06 16:42:22,325 [ERROR] WebSocket error: 'b'
2025-05-06 16:42:22,325 [INFO] [ETHUSDT] Trade 2381271849 BUY 1797.39@0.006
2025-05-06 16:42:22,325 [ERROR] WebSocket error: 'b'
2025-05-06 16:42:22,326 [INFO] [ETHUSDT] Trade 2381271850 BUY 1797.39@0.0033
2025-05-06 16:42:22,326 [ERROR] WebSocket error: 'b'
2025-05-06 16:42:22,326 [INFO] [ETHUSDT] Trade 2381271851 BUY 1797.4@0.0056
2025-05-06 16:42:22,326 [ERROR] WebSocket error: 'b'
2025-05-06 16:42:22,326 [INFO] [ETHUSDT] Trade 2381271852 BUY 1797.41@0.004
2025-05-06 16:42:22,326 [ERROR] WebSocket error: 'b'
2025-05-06 16:42:22,326 [INFO] [ETHUSDT] Trade 2381271853 BUY 1797.43@0.0282
2025-05-06 16:42:22,326 [ERROR] WebSocket error: 'b'
2025-05-06 16:42:22,327 [INFO] [ETHUSDT] Trade 2381271854 BUY 1797.46@0.0056
2025-05-06 16:42:22,327 [ERROR] WebSocket error: 'b'
2025-05-06 16:42:22,327 [INFO] [ETHUSDT] Trade 2381271855 BUY 1797.46@0.0181
2025-05-06 16:42:22,327 [ERROR] WebSocket error: 'b'
2025-05-06 16:42:22,327 [INFO] [ETHUSDT] Trade 2381271856 BUY 1797.47@0.025
2025-05-06 16:42:22,327 [ERROR] WebSocket error: 'b'
2025-05-06 16:42:22,327 [INFO] [ETHUSDT] Trade 2381271857 BUY 1797.48@0.0029
2025-05-06 16:42:22,328 [ERROR] WebSocket error: 'b'
2025-05-06 16:42:22,328 [INFO] [ETHUSDT] Trade 2381271858 BUY 1797.48@0.0028
2025-05-06 16:42:22,328 [ERROR] WebSocket error: 'b'
2025-05-06 16:42:22,328 [INFO] [ETHUSDT] Trade 2381271859 BUY 1797.48@0.0033
2025-05-06 16:42:22,328 [ERROR] WebSocket error: 'b'
2025-05-06 16:42:22,328 [INFO] [ETHUSDT] Trade 2381271860 BUY 1797.51@0.0056
2025-05-06 16:42:22,328 [ERROR] WebSocket error: 'b'
2025-05-06 16:42:22,329 [INFO] [ETHUSDT] Trade 2381271861 BUY 1797.51@0.004
2025-05-06 16:42:22,329 [ERROR] WebSocket error: 'b'
2025-05-06 16:42:22,329 [INFO] [ETHUSDT] Trade 2381271862 BUY 1797.51@0.0031
2025-05-06 16:42:22,329 [ERROR] WebSocket error: 'b'
2025-05-06 16:42:22,329 [INFO] [ETHUSDT] Trade 2381271863 BUY 1797.51@0.0189
2025-05-06 16:42:22,329 [ERROR] WebSocket error: 'b'
2025-05-06 16:42:22,329 [INFO] [ETHUSDT] Trade 2381271864 BUY 1797.52@0.0249
2025-05-06 16:42:22,329 [ERROR] WebSocket error: 'b'
2025-05-06 16:42:22,329 [INFO] [ETHUSDT] Trade 2381271865 BUY 1797.52@0.0445
2025-05-06 16:42:22,330 [ERROR] WebSocket error: 'b'
2025-05-06 16:42:22,330 [INFO] [ETHUSDT] Trade 2381271866 BUY 1797.52@0.0115
2025-05-06 16:42:22,330 [ERROR] WebSocket error: 'b'
2025-05-06 16:42:22,330 [INFO] [ETHUSDT] Trade 2381271867 BUY 1797.52@0.0028
2025-05-06 16:42:22,330 [ERROR] WebSocket error: 'b'
2025-05-06 16:42:22,330 [INFO] [ETHUSDT] Trade 2381271868 BUY 1797.52@0.0028
2025-05-06 16:42:22,330 [ERROR] WebSocket error: 'b'
2025-05-06 16:42:22,330 [INFO] [ETHUSDT] Trade 2381271869 BUY 1797.53@0.0029
2025-05-06 16:42:22,331 [ERROR] WebSocket error: 'b'
2025-05-06 16:42:22,331 [INFO] [ETHUSDT] Trade 2381271870 SELL 1797.52@0.032
2025-05-06 16:42:22,331 [ERROR] WebSocket error: 'b'
2025-05-06 16:42:22,331 [INFO] [ETHUSDT] Trade 2381271871 BUY 1797.53@0.0028
2025-05-06 16:42:22,331 [ERROR] WebSocket error: 'b'
2025-05-06 16:42:22,331 [INFO] [ETHUSDT] Trade 2381271872 BUY 1797.53@0.0003
2025-05-06 16:42:22,331 [ERROR] WebSocket error: 'b'
2025-05-06 16:42:22,332 [INFO] [ETHUSDT] Trade 2381271873 SELL 1797.52@2.468
2025-05-06 16:42:22,332 [ERROR] WebSocket error: 'b'
2025-05-06 16:42:22,332 [INFO] [ETHUSDT] Trade 2381271874 SELL 1797.52@2.9608
2025-05-06 16:42:22,332 [ERROR] WebSocket error: 'b'
2025-05-06 16:42:22,344 [INFO] [BTCUSDT] Trade 4877005705 BUY 94175.69@0.00106
2025-05-06 16:42:22,345 [ERROR] WebSocket error: 'b'
2025-05-06 16:42:22,472 [INFO] [BTCUSDT] Trade 4877005706 BUY 94175.69@0.00106
2025-05-06 16:42:22,472 [ERROR] WebSocket error: 'b'
2025-05-06 16:42:22,496 [INFO] [BTCUSDT] Trade 4877005707 BUY 94175.69@0.00106
2025-05-06 16:42:22,496 [ERROR] WebSocket error: 'b'
2025-05-06 16:42:22,573 [INFO] [BNBUSDT] Trade 1046017974 BUY 598.38@1.003
2025-05-06 16:42:22,573 [ERROR] WebSocket error: 'b'
2025-05-06 16:42:22,631 [INFO] [ETHUSDT] Trade 2381271875 BUY 1797.53@0.0033
2025-05-06 16:42:22,632 [ERROR] WebSocket error: 'b'
2025-05-06 16:42:22,633 [INFO] [ETHUSDT] Trade 2381271876 BUY 1797.53@0.0028
2025-05-06 16:42:22,633 [ERROR] WebSocket error: 'b'
2025-05-06 16:42:22,634 [INFO] [ETHUSDT] Trade 2381271877 BUY 1797.53@0.0035
2025-05-06 16:42:22,634 [ERROR] WebSocket error: 'b'
2025-05-06 16:42:22,634 [INFO] [ETHUSDT] Trade 2381271878 BUY 1797.53@0.0029
2025-05-06 16:42:22,635 [ERROR] WebSocket error: 'b'
2025-05-06 16:42:22,635 [INFO] [ETHUSDT] Trade 2381271879 BUY 1797.53@0.0153
2025-05-06 16:42:22,635 [ERROR] WebSocket error: 'b'
2025-05-06 16:42:22,668 [INFO] [BTCUSDT] Trade 4877005708 SELL 94175.68@0.00428
2025-05-06 16:42:22,669 [ERROR] WebSocket error: 'b'
2025-05-06 16:42:22,820 [INFO] [BNBUSDT] Trade 1046017975 SELL 598.37@0.76
2025-05-06 16:42:22,821 [ERROR] WebSocket error: 'b'
2025-05-06 16:42:22,914 [INFO] [BNBUSDT] Trade 1046017976 BUY 598.38@6.178
2025-05-06 16:42:22,915 [ERROR] WebSocket error: 'b'
2025-05-06 16:42:22,915 [INFO] [BNBUSDT] Trade 1046017977 BUY 598.38@2.0
2025-05-06 16:42:22,916 [ERROR] WebSocket error: 'b'
2025-05-06 16:42:22,916 [INFO] [BNBUSDT] Trade 1046017978 BUY 598.38@0.009
2025-05-06 16:42:22,917 [ERROR] WebSocket error: 'b'
2025-05-06 16:42:22,917 [INFO] [BNBUSDT] Trade 1046017979 BUY 598.38@0.009
2025-05-06 16:42:22,917 [ERROR] WebSocket error: 'b'
2025-05-06 16:42:22,917 [INFO] [BNBUSDT] Trade 1046017980 BUY 598.38@0.009
2025-05-06 16:42:22,918 [ERROR] WebSocket error: 'b'
2025-05-06 16:42:22,918 [INFO] [BNBUSDT] Trade 1046017981 BUY 598.38@0.009
2025-05-06 16:42:22,919 [ERROR] WebSocket error: 'b'
2025-05-06 16:42:22,919 [INFO] [BNBUSDT] Trade 1046017982 BUY 598.38@0.009
2025-05-06 16:42:22,919 [ERROR] WebSocket error: 'b'
2025-05-06 16:42:22,920 [INFO] [BNBUSDT] Trade 1046017983 BUY 598.38@0.009
2025-05-06 16:42:22,920 [INFO] [ETHUSDT] Bid 1797.5200, Ask 1797.5300, Spread 0.0100
2025-05-06 16:42:22,920 [ERROR] WebSocket error: 'b'
2025-05-06 16:42:22,922 [INFO] [BTCUSDT] Bid 94175.6800, Ask 94175.6900, Spread 0.0100
2025-05-06 16:42:22,921 [INFO] [BNBUSDT] Trade 1046017984 BUY 598.38@0.119
2025-05-06 16:42:22,922 [ERROR] WebSocket error: 'b'
2025-05-06 16:42:22,922 [INFO] [BNBUSDT] Trade 1046017985 BUY 598.38@0.09
2025-05-06 16:42:22,923 [ERROR] WebSocket error: 'b'
2025-05-06 16:42:22,923 [INFO] [BNBUSDT] Trade 1046017986 BUY 598.38@0.501
2025-05-06 16:42:22,923 [ERROR] WebSocket error: 'b'
2025-05-06 16:42:22,923 [INFO] [BNBUSDT] Trade 1046017987 BUY 598.38@0.009
2025-05-06 16:42:22,923 [ERROR] WebSocket error: 'b'
2025-05-06 16:42:22,924 [INFO] [BNBUSDT] Trade 1046017988 BUY 598.39@0.009
2025-05-06 16:42:22,924 [ERROR] WebSocket error: 'b'
2025-05-06 16:42:22,924 [INFO] [BNBUSDT] Trade 1046017989 BUY 598.39@0.009
2025-05-06 16:42:22,924 [ERROR] WebSocket error: 'b'
2025-05-06 16:42:22,925 [INFO] [BNBUSDT] Trade 1046017990 BUY 598.39@0.009
2025-05-06 16:42:22,925 [ERROR] WebSocket error: 'b'
2025-05-06 16:42:22,926 [INFO] [BNBUSDT] Trade 1046017991 BUY 598.39@0.009
2025-05-06 16:42:22,926 [ERROR] WebSocket error: 'b'
2025-05-06 16:42:22,926 [INFO] [BNBUSDT] Trade 1046017992 BUY 598.39@0.009
2025-05-06 16:42:22,926 [ERROR] WebSocket error: 'b'
2025-05-06 16:42:22,927 [INFO] [BNBUSDT] Trade 1046017993 BUY 598.39@0.014
2025-05-06 16:42:22,927 [ERROR] WebSocket error: 'b'
2025-05-06 16:42:22,927 [INFO] [BNBUSDT] Trade 1046017994 BUY 598.39@0.009
2025-05-06 16:42:22,927 [ERROR] WebSocket error: 'b'
2025-05-06 16:42:22,928 [INFO] [BNBUSDT] Trade 1046017995 BUY 598.39@0.009
2025-05-06 16:42:22,928 [ERROR] WebSocket error: 'b'
2025-05-06 16:42:22,928 [INFO] [BNBUSDT] Trade 1046017996 BUY 598.4@0.009
2025-05-06 16:42:22,928 [ERROR] WebSocket error: 'b'
2025-05-06 16:42:22,928 [INFO] [BNBUSDT] Trade 1046017997 BUY 598.4@0.009
2025-05-06 16:42:22,928 [ERROR] WebSocket error: 'b'
2025-05-06 16:42:22,929 [INFO] [BNBUSDT] Trade 1046017998 BUY 598.4@0.009
2025-05-06 16:42:22,933 [ERROR] WebSocket error: 'b'
2025-05-06 16:42:22,933 [INFO] [BNBUSDT] Trade 1046017999 BUY 598.4@0.009
2025-05-06 16:42:22,933 [ERROR] WebSocket error: 'b'
2025-05-06 16:42:22,933 [INFO] [BNBUSDT] Trade 1046018000 BUY 598.4@0.009
2025-05-06 16:42:22,934 [ERROR] WebSocket error: 'b'
2025-05-06 16:42:22,934 [INFO] [BNBUSDT] Trade 1046018001 BUY 598.4@0.009
2025-05-06 16:42:22,934 [ERROR] WebSocket error: 'b'
2025-05-06 16:42:22,934 [INFO] [BNBUSDT] Trade 1046018002 BUY 598.4@0.009
2025-05-06 16:42:22,934 [ERROR] WebSocket error: 'b'
2025-05-06 16:42:22,934 [INFO] [BNBUSDT] Trade 1046018003 BUY 598.4@0.009
2025-05-06 16:42:22,934 [ERROR] WebSocket error: 'b'
2025-05-06 16:42:22,935 [INFO] [ETHUSDT] Trade 2381271880 BUY 1797.53@0.005
2025-05-06 16:42:22,935 [ERROR] WebSocket error: 'b'
2025-05-06 16:42:22,935 [INFO] [ETHUSDT] Trade 2381271881 BUY 1797.53@0.0028
2025-05-06 16:42:22,935 [ERROR] WebSocket error: 'b'
2025-05-06 16:42:22,935 [INFO] [ETHUSDT] Trade 2381271882 BUY 1797.53@0.006
2025-05-06 16:42:22,935 [ERROR] WebSocket error: 'b'
2025-05-06 16:42:22,936 [INFO] [ETHUSDT] Trade 2381271883 BUY 1797.53@0.0033
2025-05-06 16:42:22,936 [ERROR] WebSocket error: 'b'
2025-05-06 16:42:22,936 [INFO] [ETHUSDT] Trade 2381271884 BUY 1797.53@0.0029
2025-05-06 16:42:22,936 [ERROR] WebSocket error: 'b'
2025-05-06 16:42:22,936 [INFO] [ETHUSDT] Trade 2381271885 BUY 1797.53@0.006
2025-05-06 16:42:22,936 [ERROR] WebSocket error: 'b'
2025-05-06 16:42:22,936 [INFO] [ETHUSDT] Trade 2381271886 BUY 1797.53@0.0028
2025-05-06 16:42:22,936 [ERROR] WebSocket error: 'b'
2025-05-06 16:42:22,937 [INFO] [ETHUSDT] Trade 2381271887 BUY 1797.53@0.0029
2025-05-06 16:42:22,937 [ERROR] WebSocket error: 'b'
2025-05-06 16:42:22,937 [INFO] [ETHUSDT] Trade 2381271888 BUY 1797.53@0.2244
2025-05-06 16:42:22,937 [ERROR] WebSocket error: 'b'
2025-05-06 16:42:23,009 [INFO] [BNBUSDT] Bid 598.4000, Ask 598.4100, Spread 0.0100
2025-05-06 16:42:23,014 [INFO] [ETHUSDT] Trade 2381271889 BUY 1797.53@0.0029
2025-05-06 16:42:23,014 [ERROR] WebSocket error: 'b'
2025-05-06 16:42:23,014 [INFO] [ETHUSDT] Trade 2381271890 BUY 1797.53@0.006
2025-05-06 16:42:23,014 [ERROR] WebSocket error: 'b'
2025-05-06 16:42:23,015 [INFO] [ETHUSDT] Trade 2381271891 BUY 1797.53@0.0029
2025-05-06 16:42:23,015 [ERROR] WebSocket error: 'b'
2025-05-06 16:42:23,015 [INFO] [ETHUSDT] Trade 2381271892 BUY 1797.53@0.0029
2025-05-06 16:42:23,015 [ERROR] WebSocket error: 'b'
2025-05-06 16:42:23,015 [INFO] [ETHUSDT] Trade 2381271893 BUY 1797.53@0.0033
2025-05-06 16:42:23,016 [ERROR] WebSocket error: 'b'
2025-05-06 16:42:23,016 [INFO] [ETHUSDT] Trade 2381271894 BUY 1797.53@0.0098
2025-05-06 16:42:23,016 [ERROR] WebSocket error: 'b'
2025-05-06 16:42:23,017 [INFO] [BTCUSDT] Trade 4877005709 BUY 94175.69@0.00019
2025-05-06 16:42:23,017 [ERROR] WebSocket error: 'b'
2025-05-06 16:42:23,049 [INFO] [ETHUSDT] Trade 2381271895 BUY 1797.53@0.412
2025-05-06 16:42:23,050 [ERROR] WebSocket error: 'b'
2025-05-06 16:42:23,328 [INFO] [ETHUSDT] Trade 2381271896 BUY 1797.53@0.006
2025-05-06 16:42:23,329 [ERROR] WebSocket error: 'b'
2025-05-06 16:42:23,330 [INFO] [ETHUSDT] Trade 2381271897 BUY 1797.53@0.0029
2025-05-06 16:42:23,330 [ERROR] WebSocket error: 'b'
2025-05-06 16:42:23,330 [INFO] [ETHUSDT] Trade 2381271898 BUY 1797.53@0.0033
2025-05-06 16:42:23,331 [ERROR] WebSocket error: 'b'
2025-05-06 16:42:23,332 [INFO] [ETHUSDT] Trade 2381271899 BUY 1797.53@0.0049
2025-05-06 16:42:23,332 [ERROR] WebSocket error: 'b'
2025-05-06 16:42:23,332 [INFO] [ETHUSDT] Trade 2381271900 BUY 1797.53@0.0029
2025-05-06 16:42:23,332 [ERROR] WebSocket error: 'b'
2025-05-06 16:42:23,332 [INFO] [ETHUSDT] Trade 2381271901 BUY 1797.53@0.0029
2025-05-06 16:42:23,333 [ERROR] WebSocket error: 'b'
2025-05-06 16:42:23,333 [INFO] [ETHUSDT] Trade 2381271902 BUY 1797.53@0.006
2025-05-06 16:42:23,333 [ERROR] WebSocket error: 'b'
2025-05-06 16:42:23,333 [INFO] [ETHUSDT] Trade 2381271903 BUY 1797.53@0.0028
2025-05-06 16:42:23,333 [ERROR] WebSocket error: 'b'
2025-05-06 16:42:23,334 [INFO] [ETHUSDT] Trade 2381271904 BUY 1797.53@0.0029
2025-05-06 16:42:23,334 [ERROR] WebSocket error: 'b'
2025-05-06 16:42:23,334 [INFO] [ETHUSDT] Trade 2381271905 BUY 1797.53@0.0028
2025-05-06 16:42:23,334 [ERROR] WebSocket error: 'b'
2025-05-06 16:42:23,334 [INFO] [ETHUSDT] Trade 2381271906 BUY 1797.54@0.0029
2025-05-06 16:42:23,334 [ERROR] WebSocket error: 'b'
2025-05-06 16:42:23,335 [INFO] [ETHUSDT] Trade 2381271907 BUY 1797.54@0.0033
2025-05-06 16:42:23,335 [ERROR] WebSocket error: 'b'
2025-05-06 16:42:23,335 [INFO] [ETHUSDT] Trade 2381271908 BUY 1797.54@0.0029
2025-05-06 16:42:23,335 [ERROR] WebSocket error: 'b'
2025-05-06 16:42:23,335 [INFO] [ETHUSDT] Trade 2381271909 BUY 1797.54@0.0029
2025-05-06 16:42:23,336 [ERROR] WebSocket error: 'b'
2025-05-06 16:42:23,336 [INFO] [ETHUSDT] Trade 2381271910 BUY 1797.54@0.0029
2025-05-06 16:42:23,336 [ERROR] WebSocket error: 'b'
2025-05-06 16:42:23,336 [INFO] [ETHUSDT] Trade 2381271911 BUY 1797.54@0.0029
2025-05-06 16:42:23,336 [ERROR] WebSocket error: 'b'
2025-05-06 16:42:23,337 [INFO] [ETHUSDT] Trade 2381271912 BUY 1797.55@0.0029
2025-05-06 16:42:23,337 [ERROR] WebSocket error: 'b'
2025-05-06 16:42:23,337 [INFO] [ETHUSDT] Trade 2381271913 BUY 1797.56@0.0033
2025-05-06 16:42:23,337 [ERROR] WebSocket error: 'b'
2025-05-06 16:42:23,337 [INFO] [ETHUSDT] Trade 2381271914 BUY 1797.59@0.0028
2025-05-06 16:42:23,337 [ERROR] WebSocket error: 'b'
2025-05-06 16:42:23,337 [INFO] [ETHUSDT] Trade 2381271915 BUY 1797.59@0.004
2025-05-06 16:42:23,337 [ERROR] WebSocket error: 'b'
2025-05-06 16:42:23,338 [INFO] [ETHUSDT] Trade 2381271916 BUY 1797.59@0.0028
2025-05-06 16:42:23,338 [ERROR] WebSocket error: 'b'
2025-05-06 16:42:23,405 [INFO] [ETHUSDT] Trade 2381271917 BUY 1797.6@0.0028
2025-05-06 16:42:23,406 [ERROR] WebSocket error: 'b'
2025-05-06 16:42:23,406 [INFO] [ETHUSDT] Trade 2381271918 BUY 1797.6@0.0028
2025-05-06 16:42:23,407 [ERROR] WebSocket error: 'b'
2025-05-06 16:42:23,407 [INFO] [ETHUSDT] Trade 2381271919 BUY 1797.6@0.0029
2025-05-06 16:42:23,407 [ERROR] WebSocket error: 'b'
2025-05-06 16:42:23,408 [INFO] [ETHUSDT] Trade 2381271920 BUY 1797.6@0.0029
2025-05-06 16:42:23,408 [ERROR] WebSocket error: 'b'
2025-05-06 16:42:23,408 [INFO] [ETHUSDT] Trade 2381271921 BUY 1797.6@0.0029
2025-05-06 16:42:23,408 [ERROR] WebSocket error: 'b'
2025-05-06 16:42:23,409 [INFO] [ETHUSDT] Trade 2381271922 BUY 1797.6@0.0029
2025-05-06 16:42:23,409 [ERROR] WebSocket error: 'b'
2025-05-06 16:42:23,409 [INFO] [ETHUSDT] Trade 2381271923 BUY 1797.6@0.0029
2025-05-06 16:42:23,409 [ERROR] WebSocket error: 'b'
2025-05-06 16:42:23,410 [INFO] [ETHUSDT] Trade 2381271924 BUY 1797.6@0.0077
2025-05-06 16:42:23,410 [ERROR] WebSocket error: 'b'
2025-05-06 16:42:23,411 [INFO] [ETHUSDT] Trade 2381271925 BUY 1797.6@0.02
2025-05-06 16:42:23,411 [ERROR] WebSocket error: 'b'
2025-05-06 16:42:23,479 [INFO] [BTCUSDT] Trade 4877005710 SELL 94175.68@0.001
2025-05-06 16:42:23,480 [ERROR] WebSocket error: 'b'
2025-05-06 16:42:23,485 [INFO] [ETHUSDT] Trade 2381271926 BUY 1797.6@0.0278
2025-05-06 16:42:23,486 [ERROR] WebSocket error: 'b'
2025-05-06 16:42:23,629 [INFO] [ETHUSDT] Trade 2381271927 BUY 1797.6@0.0278
2025-05-06 16:42:23,630 [ERROR] WebSocket error: 'b'
2025-05-06 16:42:23,742 [INFO] [ETHUSDT] Trade 2381271928 BUY 1797.6@0.0278
2025-05-06 16:42:23,743 [ERROR] WebSocket error: 'b'
2025-05-06 16:42:23,824 [INFO] [ETHUSDT] Trade 2381271929 BUY 1797.6@0.0029
2025-05-06 16:42:23,825 [ERROR] WebSocket error: 'b'
2025-05-06 16:42:23,826 [INFO] [ETHUSDT] Trade 2381271930 BUY 1797.6@0.0029
2025-05-06 16:42:23,826 [ERROR] WebSocket error: 'b'
2025-05-06 16:42:23,826 [INFO] [ETHUSDT] Trade 2381271931 BUY 1797.6@0.0033
2025-05-06 16:42:23,826 [ERROR] WebSocket error: 'b'
2025-05-06 16:42:23,827 [INFO] [ETHUSDT] Trade 2381271932 BUY 1797.6@0.006
2025-05-06 16:42:23,827 [ERROR] WebSocket error: 'b'
2025-05-06 16:42:23,827 [INFO] [ETHUSDT] Trade 2381271933 BUY 1797.6@0.0196
2025-05-06 16:42:23,827 [ERROR] WebSocket error: 'b'
2025-05-06 16:42:23,828 [INFO] [ETHUSDT] Trade 2381271934 BUY 1797.6@0.006
2025-05-06 16:42:23,828 [ERROR] WebSocket error: 'b'
2025-05-06 16:42:23,828 [INFO] [ETHUSDT] Trade 2381271935 BUY 1797.6@0.0506
2025-05-06 16:42:23,828 [ERROR] WebSocket error: 'b'
2025-05-06 16:42:23,829 [INFO] [ETHUSDT] Trade 2381271936 BUY 1797.6@0.0049
2025-05-06 16:42:23,829 [ERROR] WebSocket error: 'b'
2025-05-06 16:42:23,830 [INFO] [ETHUSDT] Trade 2381271937 BUY 1797.6@0.0029
2025-05-06 16:42:23,830 [ERROR] WebSocket error: 'b'
2025-05-06 16:42:23,830 [INFO] [ETHUSDT] Trade 2381271938 BUY 1797.6@0.006
2025-05-06 16:42:23,830 [ERROR] WebSocket error: 'b'
2025-05-06 16:42:23,830 [INFO] [ETHUSDT] Trade 2381271939 BUY 1797.6@0.006
2025-05-06 16:42:23,830 [ERROR] WebSocket error: 'b'
2025-05-06 16:42:23,831 [INFO] [ETHUSDT] Trade 2381271940 BUY 1797.6@0.0028
2025-05-06 16:42:23,831 [ERROR] WebSocket error: 'b'
2025-05-06 16:42:23,831 [INFO] [ETHUSDT] Trade 2381271941 BUY 1797.6@0.0189
2025-05-06 16:42:23,831 [ERROR] WebSocket error: 'b'
2025-05-06 16:42:23,831 [INFO] [ETHUSDT] Trade 2381271942 BUY 1797.6@0.0029
2025-05-06 16:42:23,831 [ERROR] WebSocket error: 'b'
2025-05-06 16:42:23,832 [INFO] [ETHUSDT] Trade 2381271943 BUY 1797.6@0.0029
2025-05-06 16:42:23,832 [ERROR] WebSocket error: 'b'
2025-05-06 16:42:23,832 [INFO] [ETHUSDT] Trade 2381271944 BUY 1797.6@0.0028
2025-05-06 16:42:23,832 [ERROR] WebSocket error: 'b'
2025-05-06 16:42:23,832 [INFO] [ETHUSDT] Trade 2381271945 BUY 1797.61@0.0029
2025-05-06 16:42:23,833 [ERROR] WebSocket error: 'b'
2025-05-06 16:42:23,833 [INFO] [ETHUSDT] Trade 2381271946 BUY 1797.61@0.0029
2025-05-06 16:42:23,833 [ERROR] WebSocket error: 'b'
2025-05-06 16:42:23,833 [INFO] [ETHUSDT] Trade 2381271947 BUY 1797.61@0.0029
2025-05-06 16:42:23,833 [ERROR] WebSocket error: 'b'
2025-05-06 16:42:23,833 [INFO] [ETHUSDT] Trade 2381271948 BUY 1797.61@0.0033
2025-05-06 16:42:23,834 [ERROR] WebSocket error: 'b'
2025-05-06 16:42:23,834 [INFO] [ETHUSDT] Trade 2381271949 BUY 1797.61@0.0029
2025-05-06 16:42:23,834 [ERROR] WebSocket error: 'b'
2025-05-06 16:42:23,834 [INFO] [ETHUSDT] Trade 2381271950 BUY 1797.61@0.0506
2025-05-06 16:42:23,834 [ERROR] WebSocket error: 'b'
2025-05-06 16:42:23,834 [INFO] [ETHUSDT] Trade 2381271951 BUY 1797.61@0.0029
2025-05-06 16:42:23,835 [ERROR] WebSocket error: 'b'
2025-05-06 16:42:23,835 [INFO] [ETHUSDT] Trade 2381271952 BUY 1797.62@0.0029
2025-05-06 16:42:23,835 [ERROR] WebSocket error: 'b'
2025-05-06 16:42:23,835 [INFO] [ETHUSDT] Trade 2381271953 BUY 1797.64@0.0139
2025-05-06 16:42:23,835 [ERROR] WebSocket error: 'b'
2025-05-06 16:42:23,835 [INFO] [ETHUSDT] Trade 2381271954 BUY 1797.66@0.0058
2025-05-06 16:42:23,835 [ERROR] WebSocket error: 'b'
2025-05-06 16:42:23,836 [INFO] [ETHUSDT] Trade 2381271955 BUY 1797.66@0.0028
2025-05-06 16:42:23,836 [ERROR] WebSocket error: 'b'
2025-05-06 16:42:23,836 [INFO] [ETHUSDT] Trade 2381271956 BUY 1797.66@0.0503
2025-05-06 16:42:23,836 [ERROR] WebSocket error: 'b'
2025-05-06 16:42:23,836 [INFO] [ETHUSDT] Trade 2381271957 BUY 1797.66@0.3
2025-05-06 16:42:23,836 [ERROR] WebSocket error: 'b'
2025-05-06 16:42:23,836 [INFO] [ETHUSDT] Trade 2381271958 BUY 1797.67@0.0028
2025-05-06 16:42:23,837 [ERROR] WebSocket error: 'b'
2025-05-06 16:42:23,837 [INFO] [ETHUSDT] Trade 2381271959 BUY 1797.67@0.0172
2025-05-06 16:42:23,837 [ERROR] WebSocket error: 'b'
2025-05-06 16:42:23,861 [INFO] [BTCUSDT] Trade 4877005711 SELL 94175.68@0.00019
2025-05-06 16:42:23,861 [ERROR] WebSocket error: 'b'
2025-05-06 16:42:23,882 [INFO] [BTCUSDT] Trade 4877005712 SELL 94175.68@0.00014
2025-05-06 16:42:23,883 [ERROR] WebSocket error: 'b'
2025-05-06 16:42:23,916 [INFO] [BTCUSDT] Bid 94175.6800, Ask 94175.6900, Spread 0.0100
2025-05-06 16:42:23,922 [INFO] [ETHUSDT] Bid 1797.6600, Ask 1797.6700, Spread 0.0100
2025-05-06 16:42:23,931 [INFO] [ETHUSDT] Trade 2381271960 BUY 1797.67@0.0028
2025-05-06 16:42:23,932 [ERROR] WebSocket error: 'b'
2025-05-06 16:42:23,932 [INFO] [ETHUSDT] Trade 2381271961 BUY 1797.67@0.0028
2025-05-06 16:42:23,932 [ERROR] WebSocket error: 'b'
2025-05-06 16:42:23,933 [INFO] [ETHUSDT] Trade 2381271962 BUY 1797.67@0.0029
2025-05-06 16:42:23,933 [ERROR] WebSocket error: 'b'
2025-05-06 16:42:23,934 [INFO] [ETHUSDT] Trade 2381271963 BUY 1797.67@0.0029
2025-05-06 16:42:23,934 [ERROR] WebSocket error: 'b'
2025-05-06 16:42:23,934 [INFO] [ETHUSDT] Trade 2381271964 BUY 1797.67@0.0029
2025-05-06 16:42:23,934 [ERROR] WebSocket error: 'b'
2025-05-06 16:42:23,934 [INFO] [ETHUSDT] Trade 2381271965 BUY 1797.67@0.0029
2025-05-06 16:42:23,934 [ERROR] WebSocket error: 'b'
2025-05-06 16:42:23,935 [INFO] [ETHUSDT] Trade 2381271966 BUY 1797.67@0.006
2025-05-06 16:42:23,935 [ERROR] WebSocket error: 'b'
2025-05-06 16:42:23,935 [INFO] [ETHUSDT] Trade 2381271967 BUY 1797.67@0.0194
2025-05-06 16:42:23,935 [ERROR] WebSocket error: 'b'
2025-05-06 16:42:23,935 [INFO] [ETHUSDT] Trade 2381271968 BUY 1797.67@0.0029
2025-05-06 16:42:23,936 [ERROR] WebSocket error: 'b'
2025-05-06 16:42:23,936 [INFO] [ETHUSDT] Trade 2381271969 BUY 1797.67@0.1785
2025-05-06 16:42:23,936 [ERROR] WebSocket error: 'b'
2025-05-06 16:42:23,966 [INFO] [BNBUSDT] Trade 1046018004 BUY 598.41@0.009
2025-05-06 16:42:23,967 [ERROR] WebSocket error: 'b'
2025-05-06 16:42:23,968 [INFO] [BNBUSDT] Trade 1046018005 BUY 598.41@0.009
2025-05-06 16:42:23,968 [ERROR] WebSocket error: 'b'
2025-05-06 16:42:23,969 [INFO] [BNBUSDT] Trade 1046018006 BUY 598.41@0.008
2025-05-06 16:42:23,969 [ERROR] WebSocket error: 'b'
2025-05-06 16:42:24,012 [INFO] [BNBUSDT] Bid 598.4000, Ask 598.4100, Spread 0.0100
2025-05-06 16:42:24,229 [INFO] [ETHUSDT] Trade 2381271970 BUY 1797.67@0.006
2025-05-06 16:42:24,229 [ERROR] WebSocket error: 'b'
2025-05-06 16:42:24,230 [INFO] [ETHUSDT] Trade 2381271971 BUY 1797.67@0.006
2025-05-06 16:42:24,230 [ERROR] WebSocket error: 'b'
2025-05-06 16:42:24,231 [INFO] [ETHUSDT] Trade 2381271972 BUY 1797.67@0.006
2025-05-06 16:42:24,231 [ERROR] WebSocket error: 'b'
2025-05-06 16:42:24,231 [INFO] [ETHUSDT] Trade 2381271973 BUY 1797.67@0.0029
2025-05-06 16:42:24,231 [ERROR] WebSocket error: 'b'
2025-05-06 16:42:24,231 [INFO] [ETHUSDT] Trade 2381271974 BUY 1797.67@0.0029
2025-05-06 16:42:24,231 [ERROR] WebSocket error: 'b'
2025-05-06 16:42:24,232 [INFO] [ETHUSDT] Trade 2381271975 BUY 1797.67@0.0029
2025-05-06 16:42:24,232 [ERROR] WebSocket error: 'b'
2025-05-06 16:42:24,232 [INFO] [ETHUSDT] Trade 2381271976 BUY 1797.67@0.005
2025-05-06 16:42:24,232 [ERROR] WebSocket error: 'b'
2025-05-06 16:42:24,232 [INFO] [ETHUSDT] Trade 2381271977 BUY 1797.67@0.006
2025-05-06 16:42:24,232 [ERROR] WebSocket error: 'b'
2025-05-06 16:42:24,232 [INFO] [ETHUSDT] Trade 2381271978 BUY 1797.67@0.006
2025-05-06 16:42:24,232 [ERROR] WebSocket error: 'b'
2025-05-06 16:42:24,232 [INFO] [ETHUSDT] Trade 2381271979 BUY 1797.67@0.0029
2025-05-06 16:42:24,233 [ERROR] WebSocket error: 'b'
2025-05-06 16:42:24,233 [INFO] [ETHUSDT] Trade 2381271980 BUY 1797.67@0.006
2025-05-06 16:42:24,233 [ERROR] WebSocket error: 'b'
2025-05-06 16:42:24,233 [INFO] [ETHUSDT] Trade 2381271981 BUY 1797.67@0.0028
2025-05-06 16:42:24,233 [ERROR] WebSocket error: 'b'
2025-05-06 16:42:24,233 [INFO] [ETHUSDT] Trade 2381271982 BUY 1797.67@0.0028
2025-05-06 16:42:24,233 [ERROR] WebSocket error: 'b'
2025-05-06 16:42:24,233 [INFO] [ETHUSDT] Trade 2381271983 BUY 1797.68@0.0033
2025-05-06 16:42:24,233 [ERROR] WebSocket error: 'b'
2025-05-06 16:42:24,234 [INFO] [ETHUSDT] Trade 2381271984 BUY 1797.68@0.0029
2025-05-06 16:42:24,234 [ERROR] WebSocket error: 'b'
2025-05-06 16:42:24,234 [INFO] [ETHUSDT] Trade 2381271985 BUY 1797.68@0.0029
2025-05-06 16:42:24,234 [ERROR] WebSocket error: 'b'
2025-05-06 16:42:24,234 [INFO] [ETHUSDT] Trade 2381271986 BUY 1797.68@0.0029
2025-05-06 16:42:24,234 [ERROR] WebSocket error: 'b'
2025-05-06 16:42:24,234 [INFO] [ETHUSDT] Trade 2381271987 BUY 1797.68@0.0029
2025-05-06 16:42:24,234 [ERROR] WebSocket error: 'b'
2025-05-06 16:42:24,235 [INFO] [ETHUSDT] Trade 2381271988 BUY 1797.69@0.0505
2025-05-06 16:42:24,235 [ERROR] WebSocket error: 'b'
2025-05-06 16:42:24,235 [INFO] [ETHUSDT] Trade 2381271989 BUY 1797.69@0.0033
2025-05-06 16:42:24,235 [ERROR] WebSocket error: 'b'
2025-05-06 16:42:24,235 [INFO] [ETHUSDT] Trade 2381271990 BUY 1797.69@0.0029
2025-05-06 16:42:24,235 [ERROR] WebSocket error: 'b'
2025-05-06 16:42:24,525 [INFO] [ETHUSDT] Trade 2381271991 BUY 1797.7@0.0834
2025-05-06 16:42:24,526 [ERROR] WebSocket error: 'b'
2025-05-06 16:42:24,526 [INFO] [ETHUSDT] Trade 2381271992 BUY 1797.7@0.0084
2025-05-06 16:42:24,526 [ERROR] WebSocket error: 'b'
2025-05-06 16:42:24,527 [INFO] [ETHUSDT] Trade 2381271993 BUY 1797.7@0.0029
2025-05-06 16:42:24,527 [ERROR] WebSocket error: 'b'
2025-05-06 16:42:24,527 [INFO] [ETHUSDT] Trade 2381271994 BUY 1797.7@0.0029
2025-05-06 16:42:24,527 [ERROR] WebSocket error: 'b'
2025-05-06 16:42:24,528 [INFO] [ETHUSDT] Trade 2381271995 BUY 1797.7@0.006
2025-05-06 16:42:24,528 [ERROR] WebSocket error: 'b'
2025-05-06 16:42:24,528 [INFO] [ETHUSDT] Trade 2381271996 BUY 1797.7@0.0028
2025-05-06 16:42:24,529 [ERROR] WebSocket error: 'b'
2025-05-06 16:42:24,529 [INFO] [ETHUSDT] Trade 2381271997 BUY 1797.7@0.0029
2025-05-06 16:42:24,529 [ERROR] WebSocket error: 'b'
2025-05-06 16:42:24,529 [INFO] [ETHUSDT] Trade 2381271998 BUY 1797.7@0.0029
2025-05-06 16:42:24,529 [ERROR] WebSocket error: 'b'
2025-05-06 16:42:24,530 [INFO] [ETHUSDT] Trade 2381271999 BUY 1797.7@0.005
2025-05-06 16:42:24,530 [ERROR] WebSocket error: 'b'
2025-05-06 16:42:24,530 [INFO] [ETHUSDT] Trade 2381272000 BUY 1797.7@0.0028
2025-05-06 16:42:24,530 [ERROR] WebSocket error: 'b'
2025-05-06 16:42:24,530 [INFO] [ETHUSDT] Trade 2381272001 BUY 1797.71@0.0033
2025-05-06 16:42:24,530 [ERROR] WebSocket error: 'b'
2025-05-06 16:42:24,530 [INFO] [ETHUSDT] Trade 2381272002 BUY 1797.71@0.0029
2025-05-06 16:42:24,530 [ERROR] WebSocket error: 'b'
2025-05-06 16:42:24,531 [INFO] [ETHUSDT] Trade 2381272003 BUY 1797.71@0.0029
2025-05-06 16:42:24,531 [ERROR] WebSocket error: 'b'
2025-05-06 16:42:24,531 [INFO] [ETHUSDT] Trade 2381272004 BUY 1797.71@0.0029
2025-05-06 16:42:24,531 [ERROR] WebSocket error: 'b'
2025-05-06 16:42:24,531 [INFO] [ETHUSDT] Trade 2381272005 BUY 1797.71@0.0029
2025-05-06 16:42:24,531 [ERROR] WebSocket error: 'b'
2025-05-06 16:42:24,532 [INFO] [ETHUSDT] Trade 2381272006 BUY 1797.72@0.0033
2025-05-06 16:42:24,532 [ERROR] WebSocket error: 'b'
2025-05-06 16:42:24,532 [INFO] [ETHUSDT] Trade 2381272007 BUY 1797.74@0.0033
2025-05-06 16:42:24,532 [ERROR] WebSocket error: 'b'
2025-05-06 16:42:24,753 [INFO] [ETHUSDT] Trade 2381272008 BUY 1797.75@0.0028
2025-05-06 16:42:24,753 [ERROR] WebSocket error: 'b'
2025-05-06 16:42:24,753 [INFO] [ETHUSDT] Trade 2381272009 BUY 1797.75@0.0028
2025-05-06 16:42:24,753 [ERROR] WebSocket error: 'b'
2025-05-06 16:42:24,753 [INFO] [ETHUSDT] Trade 2381272010 BUY 1797.75@0.0029
2025-05-06 16:42:24,753 [ERROR] WebSocket error: 'b'
2025-05-06 16:42:24,753 [INFO] [ETHUSDT] Trade 2381272011 BUY 1797.75@0.006
2025-05-06 16:42:24,753 [ERROR] WebSocket error: 'b'
2025-05-06 16:42:24,754 [INFO] [ETHUSDT] Trade 2381272012 BUY 1797.75@0.0029
2025-05-06 16:42:24,754 [ERROR] WebSocket error: 'b'
2025-05-06 16:42:24,754 [INFO] [ETHUSDT] Trade 2381272013 BUY 1797.75@0.0029
2025-05-06 16:42:24,754 [ERROR] WebSocket error: 'b'
2025-05-06 16:42:24,754 [INFO] [ETHUSDT] Trade 2381272014 BUY 1797.75@0.0029
2025-05-06 16:42:24,754 [ERROR] WebSocket error: 'b'
2025-05-06 16:42:24,754 [INFO] [ETHUSDT] Trade 2381272015 BUY 1797.75@0.0029
2025-05-06 16:42:24,754 [ERROR] WebSocket error: 'b'
2025-05-06 16:42:24,754 [INFO] [ETHUSDT] Trade 2381272016 BUY 1797.75@0.0029
2025-05-06 16:42:24,754 [ERROR] WebSocket error: 'b'
2025-05-06 16:42:24,754 [INFO] [ETHUSDT] Trade 2381272017 BUY 1797.75@0.0029
2025-05-06 16:42:24,755 [ERROR] WebSocket error: 'b'
2025-05-06 16:42:24,755 [INFO] [ETHUSDT] Trade 2381272018 BUY 1797.75@0.0029
2025-05-06 16:42:24,755 [ERROR] WebSocket error: 'b'
2025-05-06 16:42:24,755 [INFO] [ETHUSDT] Trade 2381272019 BUY 1797.75@0.0033
2025-05-06 16:42:24,755 [ERROR] WebSocket error: 'b'
2025-05-06 16:42:24,755 [INFO] [ETHUSDT] Trade 2381272020 BUY 1797.75@0.0139
2025-05-06 16:42:24,755 [ERROR] WebSocket error: 'b'
2025-05-06 16:42:24,755 [INFO] [ETHUSDT] Trade 2381272021 BUY 1797.75@0.0029
2025-05-06 16:42:24,755 [ERROR] WebSocket error: 'b'
2025-05-06 16:42:24,755 [INFO] [ETHUSDT] Trade 2381272022 BUY 1797.75@0.0028
2025-05-06 16:42:24,755 [ERROR] WebSocket error: 'b'
2025-05-06 16:42:24,756 [INFO] [ETHUSDT] Trade 2381272023 BUY 1797.76@0.0029
2025-05-06 16:42:24,756 [ERROR] WebSocket error: 'b'
2025-05-06 16:42:24,756 [INFO] [ETHUSDT] Trade 2381272024 BUY 1797.76@0.0029
2025-05-06 16:42:24,756 [ERROR] WebSocket error: 'b'
2025-05-06 16:42:24,756 [INFO] [ETHUSDT] Trade 2381272025 BUY 1797.76@0.0029
2025-05-06 16:42:24,756 [ERROR] WebSocket error: 'b'
2025-05-06 16:42:24,756 [INFO] [ETHUSDT] Trade 2381272026 BUY 1797.76@0.0029
2025-05-06 16:42:24,756 [ERROR] WebSocket error: 'b'
2025-05-06 16:42:24,756 [INFO] [ETHUSDT] Trade 2381272027 BUY 1797.76@0.0029
2025-05-06 16:42:24,756 [ERROR] WebSocket error: 'b'
2025-05-06 16:42:24,756 [INFO] [ETHUSDT] Trade 2381272028 BUY 1797.76@0.0029
2025-05-06 16:42:24,756 [ERROR] WebSocket error: 'b'
2025-05-06 16:42:24,757 [INFO] [ETHUSDT] Trade 2381272029 BUY 1797.77@0.1348
2025-05-06 16:42:24,757 [ERROR] WebSocket error: 'b'
2025-05-06 16:42:24,757 [INFO] [ETHUSDT] Trade 2381272030 BUY 1797.77@0.0028
2025-05-06 16:42:24,757 [ERROR] WebSocket error: 'b'
2025-05-06 16:42:24,757 [INFO] [ETHUSDT] Trade 2381272031 BUY 1797.77@0.0033
2025-05-06 16:42:24,757 [ERROR] WebSocket error: 'b'
2025-05-06 16:42:24,757 [INFO] [ETHUSDT] Trade 2381272032 BUY 1797.77@0.0028
2025-05-06 16:42:24,757 [ERROR] WebSocket error: 'b'
2025-05-06 16:42:24,757 [INFO] [ETHUSDT] Trade 2381272033 BUY 1797.78@0.02
2025-05-06 16:42:24,757 [ERROR] WebSocket error: 'b'
2025-05-06 16:42:24,757 [INFO] [ETHUSDT] Trade 2381272034 BUY 1797.78@0.02
2025-05-06 16:42:24,758 [ERROR] WebSocket error: 'b'
2025-05-06 16:42:24,916 [INFO] [BTCUSDT] Bid 94175.6800, Ask 94175.6900, Spread 0.0100
2025-05-06 16:42:24,921 [INFO] [ETHUSDT] Bid 1797.7700, Ask 1797.7800, Spread 0.0100
2025-05-06 16:42:24,986 [INFO] [ETHUSDT] Trade 2381272035 BUY 1797.78@0.0029
2025-05-06 16:42:24,986 [ERROR] WebSocket error: 'b'
2025-05-06 16:42:24,990 [INFO] [ETHUSDT] Trade 2381272036 BUY 1797.78@0.0029
2025-05-06 16:42:24,990 [ERROR] WebSocket error: 'b'
2025-05-06 16:42:24,990 [INFO] [ETHUSDT] Trade 2381272037 BUY 1797.78@0.0029
2025-05-06 16:42:24,990 [ERROR] WebSocket error: 'b'
2025-05-06 16:42:24,990 [INFO] [ETHUSDT] Trade 2381272038 BUY 1797.78@0.006
2025-05-06 16:42:24,990 [ERROR] WebSocket error: 'b'
2025-05-06 16:42:24,990 [INFO] [ETHUSDT] Trade 2381272039 BUY 1797.78@0.0083
2025-05-06 16:42:24,990 [ERROR] WebSocket error: 'b'
2025-05-06 16:42:24,990 [INFO] [ETHUSDT] Trade 2381272040 BUY 1797.78@0.0028
2025-05-06 16:42:24,990 [ERROR] WebSocket error: 'b'
2025-05-06 16:42:24,990 [INFO] [ETHUSDT] Trade 2381272041 BUY 1797.78@0.0029
2025-05-06 16:42:24,990 [ERROR] WebSocket error: 'b'
2025-05-06 16:42:24,991 [INFO] [ETHUSDT] Trade 2381272042 BUY 1797.78@0.005
2025-05-06 16:42:24,991 [ERROR] WebSocket error: 'b'
2025-05-06 16:42:24,991 [INFO] [ETHUSDT] Trade 2381272043 BUY 1797.78@0.2283
2025-05-06 16:42:24,991 [ERROR] WebSocket error: 'b'
2025-05-06 16:42:24,991 [INFO] [ETHUSDT] Trade 2381272044 BUY 1797.78@0.467
2025-05-06 16:42:24,991 [ERROR] WebSocket error: 'b'
2025-05-06 16:42:24,991 [INFO] [ETHUSDT] Trade 2381272045 BUY 1797.78@0.571
2025-05-06 16:42:24,991 [ERROR] WebSocket error: 'b'
2025-05-06 16:42:24,991 [INFO] [ETHUSDT] Trade 2381272046 BUY 1797.78@0.212
2025-05-06 16:42:24,991 [ERROR] WebSocket error: 'b'
2025-05-06 16:42:25,091 [INFO] [BNBUSDT] Bid 598.4000, Ask 598.4100, Spread 0.0100
2025-05-06 16:42:25,093 [INFO] [BTCUSDT] Trade 4877005713 BUY 94175.69@0.00106
2025-05-06 16:42:25,094 [ERROR] WebSocket error: 'b'
2025-05-06 16:42:25,186 [INFO] [ETHUSDT] Trade 2381272047 BUY 1797.78@0.0029
2025-05-06 16:42:25,187 [ERROR] WebSocket error: 'b'
2025-05-06 16:42:25,187 [INFO] [ETHUSDT] Trade 2381272048 BUY 1797.78@0.006
2025-05-06 16:42:25,187 [ERROR] WebSocket error: 'b'
2025-05-06 16:42:25,188 [INFO] [ETHUSDT] Trade 2381272049 BUY 1797.78@0.006
2025-05-06 16:42:25,188 [ERROR] WebSocket error: 'b'
2025-05-06 16:42:25,188 [INFO] [ETHUSDT] Trade 2381272050 BUY 1797.78@0.0028
2025-05-06 16:42:25,188 [ERROR] WebSocket error: 'b'
2025-05-06 16:42:25,189 [INFO] [ETHUSDT] Trade 2381272051 BUY 1797.78@0.006
2025-05-06 16:42:25,189 [ERROR] WebSocket error: 'b'
2025-05-06 16:42:25,189 [INFO] [ETHUSDT] Trade 2381272052 BUY 1797.78@0.0029
2025-05-06 16:42:25,189 [ERROR] WebSocket error: 'b'
2025-05-06 16:42:25,189 [INFO] [ETHUSDT] Trade 2381272053 BUY 1797.78@0.0029
2025-05-06 16:42:25,190 [ERROR] WebSocket error: 'b'
2025-05-06 16:42:25,190 [INFO] [ETHUSDT] Trade 2381272054 BUY 1797.78@0.0029
2025-05-06 16:42:25,190 [ERROR] WebSocket error: 'b'
2025-05-06 16:42:25,190 [INFO] [ETHUSDT] Trade 2381272055 BUY 1797.78@0.0049
2025-05-06 16:42:25,191 [ERROR] WebSocket error: 'b'
2025-05-06 16:42:25,191 [INFO] [ETHUSDT] Trade 2381272056 BUY 1797.78@0.0028
2025-05-06 16:42:25,191 [ERROR] WebSocket error: 'b'
2025-05-06 16:42:25,191 [INFO] [ETHUSDT] Trade 2381272057 BUY 1797.79@0.0033
2025-05-06 16:42:25,191 [ERROR] WebSocket error: 'b'
2025-05-06 16:42:25,192 [INFO] [ETHUSDT] Trade 2381272058 BUY 1797.79@0.0029
2025-05-06 16:42:25,192 [ERROR] WebSocket error: 'b'
2025-05-06 16:42:25,193 [INFO] [ETHUSDT] Trade 2381272059 BUY 1797.79@0.0029
2025-05-06 16:42:25,194 [ERROR] WebSocket error: 'b'
2025-05-06 16:42:25,194 [INFO] [ETHUSDT] Trade 2381272060 BUY 1797.79@0.0029
2025-05-06 16:42:25,194 [ERROR] WebSocket error: 'b'
2025-05-06 16:42:25,194 [INFO] [ETHUSDT] Trade 2381272061 BUY 1797.79@0.0029
2025-05-06 16:42:25,195 [ERROR] WebSocket error: 'b'
2025-05-06 16:42:25,199 [INFO] [ETHUSDT] Trade 2381272062 BUY 1797.8@0.0033
2025-05-06 16:42:25,199 [ERROR] WebSocket error: 'b'
2025-05-06 16:42:25,199 [INFO] [ETHUSDT] Trade 2381272063 BUY 1797.82@0.0033
2025-05-06 16:42:25,200 [ERROR] WebSocket error: 'b'
2025-05-06 16:42:25,200 [INFO] [ETHUSDT] Trade 2381272064 BUY 1797.86@0.0278
2025-05-06 16:42:25,202 [ERROR] WebSocket error: 'b'
2025-05-06 16:42:25,264 [INFO] [ETHUSDT] Trade 2381272065 SELL 1797.86@0.9382
2025-05-06 16:42:25,264 [ERROR] WebSocket error: 'b'
2025-05-06 16:42:25,341 [INFO] [ETHUSDT] Trade 2381272066 BUY 1797.87@0.0278
2025-05-06 16:42:25,341 [ERROR] WebSocket error: 'b'
2025-05-06 16:42:25,575 [INFO] [ETHUSDT] Trade 2381272067 SELL 1797.86@0.0035
2025-05-06 16:42:25,575 [ERROR] WebSocket error: 'b'
2025-05-06 16:42:25,752 [INFO] [BTCUSDT] Trade 4877005714 SELL 94175.68@0.00184
2025-05-06 16:42:25,752 [ERROR] WebSocket error: 'b'
2025-05-06 16:42:25,766 [INFO] [ETHUSDT] Trade 2381272068 BUY 1797.87@0.0278
2025-05-06 16:42:25,766 [ERROR] WebSocket error: 'b'
2025-05-06 16:42:25,906 [INFO] [BNBUSDT] Trade 1046018007 SELL 598.4@0.026
2025-05-06 16:42:25,906 [ERROR] WebSocket error: 'b'
2025-05-06 16:42:25,915 [INFO] [BTCUSDT] Bid 94175.6800, Ask 94175.6900, Spread 0.0100
2025-05-06 16:42:25,920 [INFO] [ETHUSDT] Bid 1797.8600, Ask 1797.8700, Spread 0.0100
2025-05-06 16:42:26,007 [INFO] [BNBUSDT] Bid 598.4000, Ask 598.4100, Spread 0.0100
2025-05-06 16:42:26,067 [INFO] [BTCUSDT] Trade 4877005715 BUY 94175.69@0.00106
2025-05-06 16:42:26,067 [ERROR] WebSocket error: 'b'
2025-05-06 16:42:26,113 [INFO] [BTCUSDT] Trade 4877005716 BUY 94175.69@0.00106
2025-05-06 16:42:26,113 [ERROR] WebSocket error: 'b'
2025-05-06 16:42:26,118 [INFO] [BTCUSDT] Trade 4877005717 BUY 94175.69@0.00106
2025-05-06 16:42:26,118 [ERROR] WebSocket error: 'b'
2025-05-06 16:42:26,168 [INFO] [BTCUSDT] Trade 4877005718 BUY 94175.69@0.13778
2025-05-06 16:42:26,168 [ERROR] WebSocket error: 'b'
2025-05-06 16:42:26,174 [INFO] [BTCUSDT] Trade 4877005719 BUY 94175.69@0.01643
2025-05-06 16:42:26,174 [ERROR] WebSocket error: 'b'
2025-05-06 16:42:26,174 [INFO] [BTCUSDT] Trade 4877005720 BUY 94175.69@0.16853
2025-05-06 16:42:26,174 [ERROR] WebSocket error: 'b'
2025-05-06 16:42:26,174 [INFO] [BTCUSDT] Trade 4877005721 BUY 94175.69@0.17626
2025-05-06 16:42:26,174 [ERROR] WebSocket error: 'b'
2025-05-06 16:42:26,174 [INFO] [BTCUSDT] Trade 4877005722 BUY 94175.69@0.13213
2025-05-06 16:42:26,174 [ERROR] WebSocket error: 'b'
2025-05-06 16:42:26,174 [INFO] [BTCUSDT] Trade 4877005723 BUY 94175.69@0.17253
2025-05-06 16:42:26,174 [ERROR] WebSocket error: 'b'
2025-05-06 16:42:26,174 [INFO] [BTCUSDT] Trade 4877005724 BUY 94175.69@6e-05
2025-05-06 16:42:26,174 [ERROR] WebSocket error: 'b'
2025-05-06 16:42:26,174 [INFO] [BTCUSDT] Trade 4877005725 BUY 94175.69@0.00202
2025-05-06 16:42:26,174 [ERROR] WebSocket error: 'b'
2025-05-06 16:42:26,175 [INFO] [BTCUSDT] Trade 4877005726 BUY 94175.69@0.03848
2025-05-06 16:42:26,175 [ERROR] WebSocket error: 'b'
2025-05-06 16:42:26,175 [INFO] [BTCUSDT] Trade 4877005727 BUY 94175.69@0.00159
2025-05-06 16:42:26,175 [ERROR] WebSocket error: 'b'
2025-05-06 16:42:26,175 [INFO] [BTCUSDT] Trade 4877005728 BUY 94175.69@0.00202
2025-05-06 16:42:26,175 [ERROR] WebSocket error: 'b'
2025-05-06 16:42:26,175 [INFO] [BTCUSDT] Trade 4877005729 BUY 94175.69@0.00044
2025-05-06 16:42:26,175 [ERROR] WebSocket error: 'b'
2025-05-06 16:42:26,175 [INFO] [BTCUSDT] Trade 4877005730 BUY 94175.69@0.00045
2025-05-06 16:42:26,175 [ERROR] WebSocket error: 'b'
2025-05-06 16:42:26,175 [INFO] [BTCUSDT] Trade 4877005731 BUY 94175.69@0.00045
2025-05-06 16:42:26,175 [ERROR] WebSocket error: 'b'
2025-05-06 16:42:26,175 [INFO] [BTCUSDT] Trade 4877005732 BUY 94175.69@6e-05
2025-05-06 16:42:26,175 [ERROR] WebSocket error: 'b'
2025-05-06 16:42:26,175 [INFO] [BTCUSDT] Trade 4877005733 BUY 94175.69@6e-05
2025-05-06 16:42:26,175 [ERROR] WebSocket error: 'b'
2025-05-06 16:42:26,176 [INFO] [BTCUSDT] Trade 4877005734 BUY 94175.69@0.0023
2025-05-06 16:42:26,176 [ERROR] WebSocket error: 'b'
2025-05-06 16:42:26,176 [INFO] [BTCUSDT] Trade 4877005735 BUY 94175.69@0.00124
2025-05-06 16:42:26,176 [ERROR] WebSocket error: 'b'
2025-05-06 16:42:26,176 [INFO] [BTCUSDT] Trade 4877005736 BUY 94175.69@0.00333
2025-05-06 16:42:26,176 [ERROR] WebSocket error: 'b'
2025-05-06 16:42:26,176 [INFO] [BTCUSDT] Trade 4877005737 BUY 94175.69@0.00022
2025-05-06 16:42:26,176 [ERROR] WebSocket error: 'b'
2025-05-06 16:42:26,176 [INFO] [BTCUSDT] Trade 4877005738 BUY 94175.69@0.00045
2025-05-06 16:42:26,176 [ERROR] WebSocket error: 'b'
2025-05-06 16:42:26,176 [INFO] [BTCUSDT] Trade 4877005739 BUY 94175.69@7e-05
2025-05-06 16:42:26,176 [ERROR] WebSocket error: 'b'
2025-05-06 16:42:26,176 [INFO] [BTCUSDT] Trade 4877005740 BUY 94175.69@6e-05
2025-05-06 16:42:26,176 [ERROR] WebSocket error: 'b'
2025-05-06 16:42:26,176 [INFO] [BTCUSDT] Trade 4877005741 BUY 94175.69@6e-05
2025-05-06 16:42:26,176 [ERROR] WebSocket error: 'b'
2025-05-06 16:42:26,176 [INFO] [BTCUSDT] Trade 4877005742 BUY 94175.69@6e-05
2025-05-06 16:42:26,176 [ERROR] WebSocket error: 'b'
2025-05-06 16:42:26,177 [INFO] [BTCUSDT] Trade 4877005743 BUY 94175.69@6e-05
2025-05-06 16:42:26,177 [ERROR] WebSocket error: 'b'
2025-05-06 16:42:26,177 [INFO] [BTCUSDT] Trade 4877005744 BUY 94175.69@6e-05
2025-05-06 16:42:26,177 [ERROR] WebSocket error: 'b'
2025-05-06 16:42:26,177 [INFO] [BTCUSDT] Trade 4877005745 BUY 94175.69@6e-05
2025-05-06 16:42:26,177 [ERROR] WebSocket error: 'b'
2025-05-06 16:42:26,177 [INFO] [BTCUSDT] Trade 4877005746 BUY 94175.69@6e-05
2025-05-06 16:42:26,177 [ERROR] WebSocket error: 'b'
2025-05-06 16:42:26,177 [INFO] [BTCUSDT] Trade 4877005747 BUY 94175.69@0.00377
2025-05-06 16:42:26,177 [ERROR] WebSocket error: 'b'
2025-05-06 16:42:26,177 [INFO] [BTCUSDT] Trade 4877005748 BUY 94175.69@0.00016
2025-05-06 16:42:26,177 [ERROR] WebSocket error: 'b'
2025-05-06 16:42:26,177 [INFO] [BTCUSDT] Trade 4877005749 BUY 94175.69@0.0001
2025-05-06 16:42:26,177 [ERROR] WebSocket error: 'b'
2025-05-06 16:42:26,177 [INFO] [BTCUSDT] Trade 4877005750 BUY 94175.69@6e-05
2025-05-06 16:42:26,177 [ERROR] WebSocket error: 'b'
2025-05-06 16:42:26,177 [INFO] [BTCUSDT] Trade 4877005751 BUY 94175.69@0.00318
2025-05-06 16:42:26,177 [ERROR] WebSocket error: 'b'
2025-05-06 16:42:26,178 [INFO] [BTCUSDT] Trade 4877005752 BUY 94175.69@6e-05
2025-05-06 16:42:26,178 [ERROR] WebSocket error: 'b'
2025-05-06 16:42:26,178 [INFO] [BTCUSDT] Trade 4877005753 BUY 94175.69@6e-05
2025-05-06 16:42:26,178 [ERROR] WebSocket error: 'b'
2025-05-06 16:42:26,178 [INFO] [BTCUSDT] Trade 4877005754 BUY 94175.69@6e-05
2025-05-06 16:42:26,178 [ERROR] WebSocket error: 'b'
2025-05-06 16:42:26,178 [INFO] [BTCUSDT] Trade 4877005755 BUY 94175.69@6e-05
2025-05-06 16:42:26,178 [ERROR] WebSocket error: 'b'
2025-05-06 16:42:26,178 [INFO] [BTCUSDT] Trade 4877005756 BUY 94175.7@6e-05
2025-05-06 16:42:26,178 [ERROR] WebSocket error: 'b'
2025-05-06 16:42:26,178 [INFO] [BTCUSDT] Trade 4877005757 BUY 94175.7@6e-05
2025-05-06 16:42:26,178 [ERROR] WebSocket error: 'b'
2025-05-06 16:42:26,178 [INFO] [BTCUSDT] Trade 4877005758 BUY 94175.7@6e-05
2025-05-06 16:42:26,178 [ERROR] WebSocket error: 'b'
2025-05-06 16:42:26,178 [INFO] [BTCUSDT] Trade 4877005759 BUY 94175.7@6e-05
2025-05-06 16:42:26,178 [ERROR] WebSocket error: 'b'
2025-05-06 16:42:26,179 [INFO] [BTCUSDT] Trade 4877005760 BUY 94175.7@6e-05
2025-05-06 16:42:26,179 [ERROR] WebSocket error: 'b'
2025-05-06 16:42:26,179 [INFO] [BTCUSDT] Trade 4877005761 BUY 94175.7@6e-05
2025-05-06 16:42:26,179 [ERROR] WebSocket error: 'b'
2025-05-06 16:42:26,179 [INFO] [BTCUSDT] Trade 4877005762 BUY 94175.7@6e-05
2025-05-06 16:42:26,179 [ERROR] WebSocket error: 'b'
2025-05-06 16:42:26,179 [INFO] [BTCUSDT] Trade 4877005763 BUY 94175.7@6e-05
2025-05-06 16:42:26,179 [ERROR] WebSocket error: 'b'
2025-05-06 16:42:26,179 [INFO] [BTCUSDT] Trade 4877005764 BUY 94175.7@6e-05
2025-05-06 16:42:26,179 [ERROR] WebSocket error: 'b'
2025-05-06 16:42:26,179 [INFO] [BTCUSDT] Trade 4877005765 BUY 94175.7@6e-05
2025-05-06 16:42:26,179 [ERROR] WebSocket error: 'b'
2025-05-06 16:42:26,179 [INFO] [BTCUSDT] Trade 4877005766 BUY 94175.7@6e-05
2025-05-06 16:42:26,179 [ERROR] WebSocket error: 'b'
2025-05-06 16:42:26,179 [INFO] [BTCUSDT] Trade 4877005767 BUY 94175.7@6e-05
2025-05-06 16:42:26,179 [ERROR] WebSocket error: 'b'
2025-05-06 16:42:26,179 [INFO] [BTCUSDT] Trade 4877005768 BUY 94175.71@6e-05
2025-05-06 16:42:26,179 [ERROR] WebSocket error: 'b'
2025-05-06 16:42:26,180 [INFO] [BTCUSDT] Trade 4877005769 BUY 94175.74@6e-05
2025-05-06 16:42:26,180 [ERROR] WebSocket error: 'b'
2025-05-06 16:42:26,180 [INFO] [BTCUSDT] Trade 4877005770 BUY 94175.75@6e-05
2025-05-06 16:42:26,180 [ERROR] WebSocket error: 'b'
2025-05-06 16:42:26,180 [INFO] [BTCUSDT] Trade 4877005771 BUY 94175.76@6e-05
2025-05-06 16:42:26,180 [ERROR] WebSocket error: 'b'
2025-05-06 16:42:26,180 [INFO] [BTCUSDT] Trade 4877005772 BUY 94175.77@6e-05
2025-05-06 16:42:26,180 [ERROR] WebSocket error: 'b'
2025-05-06 16:42:26,180 [INFO] [BTCUSDT] Trade 4877005773 BUY 94176.11@6e-05
2025-05-06 16:42:26,180 [ERROR] WebSocket error: 'b'
2025-05-06 16:42:26,180 [INFO] [BTCUSDT] Trade 4877005774 BUY 94176.44@7e-05
2025-05-06 16:42:26,180 [ERROR] WebSocket error: 'b'
2025-05-06 16:42:26,180 [INFO] [BNBUSDT] Trade 1046018008 BUY 598.41@5.67
2025-05-06 16:42:26,180 [ERROR] WebSocket error: 'b'
2025-05-06 16:42:26,180 [INFO] [BNBUSDT] Trade 1046018009 BUY 598.41@0.82
2025-05-06 16:42:26,180 [ERROR] WebSocket error: 'b'
2025-05-06 16:42:26,180 [INFO] [BTCUSDT] Trade 4877005775 BUY 94177.49@7e-05
2025-05-06 16:42:26,181 [ERROR] WebSocket error: 'b'
2025-05-06 16:42:26,181 [INFO] [BTCUSDT] Trade 4877005776 BUY 94177.58@0.00045
2025-05-06 16:42:26,181 [ERROR] WebSocket error: 'b'
2025-05-06 16:42:26,181 [INFO] [BTCUSDT] Trade 4877005777 BUY 94178.0@6e-05
2025-05-06 16:42:26,181 [ERROR] WebSocket error: 'b'
2025-05-06 16:42:26,181 [INFO] [BTCUSDT] Trade 4877005778 BUY 94178.37@0.00201
2025-05-06 16:42:26,181 [ERROR] WebSocket error: 'b'
2025-05-06 16:42:26,181 [INFO] [BTCUSDT] Trade 4877005779 BUY 94178.37@0.00202
2025-05-06 16:42:26,181 [ERROR] WebSocket error: 'b'
2025-05-06 16:42:26,181 [INFO] [BNBUSDT] Trade 1046018010 BUY 598.41@1.802
2025-05-06 16:42:26,181 [ERROR] WebSocket error: 'b'
2025-05-06 16:42:26,181 [INFO] [BNBUSDT] Trade 1046018011 BUY 598.41@0.009
2025-05-06 16:42:26,181 [ERROR] WebSocket error: 'b'
2025-05-06 16:42:26,181 [INFO] [BNBUSDT] Trade 1046018012 BUY 598.41@1.282
2025-05-06 16:42:26,181 [ERROR] WebSocket error: 'b'
2025-05-06 16:42:26,181 [INFO] [BNBUSDT] Trade 1046018013 BUY 598.41@0.218
2025-05-06 16:42:26,181 [ERROR] WebSocket error: 'b'
2025-05-06 16:42:26,182 [INFO] [BNBUSDT] Trade 1046018014 BUY 598.41@0.009
2025-05-06 16:42:26,182 [ERROR] WebSocket error: 'b'
2025-05-06 16:42:26,182 [INFO] [BNBUSDT] Trade 1046018015 BUY 598.41@0.009
2025-05-06 16:42:26,182 [ERROR] WebSocket error: 'b'
2025-05-06 16:42:26,182 [INFO] [BNBUSDT] Trade 1046018016 BUY 598.41@0.009
2025-05-06 16:42:26,182 [ERROR] WebSocket error: 'b'
2025-05-06 16:42:26,182 [INFO] [BNBUSDT] Trade 1046018017 BUY 598.41@0.009
2025-05-06 16:42:26,182 [ERROR] WebSocket error: 'b'
2025-05-06 16:42:26,182 [INFO] [BNBUSDT] Trade 1046018018 BUY 598.41@0.009
2025-05-06 16:42:26,182 [ERROR] WebSocket error: 'b'
2025-05-06 16:42:26,182 [INFO] [BNBUSDT] Trade 1046018019 BUY 598.41@11.077
2025-05-06 16:42:26,182 [ERROR] WebSocket error: 'b'
2025-05-06 16:42:26,182 [INFO] [BNBUSDT] Trade 1046018020 BUY 598.41@0.659
2025-05-06 16:42:26,182 [ERROR] WebSocket error: 'b'
2025-05-06 16:42:26,182 [INFO] [BNBUSDT] Trade 1046018021 BUY 598.41@0.009
2025-05-06 16:42:26,182 [ERROR] WebSocket error: 'b'
2025-05-06 16:42:26,183 [INFO] [BNBUSDT] Trade 1046018022 BUY 598.41@0.009
2025-05-06 16:42:26,183 [ERROR] WebSocket error: 'b'
2025-05-06 16:42:26,183 [INFO] [BNBUSDT] Trade 1046018023 BUY 598.41@0.009
2025-05-06 16:42:26,183 [ERROR] WebSocket error: 'b'
2025-05-06 16:42:26,183 [INFO] [BNBUSDT] Trade 1046018024 BUY 598.41@0.009
2025-05-06 16:42:26,183 [ERROR] WebSocket error: 'b'
2025-05-06 16:42:26,184 [INFO] [BNBUSDT] Trade 1046018025 BUY 598.42@0.009
2025-05-06 16:42:26,184 [ERROR] WebSocket error: 'b'
2025-05-06 16:42:26,185 [INFO] [BNBUSDT] Trade 1046018026 BUY 598.42@0.011
2025-05-06 16:42:26,185 [ERROR] WebSocket error: 'b'
2025-05-06 16:42:26,185 [INFO] [BNBUSDT] Trade 1046018027 BUY 598.42@0.009
2025-05-06 16:42:26,185 [ERROR] WebSocket error: 'b'
2025-05-06 16:42:26,185 [INFO] [BNBUSDT] Trade 1046018028 BUY 598.42@0.009
2025-05-06 16:42:26,185 [ERROR] WebSocket error: 'b'
2025-05-06 16:42:26,185 [INFO] [BNBUSDT] Trade 1046018029 BUY 598.43@0.009
2025-05-06 16:42:26,185 [ERROR] WebSocket error: 'b'
2025-05-06 16:42:26,190 [INFO] [BTCUSDT] Trade 4877005780 SELL 94179.99@0.03863
2025-05-06 16:42:26,190 [ERROR] WebSocket error: 'b'
2025-05-06 16:42:26,190 [INFO] [BTCUSDT] Trade 4877005781 BUY 94180.0@6e-05
2025-05-06 16:42:26,190 [ERROR] WebSocket error: 'b'
2025-05-06 16:42:26,190 [INFO] [BTCUSDT] Trade 4877005782 BUY 94180.0@6e-05
2025-05-06 16:42:26,190 [ERROR] WebSocket error: 'b'
2025-05-06 16:42:26,190 [INFO] [BTCUSDT] Trade 4877005783 BUY 94180.0@0.00131
2025-05-06 16:42:26,190 [ERROR] WebSocket error: 'b'
2025-05-06 16:42:26,202 [INFO] [ETHUSDT] Trade 2381272069 BUY 1797.87@1.0694
2025-05-06 16:42:26,202 [ERROR] WebSocket error: 'b'
2025-05-06 16:42:26,225 [INFO] [BTCUSDT] Trade 4877005784 BUY 94180.0@6e-05
2025-05-06 16:42:26,225 [ERROR] WebSocket error: 'b'
2025-05-06 16:42:26,226 [INFO] [BTCUSDT] Trade 4877005785 BUY 94180.0@0.0001
2025-05-06 16:42:26,226 [ERROR] WebSocket error: 'b'
2025-05-06 16:42:26,226 [INFO] [BTCUSDT] Trade 4877005786 BUY 94180.0@6e-05
2025-05-06 16:42:26,226 [ERROR] WebSocket error: 'b'
2025-05-06 16:42:26,226 [INFO] [BTCUSDT] Trade 4877005787 BUY 94180.0@0.00159
2025-05-06 16:42:26,226 [ERROR] WebSocket error: 'b'
2025-05-06 16:42:26,226 [INFO] [BTCUSDT] Trade 4877005788 BUY 94180.0@6e-05
2025-05-06 16:42:26,226 [ERROR] WebSocket error: 'b'
2025-05-06 16:42:26,226 [INFO] [BTCUSDT] Trade 4877005789 BUY 94180.0@6e-05
2025-05-06 16:42:26,226 [ERROR] WebSocket error: 'b'
2025-05-06 16:42:26,226 [INFO] [BTCUSDT] Trade 4877005790 BUY 94180.01@6e-05
2025-05-06 16:42:26,226 [ERROR] WebSocket error: 'b'
2025-05-06 16:42:26,226 [INFO] [BTCUSDT] Trade 4877005791 BUY 94181.08@7e-05
2025-05-06 16:42:26,226 [ERROR] WebSocket error: 'b'
2025-05-06 16:42:26,226 [INFO] [BTCUSDT] Trade 4877005792 BUY 94181.08@6e-05
2025-05-06 16:42:26,226 [ERROR] WebSocket error: 'b'
2025-05-06 16:42:26,227 [INFO] [BTCUSDT] Trade 4877005793 BUY 94181.6@6e-05
2025-05-06 16:42:26,227 [ERROR] WebSocket error: 'b'
2025-05-06 16:42:26,227 [INFO] [BTCUSDT] Trade 4877005794 BUY 94181.6@6e-05
2025-05-06 16:42:26,227 [ERROR] WebSocket error: 'b'
2025-05-06 16:42:26,293 [INFO] [ETHUSDT] Trade 2381272070 BUY 1797.87@0.025
2025-05-06 16:42:26,293 [ERROR] WebSocket error: 'b'
2025-05-06 16:42:26,293 [INFO] [ETHUSDT] Trade 2381272071 BUY 1797.87@0.006
2025-05-06 16:42:26,293 [ERROR] WebSocket error: 'b'
2025-05-06 16:42:26,293 [INFO] [ETHUSDT] Trade 2381272072 BUY 1797.87@0.0029
2025-05-06 16:42:26,293 [ERROR] WebSocket error: 'b'
2025-05-06 16:42:26,293 [INFO] [ETHUSDT] Trade 2381272073 BUY 1797.87@0.0029
2025-05-06 16:42:26,293 [ERROR] WebSocket error: 'b'
2025-05-06 16:42:26,293 [INFO] [ETHUSDT] Trade 2381272074 BUY 1797.87@0.0033
2025-05-06 16:42:26,293 [ERROR] WebSocket error: 'b'
2025-05-06 16:42:26,293 [INFO] [ETHUSDT] Trade 2381272075 BUY 1797.87@0.0507
2025-05-06 16:42:26,293 [ERROR] WebSocket error: 'b'
2025-05-06 16:42:26,294 [INFO] [ETHUSDT] Trade 2381272076 BUY 1797.87@0.0049
2025-05-06 16:42:26,294 [ERROR] WebSocket error: 'b'
2025-05-06 16:42:26,294 [INFO] [ETHUSDT] Trade 2381272077 BUY 1797.87@0.0029
2025-05-06 16:42:26,294 [ERROR] WebSocket error: 'b'
2025-05-06 16:42:26,294 [INFO] [ETHUSDT] Trade 2381272078 BUY 1797.87@0.0029
2025-05-06 16:42:26,294 [ERROR] WebSocket error: 'b'
2025-05-06 16:42:26,294 [INFO] [ETHUSDT] Trade 2381272079 BUY 1797.87@0.006
2025-05-06 16:42:26,294 [ERROR] WebSocket error: 'b'
2025-05-06 16:42:26,294 [INFO] [ETHUSDT] Trade 2381272080 BUY 1797.87@0.0029
2025-05-06 16:42:26,294 [ERROR] WebSocket error: 'b'
2025-05-06 16:42:26,294 [INFO] [ETHUSDT] Trade 2381272081 BUY 1797.87@0.0029
2025-05-06 16:42:26,294 [ERROR] WebSocket error: 'b'
2025-05-06 16:42:26,294 [INFO] [ETHUSDT] Trade 2381272082 BUY 1797.87@0.0028
2025-05-06 16:42:26,294 [ERROR] WebSocket error: 'b'
2025-05-06 16:42:26,294 [INFO] [ETHUSDT] Trade 2381272083 BUY 1797.87@0.006
2025-05-06 16:42:26,294 [ERROR] WebSocket error: 'b'
2025-05-06 16:42:26,294 [INFO] [ETHUSDT] Trade 2381272084 BUY 1797.87@0.0278
2025-05-06 16:42:26,294 [ERROR] WebSocket error: 'b'
2025-05-06 16:42:26,295 [INFO] [ETHUSDT] Trade 2381272085 BUY 1797.87@0.0028
2025-05-06 16:42:26,295 [ERROR] WebSocket error: 'b'
2025-05-06 16:42:26,295 [INFO] [ETHUSDT] Trade 2381272086 BUY 1797.88@0.0029
2025-05-06 16:42:26,295 [ERROR] WebSocket error: 'b'
2025-05-06 16:42:26,295 [INFO] [ETHUSDT] Trade 2381272087 BUY 1797.88@0.0029
2025-05-06 16:42:26,295 [ERROR] WebSocket error: 'b'
2025-05-06 16:42:26,295 [INFO] [ETHUSDT] Trade 2381272088 BUY 1797.88@0.0029
2025-05-06 16:42:26,295 [ERROR] WebSocket error: 'b'
2025-05-06 16:42:26,295 [INFO] [ETHUSDT] Trade 2381272089 BUY 1797.88@0.0029
2025-05-06 16:42:26,295 [ERROR] WebSocket error: 'b'
2025-05-06 16:42:26,295 [INFO] [ETHUSDT] Trade 2381272090 BUY 1797.9@0.0033
2025-05-06 16:42:26,295 [ERROR] WebSocket error: 'b'
2025-05-06 16:42:26,295 [INFO] [ETHUSDT] Trade 2381272091 BUY 1797.91@0.0033
2025-05-06 16:42:26,295 [ERROR] WebSocket error: 'b'
2025-05-06 16:42:26,295 [INFO] [ETHUSDT] Trade 2381272092 BUY 1797.92@0.0028
2025-05-06 16:42:26,295 [ERROR] WebSocket error: 'b'
2025-05-06 16:42:26,295 [INFO] [ETHUSDT] Trade 2381272093 BUY 1797.92@0.0028
2025-05-06 16:42:26,295 [ERROR] WebSocket error: 'b'
2025-05-06 16:42:26,296 [INFO] [ETHUSDT] Trade 2381272094 BUY 1797.93@0.0058
2025-05-06 16:42:26,296 [ERROR] WebSocket error: 'b'
2025-05-06 16:42:26,296 [INFO] [ETHUSDT] Trade 2381272095 BUY 1797.93@0.0028
2025-05-06 16:42:26,296 [ERROR] WebSocket error: 'b'
2025-05-06 16:42:26,296 [INFO] [ETHUSDT] Trade 2381272096 BUY 1797.93@0.056
2025-05-06 16:42:26,296 [ERROR] WebSocket error: 'b'
2025-05-06 16:42:26,296 [INFO] [ETHUSDT] Trade 2381272097 BUY 1797.93@0.004
2025-05-06 16:42:26,296 [ERROR] WebSocket error: 'b'
2025-05-06 16:42:26,296 [INFO] [ETHUSDT] Trade 2381272098 BUY 1797.93@0.0165
2025-05-06 16:42:26,296 [ERROR] WebSocket error: 'b'
2025-05-06 16:42:26,296 [INFO] [ETHUSDT] Trade 2381272099 BUY 1797.93@0.0028
2025-05-06 16:42:26,296 [ERROR] WebSocket error: 'b'
2025-05-06 16:42:26,296 [INFO] [ETHUSDT] Trade 2381272100 BUY 1797.93@0.0029
2025-05-06 16:42:26,296 [ERROR] WebSocket error: 'b'
2025-05-06 16:42:26,296 [INFO] [ETHUSDT] Trade 2381272101 BUY 1797.93@0.0029
2025-05-06 16:42:26,296 [ERROR] WebSocket error: 'b'
2025-05-06 16:42:26,296 [INFO] [ETHUSDT] Trade 2381272102 BUY 1797.93@0.006
2025-05-06 16:42:26,297 [ERROR] WebSocket error: 'b'
2025-05-06 16:42:26,297 [INFO] [ETHUSDT] Trade 2381272103 BUY 1797.93@0.0033
2025-05-06 16:42:26,297 [ERROR] WebSocket error: 'b'
2025-05-06 16:42:26,297 [INFO] [ETHUSDT] Trade 2381272104 BUY 1797.93@0.0028
2025-05-06 16:42:26,297 [ERROR] WebSocket error: 'b'
2025-05-06 16:42:26,297 [INFO] [ETHUSDT] Trade 2381272105 BUY 1797.94@0.0071
2025-05-06 16:42:26,297 [ERROR] WebSocket error: 'b'
2025-05-06 16:42:26,486 [INFO] [BNBUSDT] Trade 1046018030 SELL 598.43@3.036
2025-05-06 16:42:26,486 [ERROR] WebSocket error: 'b'
2025-05-06 16:42:26,586 [INFO] [BTCUSDT] Trade 4877005795 SELL 94181.97@0.00115
2025-05-06 16:42:26,586 [ERROR] WebSocket error: 'b'
2025-05-06 16:42:27,065 [INFO] [BTCUSDT] Trade 4877005796 SELL 94181.97@0.0001
2025-05-06 16:42:27,066 [ERROR] WebSocket error: 'b'
2025-05-06 16:42:27,066 [INFO] [ETHUSDT] Bid 1797.9300, Ask 1797.9400, Spread 0.0100
2025-05-06 16:42:27,066 [INFO] [BTCUSDT] Bid 94181.9700, Ask 94181.9800, Spread 0.0100
2025-05-06 16:42:27,067 [INFO] [BNBUSDT] Bid 598.4300, Ask 598.4400, Spread 0.0100
2025-05-06 16:42:27,145 [INFO] [BNBUSDT] Trade 1046018031 BUY 598.44@0.5
2025-05-06 16:42:27,145 [ERROR] WebSocket error: 'b'
2025-05-06 16:42:27,145 [INFO] [BNBUSDT] Trade 1046018032 BUY 598.44@0.038
2025-05-06 16:42:27,145 [ERROR] WebSocket error: 'b'
2025-05-06 16:42:27,145 [INFO] [BNBUSDT] Trade 1046018033 BUY 598.44@2.464
2025-05-06 16:42:27,145 [ERROR] WebSocket error: 'b'
2025-05-06 16:42:27,223 [INFO] [BTCUSDT] Trade 4877005797 SELL 94181.97@0.00085
2025-05-06 16:42:27,223 [ERROR] WebSocket error: 'b'
2025-05-06 16:42:27,250 [INFO] [BNBUSDT] Trade 1046018034 BUY 598.44@0.017
2025-05-06 16:42:27,250 [ERROR] WebSocket error: 'b'
2025-05-06 16:42:27,359 [INFO] [BNBUSDT] Trade 1046018035 BUY 598.44@0.519
2025-05-06 16:42:27,359 [ERROR] WebSocket error: 'b'
2025-05-06 16:42:27,359 [INFO] [BNBUSDT] Trade 1046018036 BUY 598.44@0.009
2025-05-06 16:42:27,359 [ERROR] WebSocket error: 'b'
2025-05-06 16:42:27,359 [INFO] [BNBUSDT] Trade 1046018037 BUY 598.44@0.009
2025-05-06 16:42:27,359 [ERROR] WebSocket error: 'b'
2025-05-06 16:42:27,359 [INFO] [BNBUSDT] Trade 1046018038 BUY 598.44@0.009
2025-05-06 16:42:27,359 [ERROR] WebSocket error: 'b'
2025-05-06 16:42:27,359 [INFO] [BNBUSDT] Trade 1046018039 BUY 598.44@0.009
2025-05-06 16:42:27,359 [ERROR] WebSocket error: 'b'
2025-05-06 16:42:27,359 [INFO] [BNBUSDT] Trade 1046018040 BUY 598.44@0.009
2025-05-06 16:42:27,359 [ERROR] WebSocket error: 'b'
2025-05-06 16:42:27,359 [INFO] [BNBUSDT] Trade 1046018041 BUY 598.44@0.009
2025-05-06 16:42:27,359 [ERROR] WebSocket error: 'b'
2025-05-06 16:42:27,360 [INFO] [BNBUSDT] Trade 1046018042 BUY 598.44@0.009
2025-05-06 16:42:27,360 [ERROR] WebSocket error: 'b'
2025-05-06 16:42:27,360 [INFO] [BNBUSDT] Trade 1046018043 BUY 598.44@0.009
2025-05-06 16:42:27,360 [ERROR] WebSocket error: 'b'
2025-05-06 16:42:27,360 [INFO] [BNBUSDT] Trade 1046018044 BUY 598.45@0.017
2025-05-06 16:42:27,360 [ERROR] WebSocket error: 'b'
2025-05-06 16:42:27,360 [INFO] [BNBUSDT] Trade 1046018045 BUY 598.45@0.009
2025-05-06 16:42:27,360 [ERROR] WebSocket error: 'b'
2025-05-06 16:42:27,360 [INFO] [BNBUSDT] Trade 1046018046 BUY 598.45@0.009
2025-05-06 16:42:27,360 [ERROR] WebSocket error: 'b'
2025-05-06 16:42:27,360 [INFO] [BNBUSDT] Trade 1046018047 BUY 598.45@0.009
2025-05-06 16:42:27,360 [ERROR] WebSocket error: 'b'
2025-05-06 16:42:27,360 [INFO] [BNBUSDT] Trade 1046018048 BUY 598.46@0.011
2025-05-06 16:42:27,360 [ERROR] WebSocket error: 'b'
2025-05-06 16:42:27,360 [INFO] [BNBUSDT] Trade 1046018049 BUY 598.46@0.009
2025-05-06 16:42:27,360 [ERROR] WebSocket error: 'b'
2025-05-06 16:42:27,361 [INFO] [BNBUSDT] Trade 1046018050 BUY 598.46@0.009
2025-05-06 16:42:27,361 [ERROR] WebSocket error: 'b'
2025-05-06 16:42:27,361 [INFO] [BNBUSDT] Trade 1046018051 BUY 598.47@0.009
2025-05-06 16:42:27,361 [ERROR] WebSocket error: 'b'
2025-05-06 16:42:27,361 [INFO] [BNBUSDT] Trade 1046018052 BUY 598.47@0.017
2025-05-06 16:42:27,361 [ERROR] WebSocket error: 'b'
2025-05-06 16:42:27,361 [INFO] [BNBUSDT] Trade 1046018053 BUY 598.47@0.009
2025-05-06 16:42:27,361 [ERROR] WebSocket error: 'b'
2025-05-06 16:42:27,361 [INFO] [BNBUSDT] Trade 1046018054 BUY 598.48@0.01
2025-05-06 16:42:27,361 [ERROR] WebSocket error: 'b'
2025-05-06 16:42:27,361 [INFO] [BNBUSDT] Trade 1046018055 BUY 598.48@0.048
2025-05-06 16:42:27,361 [ERROR] WebSocket error: 'b'
2025-05-06 16:42:27,361 [INFO] [BNBUSDT] Trade 1046018056 BUY 598.48@0.009
2025-05-06 16:42:27,361 [ERROR] WebSocket error: 'b'
2025-05-06 16:42:27,361 [INFO] [BNBUSDT] Trade 1046018057 BUY 598.49@0.017
2025-05-06 16:42:27,361 [ERROR] WebSocket error: 'b'
2025-05-06 16:42:27,361 [INFO] [BNBUSDT] Trade 1046018058 BUY 598.49@0.009
2025-05-06 16:42:27,361 [ERROR] WebSocket error: 'b'
2025-05-06 16:42:27,373 [INFO] [BTCUSDT] Trade 4877005798 BUY 94181.98@6e-05
2025-05-06 16:42:27,373 [ERROR] WebSocket error: 'b'
2025-05-06 16:42:27,374 [INFO] [BTCUSDT] Trade 4877005799 BUY 94181.98@6e-05
2025-05-06 16:42:27,374 [ERROR] WebSocket error: 'b'
2025-05-06 16:42:27,374 [INFO] [BTCUSDT] Trade 4877005800 BUY 94181.98@6e-05
2025-05-06 16:42:27,374 [ERROR] WebSocket error: 'b'
2025-05-06 16:42:27,374 [INFO] [BTCUSDT] Trade 4877005801 BUY 94181.98@0.03185
2025-05-06 16:42:27,374 [ERROR] WebSocket error: 'b'
2025-05-06 16:42:27,374 [INFO] [BTCUSDT] Trade 4877005802 BUY 94181.98@6e-05
2025-05-06 16:42:27,374 [ERROR] WebSocket error: 'b'
2025-05-06 16:42:27,374 [INFO] [BTCUSDT] Trade 4877005803 BUY 94181.98@0.0001
2025-05-06 16:42:27,374 [ERROR] WebSocket error: 'b'
2025-05-06 16:42:27,374 [INFO] [BTCUSDT] Trade 4877005804 BUY 94181.98@6e-05
2025-05-06 16:42:27,374 [ERROR] WebSocket error: 'b'
2025-05-06 16:42:27,374 [INFO] [BTCUSDT] Trade 4877005805 BUY 94181.98@6e-05
2025-05-06 16:42:27,374 [ERROR] WebSocket error: 'b'
2025-05-06 16:42:27,374 [INFO] [BTCUSDT] Trade 4877005806 BUY 94181.98@6e-05
2025-05-06 16:42:27,374 [ERROR] WebSocket error: 'b'
2025-05-06 16:42:27,374 [INFO] [BTCUSDT] Trade 4877005807 BUY 94181.98@6e-05
2025-05-06 16:42:27,375 [ERROR] WebSocket error: 'b'
2025-05-06 16:42:27,375 [INFO] [BTCUSDT] Trade 4877005808 BUY 94181.98@6e-05
2025-05-06 16:42:27,375 [ERROR] WebSocket error: 'b'
2025-05-06 16:42:27,375 [INFO] [BTCUSDT] Trade 4877005809 BUY 94181.98@9e-05
2025-05-06 16:42:27,375 [ERROR] WebSocket error: 'b'
2025-05-06 16:42:27,375 [INFO] [BTCUSDT] Trade 4877005810 BUY 94181.98@9e-05
2025-05-06 16:42:27,375 [ERROR] WebSocket error: 'b'
2025-05-06 16:42:27,375 [INFO] [BTCUSDT] Trade 4877005811 BUY 94181.98@0.00159
2025-05-06 16:42:27,375 [ERROR] WebSocket error: 'b'
2025-05-06 16:42:27,375 [INFO] [BTCUSDT] Trade 4877005812 BUY 94181.98@0.00025
2025-05-06 16:42:27,375 [ERROR] WebSocket error: 'b'
2025-05-06 16:42:27,375 [INFO] [BTCUSDT] Trade 4877005813 BUY 94181.98@0.00044
2025-05-06 16:42:27,375 [ERROR] WebSocket error: 'b'
2025-05-06 16:42:27,375 [INFO] [BTCUSDT] Trade 4877005814 BUY 94181.98@6e-05
2025-05-06 16:42:27,375 [ERROR] WebSocket error: 'b'
2025-05-06 16:42:27,375 [INFO] [BTCUSDT] Trade 4877005815 BUY 94181.98@6e-05
2025-05-06 16:42:27,375 [ERROR] WebSocket error: 'b'
2025-05-06 16:42:27,375 [INFO] [BTCUSDT] Trade 4877005816 BUY 94181.98@6e-05
2025-05-06 16:42:27,376 [ERROR] WebSocket error: 'b'
2025-05-06 16:42:27,376 [INFO] [BTCUSDT] Trade 4877005817 BUY 94181.98@0.00101
2025-05-06 16:42:27,376 [ERROR] WebSocket error: 'b'
2025-05-06 16:42:27,376 [INFO] [BTCUSDT] Trade 4877005818 BUY 94181.98@0.00045
2025-05-06 16:42:27,376 [ERROR] WebSocket error: 'b'
2025-05-06 16:42:27,376 [INFO] [BTCUSDT] Trade 4877005819 BUY 94181.98@0.00054
2025-05-06 16:42:27,376 [ERROR] WebSocket error: 'b'
2025-05-06 16:42:27,376 [INFO] [BTCUSDT] Trade 4877005820 BUY 94181.98@6e-05
2025-05-06 16:42:27,376 [ERROR] WebSocket error: 'b'
2025-05-06 16:42:27,376 [INFO] [BTCUSDT] Trade 4877005821 BUY 94181.98@6e-05
2025-05-06 16:42:27,376 [ERROR] WebSocket error: 'b'
2025-05-06 16:42:27,376 [INFO] [BTCUSDT] Trade 4877005822 BUY 94181.98@0.00045
2025-05-06 16:42:27,376 [ERROR] WebSocket error: 'b'
2025-05-06 16:42:27,376 [INFO] [BTCUSDT] Trade 4877005823 BUY 94181.98@6e-05
2025-05-06 16:42:27,376 [ERROR] WebSocket error: 'b'
2025-05-06 16:42:27,376 [INFO] [BTCUSDT] Trade 4877005824 BUY 94181.98@6e-05
2025-05-06 16:42:27,376 [ERROR] WebSocket error: 'b'
2025-05-06 16:42:27,376 [INFO] [BTCUSDT] Trade 4877005825 BUY 94181.98@6e-05
2025-05-06 16:42:27,377 [ERROR] WebSocket error: 'b'
2025-05-06 16:42:27,377 [INFO] [BTCUSDT] Trade 4877005826 BUY 94181.98@6e-05
2025-05-06 16:42:27,377 [ERROR] WebSocket error: 'b'
2025-05-06 16:42:27,377 [INFO] [BTCUSDT] Trade 4877005827 BUY 94181.98@6e-05
2025-05-06 16:42:27,377 [ERROR] WebSocket error: 'b'
2025-05-06 16:42:27,377 [INFO] [BTCUSDT] Trade 4877005828 BUY 94181.98@6e-05
2025-05-06 16:42:27,377 [ERROR] WebSocket error: 'b'
2025-05-06 16:42:27,377 [INFO] [BTCUSDT] Trade 4877005829 BUY 94181.98@6e-05
2025-05-06 16:42:27,377 [ERROR] WebSocket error: 'b'
2025-05-06 16:42:27,377 [INFO] [BTCUSDT] Trade 4877005830 BUY 94181.99@0.03185
2025-05-06 16:42:27,377 [ERROR] WebSocket error: 'b'
2025-05-06 16:42:27,377 [INFO] [BTCUSDT] Trade 4877005831 BUY 94181.99@6e-05
2025-05-06 16:42:27,377 [ERROR] WebSocket error: 'b'
2025-05-06 16:42:27,377 [INFO] [BTCUSDT] Trade 4877005832 BUY 94181.99@6e-05
2025-05-06 16:42:27,377 [ERROR] WebSocket error: 'b'
2025-05-06 16:42:27,377 [INFO] [BTCUSDT] Trade 4877005833 BUY 94181.99@6e-05
2025-05-06 16:42:27,377 [ERROR] WebSocket error: 'b'
2025-05-06 16:42:27,378 [INFO] [BTCUSDT] Trade 4877005834 BUY 94181.99@6e-05
2025-05-06 16:42:27,378 [ERROR] WebSocket error: 'b'
2025-05-06 16:42:27,378 [INFO] [BTCUSDT] Trade 4877005835 BUY 94181.99@6e-05
2025-05-06 16:42:27,378 [ERROR] WebSocket error: 'b'
2025-05-06 16:42:27,378 [INFO] [BTCUSDT] Trade 4877005836 BUY 94181.99@6e-05
2025-05-06 16:42:27,378 [ERROR] WebSocket error: 'b'
2025-05-06 16:42:27,378 [INFO] [BTCUSDT] Trade 4877005837 BUY 94181.99@6e-05
2025-05-06 16:42:27,378 [ERROR] WebSocket error: 'b'
2025-05-06 16:42:27,378 [INFO] [BTCUSDT] Trade 4877005838 BUY 94181.99@6e-05
2025-05-06 16:42:27,378 [ERROR] WebSocket error: 'b'
2025-05-06 16:42:27,378 [INFO] [BTCUSDT] Trade 4877005839 BUY 94181.99@6e-05
2025-05-06 16:42:27,378 [ERROR] WebSocket error: 'b'
2025-05-06 16:42:27,378 [INFO] [BTCUSDT] Trade 4877005840 BUY 94181.99@6e-05
2025-05-06 16:42:27,378 [ERROR] WebSocket error: 'b'
2025-05-06 16:42:27,378 [INFO] [BTCUSDT] Trade 4877005841 BUY 94181.99@6e-05
2025-05-06 16:42:27,378 [ERROR] WebSocket error: 'b'
2025-05-06 16:42:27,378 [INFO] [BTCUSDT] Trade 4877005842 BUY 94181.99@6e-05
2025-05-06 16:42:27,378 [ERROR] WebSocket error: 'b'
2025-05-06 16:42:27,379 [INFO] [BTCUSDT] Trade 4877005843 BUY 94181.99@6e-05
2025-05-06 16:42:27,379 [ERROR] WebSocket error: 'b'
2025-05-06 16:42:27,379 [INFO] [BTCUSDT] Trade 4877005844 BUY 94181.99@5e-05
2025-05-06 16:42:27,379 [ERROR] WebSocket error: 'b'
2025-05-06 16:42:27,379 [INFO] [BTCUSDT] Trade 4877005845 BUY 94181.99@1e-05
2025-05-06 16:42:27,379 [ERROR] WebSocket error: 'b'
2025-05-06 16:42:27,379 [INFO] [BTCUSDT] Trade 4877005846 BUY 94181.99@6e-05
2025-05-06 16:42:27,379 [ERROR] WebSocket error: 'b'
2025-05-06 16:42:27,379 [INFO] [BTCUSDT] Trade 4877005847 BUY 94182.0@6e-05
2025-05-06 16:42:27,379 [ERROR] WebSocket error: 'b'
2025-05-06 16:42:27,379 [INFO] [BTCUSDT] Trade 4877005848 BUY 94182.71@4e-05
2025-05-06 16:42:27,379 [ERROR] WebSocket error: 'b'
2025-05-06 16:42:27,388 [INFO] [BTCUSDT] Trade 4877005849 BUY 94182.71@2e-05
2025-05-06 16:42:27,388 [ERROR] WebSocket error: 'b'
2025-05-06 16:42:27,388 [INFO] [BTCUSDT] Trade 4877005850 BUY 94182.71@6e-05
2025-05-06 16:42:27,388 [ERROR] WebSocket error: 'b'
2025-05-06 16:42:27,388 [INFO] [BTCUSDT] Trade 4877005851 BUY 94182.71@6e-05
2025-05-06 16:42:27,388 [ERROR] WebSocket error: 'b'
2025-05-06 16:42:27,388 [INFO] [BTCUSDT] Trade 4877005852 BUY 94182.71@6e-05
2025-05-06 16:42:27,388 [ERROR] WebSocket error: 'b'
2025-05-06 16:42:27,388 [INFO] [BTCUSDT] Trade 4877005853 BUY 94182.71@6e-05
2025-05-06 16:42:27,389 [ERROR] WebSocket error: 'b'
2025-05-06 16:42:27,389 [INFO] [BTCUSDT] Trade 4877005854 BUY 94182.71@0.0001
2025-05-06 16:42:27,389 [ERROR] WebSocket error: 'b'
2025-05-06 16:42:27,389 [INFO] [BTCUSDT] Trade 4877005855 BUY 94182.71@6e-05
2025-05-06 16:42:27,389 [ERROR] WebSocket error: 'b'
2025-05-06 16:42:27,389 [INFO] [BTCUSDT] Trade 4877005856 BUY 94182.71@6e-05
2025-05-06 16:42:27,389 [ERROR] WebSocket error: 'b'
2025-05-06 16:42:27,389 [INFO] [BTCUSDT] Trade 4877005857 BUY 94182.71@6e-05
2025-05-06 16:42:27,389 [ERROR] WebSocket error: 'b'
2025-05-06 16:42:27,389 [INFO] [BTCUSDT] Trade 4877005858 BUY 94182.71@6e-05
2025-05-06 16:42:27,389 [ERROR] WebSocket error: 'b'
2025-05-06 16:42:27,389 [INFO] [BTCUSDT] Trade 4877005859 BUY 94182.71@6e-05
2025-05-06 16:42:27,389 [ERROR] WebSocket error: 'b'
2025-05-06 16:42:27,389 [INFO] [BTCUSDT] Trade 4877005860 BUY 94182.71@6e-05
2025-05-06 16:42:27,389 [ERROR] WebSocket error: 'b'
2025-05-06 16:42:27,389 [INFO] [BTCUSDT] Trade 4877005861 BUY 94182.71@6e-05
2025-05-06 16:42:27,389 [ERROR] WebSocket error: 'b'
2025-05-06 16:42:27,389 [INFO] [BTCUSDT] Trade 4877005862 BUY 94182.71@6e-05
2025-05-06 16:42:27,390 [ERROR] WebSocket error: 'b'
2025-05-06 16:42:27,390 [INFO] [BTCUSDT] Trade 4877005863 BUY 94182.71@6e-05
2025-05-06 16:42:27,390 [ERROR] WebSocket error: 'b'
2025-05-06 16:42:27,390 [INFO] [BTCUSDT] Trade 4877005864 BUY 94182.71@6e-05
2025-05-06 16:42:27,390 [ERROR] WebSocket error: 'b'
2025-05-06 16:42:27,390 [INFO] [BTCUSDT] Trade 4877005865 BUY 94182.71@6e-05
2025-05-06 16:42:27,390 [ERROR] WebSocket error: 'b'
2025-05-06 16:42:27,390 [INFO] [BTCUSDT] Trade 4877005866 BUY 94182.71@6e-05
2025-05-06 16:42:27,390 [ERROR] WebSocket error: 'b'
2025-05-06 16:42:27,390 [INFO] [BTCUSDT] Trade 4877005867 BUY 94182.72@6e-05
2025-05-06 16:42:27,390 [ERROR] WebSocket error: 'b'
2025-05-06 16:42:27,390 [INFO] [BTCUSDT] Trade 4877005868 BUY 94182.72@6e-05
2025-05-06 16:42:27,390 [ERROR] WebSocket error: 'b'
2025-05-06 16:42:27,390 [INFO] [BTCUSDT] Trade 4877005869 BUY 94182.72@6e-05
2025-05-06 16:42:27,390 [ERROR] WebSocket error: 'b'
2025-05-06 16:42:27,390 [INFO] [BTCUSDT] Trade 4877005870 BUY 94182.72@6e-05
2025-05-06 16:42:27,390 [ERROR] WebSocket error: 'b'
2025-05-06 16:42:27,390 [INFO] [BTCUSDT] Trade 4877005871 BUY 94182.72@6e-05
2025-05-06 16:42:27,391 [ERROR] WebSocket error: 'b'
2025-05-06 16:42:27,391 [INFO] [BTCUSDT] Trade 4877005872 BUY 94182.72@6e-05
2025-05-06 16:42:27,391 [ERROR] WebSocket error: 'b'
2025-05-06 16:42:27,391 [INFO] [BTCUSDT] Trade 4877005873 BUY 94182.72@6e-05
2025-05-06 16:42:27,391 [ERROR] WebSocket error: 'b'
2025-05-06 16:42:27,391 [INFO] [BTCUSDT] Trade 4877005874 BUY 94182.72@6e-05
2025-05-06 16:42:27,391 [ERROR] WebSocket error: 'b'
2025-05-06 16:42:27,391 [INFO] [BTCUSDT] Trade 4877005875 BUY 94182.72@6e-05
2025-05-06 16:42:27,391 [ERROR] WebSocket error: 'b'
2025-05-06 16:42:27,391 [INFO] [BTCUSDT] Trade 4877005876 BUY 94182.72@6e-05
2025-05-06 16:42:27,391 [ERROR] WebSocket error: 'b'
2025-05-06 16:42:27,391 [INFO] [BTCUSDT] Trade 4877005877 BUY 94182.74@6e-05
2025-05-06 16:42:27,391 [ERROR] WebSocket error: 'b'
2025-05-06 16:42:27,391 [INFO] [BTCUSDT] Trade 4877005878 BUY 94182.91@6e-05
2025-05-06 16:42:27,391 [ERROR] WebSocket error: 'b'
2025-05-06 16:42:27,391 [INFO] [BTCUSDT] Trade 4877005879 BUY 94182.98@6e-05
2025-05-06 16:42:27,391 [ERROR] WebSocket error: 'b'
2025-05-06 16:42:27,391 [INFO] [BTCUSDT] Trade 4877005880 BUY 94182.99@0.00118
2025-05-06 16:42:27,392 [ERROR] WebSocket error: 'b'
2025-05-06 16:42:27,392 [INFO] [BTCUSDT] Trade 4877005881 BUY 94182.99@6e-05
2025-05-06 16:42:27,392 [ERROR] WebSocket error: 'b'
2025-05-06 16:42:27,392 [INFO] [BTCUSDT] Trade 4877005882 BUY 94182.99@6e-05
2025-05-06 16:42:27,392 [ERROR] WebSocket error: 'b'
2025-05-06 16:42:27,392 [INFO] [BTCUSDT] Trade 4877005883 BUY 94182.99@6e-05
2025-05-06 16:42:27,392 [ERROR] WebSocket error: 'b'
2025-05-06 16:42:27,392 [INFO] [BTCUSDT] Trade 4877005884 BUY 94182.99@0.03185
2025-05-06 16:42:27,392 [ERROR] WebSocket error: 'b'
2025-05-06 16:42:27,392 [INFO] [BTCUSDT] Trade 4877005885 BUY 94182.99@6e-05
2025-05-06 16:42:27,392 [ERROR] WebSocket error: 'b'
2025-05-06 16:42:27,392 [INFO] [BTCUSDT] Trade 4877005886 BUY 94183.0@0.23375
2025-05-06 16:42:27,392 [ERROR] WebSocket error: 'b'
2025-05-06 16:42:27,392 [INFO] [BTCUSDT] Trade 4877005887 BUY 94183.0@0.09899
2025-05-06 16:42:27,392 [ERROR] WebSocket error: 'b'
2025-05-06 16:42:27,392 [INFO] [BTCUSDT] Trade 4877005888 BUY 94183.0@0.001
2025-05-06 16:42:27,392 [ERROR] WebSocket error: 'b'
2025-05-06 16:42:27,393 [INFO] [BTCUSDT] Trade 4877005889 BUY 94183.0@0.10662
2025-05-06 16:42:27,393 [ERROR] WebSocket error: 'b'
2025-05-06 16:42:27,393 [INFO] [BTCUSDT] Trade 4877005890 BUY 94183.0@0.04105
2025-05-06 16:42:27,393 [ERROR] WebSocket error: 'b'
2025-05-06 16:42:27,393 [INFO] [BTCUSDT] Trade 4877005891 BUY 94183.0@6e-05
2025-05-06 16:42:27,393 [ERROR] WebSocket error: 'b'
2025-05-06 16:42:27,393 [INFO] [BTCUSDT] Trade 4877005892 BUY 94183.0@6e-05
2025-05-06 16:42:27,393 [ERROR] WebSocket error: 'b'
2025-05-06 16:42:27,393 [INFO] [BTCUSDT] Trade 4877005893 BUY 94183.0@6e-05
2025-05-06 16:42:27,393 [ERROR] WebSocket error: 'b'
2025-05-06 16:42:27,393 [INFO] [BTCUSDT] Trade 4877005894 BUY 94183.0@6e-05
2025-05-06 16:42:27,393 [ERROR] WebSocket error: 'b'
2025-05-06 16:42:27,393 [INFO] [BTCUSDT] Trade 4877005895 BUY 94183.0@6e-05
2025-05-06 16:42:27,393 [ERROR] WebSocket error: 'b'
2025-05-06 16:42:27,393 [INFO] [BTCUSDT] Trade 4877005896 BUY 94183.0@6e-05
2025-05-06 16:42:27,393 [ERROR] WebSocket error: 'b'
2025-05-06 16:42:27,393 [INFO] [BTCUSDT] Trade 4877005897 BUY 94183.0@6e-05
2025-05-06 16:42:27,393 [ERROR] WebSocket error: 'b'
2025-05-06 16:42:27,394 [INFO] [BTCUSDT] Trade 4877005898 BUY 94183.0@6e-05
2025-05-06 16:42:27,394 [ERROR] WebSocket error: 'b'
2025-05-06 16:42:27,394 [INFO] [BTCUSDT] Trade 4877005899 BUY 94183.0@6e-05
2025-05-06 16:42:27,394 [ERROR] WebSocket error: 'b'
2025-05-06 16:42:27,394 [INFO] [BTCUSDT] Trade 4877005900 BUY 94183.0@0.0001
2025-05-06 16:42:27,394 [ERROR] WebSocket error: 'b'
2025-05-06 16:42:27,394 [INFO] [BTCUSDT] Trade 4877005901 BUY 94183.0@6e-05
2025-05-06 16:42:27,394 [ERROR] WebSocket error: 'b'
2025-05-06 16:42:27,394 [INFO] [BTCUSDT] Trade 4877005902 BUY 94183.0@6e-05
2025-05-06 16:42:27,394 [ERROR] WebSocket error: 'b'
2025-05-06 16:42:27,394 [INFO] [BTCUSDT] Trade 4877005903 BUY 94183.01@6e-05
2025-05-06 16:42:27,394 [ERROR] WebSocket error: 'b'
2025-05-06 16:42:27,394 [INFO] [BTCUSDT] Trade 4877005904 BUY 94183.01@6e-05
2025-05-06 16:42:27,394 [ERROR] WebSocket error: 'b'
2025-05-06 16:42:27,394 [INFO] [BTCUSDT] Trade 4877005905 BUY 94183.01@6e-05
2025-05-06 16:42:27,394 [ERROR] WebSocket error: 'b'
2025-05-06 16:42:27,394 [INFO] [BTCUSDT] Trade 4877005906 BUY 94183.01@6e-05
2025-05-06 16:42:27,395 [ERROR] WebSocket error: 'b'
2025-05-06 16:42:27,395 [INFO] [BTCUSDT] Trade 4877005907 BUY 94183.01@6e-05
2025-05-06 16:42:27,395 [ERROR] WebSocket error: 'b'
2025-05-06 16:42:27,395 [INFO] [BTCUSDT] Trade 4877005908 BUY 94183.01@6e-05
2025-05-06 16:42:27,395 [ERROR] WebSocket error: 'b'
2025-05-06 16:42:27,395 [INFO] [BTCUSDT] Trade 4877005909 BUY 94183.01@6e-05
2025-05-06 16:42:27,395 [ERROR] WebSocket error: 'b'
2025-05-06 16:42:27,395 [INFO] [BTCUSDT] Trade 4877005910 BUY 94183.01@6e-05
2025-05-06 16:42:27,395 [ERROR] WebSocket error: 'b'
2025-05-06 16:42:27,395 [INFO] [BTCUSDT] Trade 4877005911 BUY 94183.01@6e-05
2025-05-06 16:42:27,395 [ERROR] WebSocket error: 'b'
2025-05-06 16:42:27,395 [INFO] [BTCUSDT] Trade 4877005912 BUY 94183.01@6e-05
2025-05-06 16:42:27,395 [ERROR] WebSocket error: 'b'
2025-05-06 16:42:27,395 [INFO] [BTCUSDT] Trade 4877005913 BUY 94183.01@0.0001
2025-05-06 16:42:27,395 [ERROR] WebSocket error: 'b'
2025-05-06 16:42:27,395 [INFO] [BTCUSDT] Trade 4877005914 BUY 94183.55@0.00098
2025-05-06 16:42:27,395 [ERROR] WebSocket error: 'b'
2025-05-06 16:42:27,395 [INFO] [BTCUSDT] Trade 4877005915 BUY 94183.55@6e-05
2025-05-06 16:42:27,396 [ERROR] WebSocket error: 'b'
2025-05-06 16:42:27,396 [INFO] [BTCUSDT] Trade 4877005916 BUY 94183.68@6e-05
2025-05-06 16:42:27,396 [ERROR] WebSocket error: 'b'
2025-05-06 16:42:27,396 [INFO] [BTCUSDT] Trade 4877005917 BUY 94183.68@6e-05
2025-05-06 16:42:27,396 [ERROR] WebSocket error: 'b'
2025-05-06 16:42:27,396 [INFO] [BTCUSDT] Trade 4877005918 BUY 94183.86@0.0001
2025-05-06 16:42:27,396 [ERROR] WebSocket error: 'b'
2025-05-06 16:42:27,396 [INFO] [BTCUSDT] Trade 4877005919 BUY 94183.87@6e-05
2025-05-06 16:42:27,396 [ERROR] WebSocket error: 'b'
2025-05-06 16:42:27,396 [INFO] [BTCUSDT] Trade 4877005920 BUY 94183.91@0.00424
2025-05-06 16:42:27,396 [ERROR] WebSocket error: 'b'
2025-05-06 16:42:27,396 [INFO] [BTCUSDT] Trade 4877005921 BUY 94183.91@6e-05
2025-05-06 16:42:27,396 [ERROR] WebSocket error: 'b'
2025-05-06 16:42:27,396 [INFO] [BTCUSDT] Trade 4877005922 BUY 94184.0@0.002
2025-05-06 16:42:27,396 [ERROR] WebSocket error: 'b'
2025-05-06 16:42:27,396 [INFO] [BTCUSDT] Trade 4877005923 BUY 94184.0@6e-05
2025-05-06 16:42:27,396 [ERROR] WebSocket error: 'b'
2025-05-06 16:42:27,396 [INFO] [BTCUSDT] Trade 4877005924 BUY 94184.63@6e-05
2025-05-06 16:42:27,397 [ERROR] WebSocket error: 'b'
2025-05-06 16:42:27,397 [INFO] [BTCUSDT] Trade 4877005925 BUY 94184.63@6e-05
2025-05-06 16:42:27,397 [ERROR] WebSocket error: 'b'
2025-05-06 16:42:27,397 [INFO] [BTCUSDT] Trade 4877005926 BUY 94184.8@7e-05
2025-05-06 16:42:27,397 [ERROR] WebSocket error: 'b'
2025-05-06 16:42:27,397 [INFO] [BTCUSDT] Trade 4877005927 BUY 94184.8@6e-05
2025-05-06 16:42:27,397 [ERROR] WebSocket error: 'b'
2025-05-06 16:42:27,532 [INFO] [ETHUSDT] Trade 2381272106 BUY 1797.94@0.402
2025-05-06 16:42:27,532 [ERROR] WebSocket error: 'b'
2025-05-06 16:42:27,532 [INFO] [ETHUSDT] Trade 2381272107 BUY 1797.94@0.2863
2025-05-06 16:42:27,532 [ERROR] WebSocket error: 'b'
2025-05-06 16:42:27,532 [INFO] [ETHUSDT] Trade 2381272108 BUY 1797.94@0.0029
2025-05-06 16:42:27,532 [ERROR] WebSocket error: 'b'
2025-05-06 16:42:27,532 [INFO] [ETHUSDT] Trade 2381272109 BUY 1797.94@0.0033
2025-05-06 16:42:27,532 [ERROR] WebSocket error: 'b'
2025-05-06 16:42:27,532 [INFO] [ETHUSDT] Trade 2381272110 BUY 1797.94@0.0196
2025-05-06 16:42:27,532 [ERROR] WebSocket error: 'b'
2025-05-06 16:42:27,532 [INFO] [ETHUSDT] Trade 2381272111 BUY 1797.94@0.0029
2025-05-06 16:42:27,532 [ERROR] WebSocket error: 'b'
2025-05-06 16:42:27,532 [INFO] [ETHUSDT] Trade 2381272112 BUY 1797.94@0.0028
2025-05-06 16:42:27,533 [ERROR] WebSocket error: 'b'
2025-05-06 16:42:27,533 [INFO] [ETHUSDT] Trade 2381272113 BUY 1797.94@0.0049
2025-05-06 16:42:27,533 [ERROR] WebSocket error: 'b'
2025-05-06 16:42:27,533 [INFO] [ETHUSDT] Trade 2381272114 BUY 1797.94@0.0029
2025-05-06 16:42:27,533 [ERROR] WebSocket error: 'b'
2025-05-06 16:42:27,533 [INFO] [ETHUSDT] Trade 2381272115 BUY 1797.94@0.0029
2025-05-06 16:42:27,533 [ERROR] WebSocket error: 'b'
2025-05-06 16:42:27,533 [INFO] [ETHUSDT] Trade 2381272116 BUY 1797.94@0.0029
2025-05-06 16:42:27,533 [ERROR] WebSocket error: 'b'
2025-05-06 16:42:27,533 [INFO] [ETHUSDT] Trade 2381272117 BUY 1797.94@0.0028
2025-05-06 16:42:27,533 [ERROR] WebSocket error: 'b'
2025-05-06 16:42:27,533 [INFO] [ETHUSDT] Trade 2381272118 BUY 1797.94@0.0008
2025-05-06 16:42:27,533 [ERROR] WebSocket error: 'b'
2025-05-06 16:42:27,533 [INFO] [ETHUSDT] Trade 2381272119 BUY 1797.94@0.0052
2025-05-06 16:42:27,533 [ERROR] WebSocket error: 'b'
2025-05-06 16:42:27,533 [INFO] [ETHUSDT] Trade 2381272120 BUY 1797.94@0.0028
2025-05-06 16:42:27,533 [ERROR] WebSocket error: 'b'
2025-05-06 16:42:27,534 [INFO] [ETHUSDT] Trade 2381272121 BUY 1797.94@0.0028
2025-05-06 16:42:27,534 [ERROR] WebSocket error: 'b'
2025-05-06 16:42:27,534 [INFO] [ETHUSDT] Trade 2381272122 BUY 1797.95@0.0029
2025-05-06 16:42:27,534 [ERROR] WebSocket error: 'b'
2025-05-06 16:42:27,534 [INFO] [ETHUSDT] Trade 2381272123 BUY 1797.95@0.0029
2025-05-06 16:42:27,534 [ERROR] WebSocket error: 'b'
2025-05-06 16:42:27,534 [INFO] [ETHUSDT] Trade 2381272124 BUY 1797.95@0.0029
2025-05-06 16:42:27,534 [ERROR] WebSocket error: 'b'
2025-05-06 16:42:27,534 [INFO] [ETHUSDT] Trade 2381272125 BUY 1797.96@0.0033
2025-05-06 16:42:27,534 [ERROR] WebSocket error: 'b'
2025-05-06 16:42:27,534 [INFO] [ETHUSDT] Trade 2381272126 BUY 1797.98@0.0028
2025-05-06 16:42:27,534 [ERROR] WebSocket error: 'b'
2025-05-06 16:42:27,534 [INFO] [ETHUSDT] Trade 2381272127 BUY 1797.98@0.0033
2025-05-06 16:42:27,534 [ERROR] WebSocket error: 'b'
2025-05-06 16:42:27,534 [INFO] [ETHUSDT] Trade 2381272128 BUY 1797.98@0.0028
2025-05-06 16:42:27,534 [ERROR] WebSocket error: 'b'
2025-05-06 16:42:27,534 [INFO] [ETHUSDT] Trade 2381272129 BUY 1797.98@0.0028
2025-05-06 16:42:27,535 [ERROR] WebSocket error: 'b'
2025-05-06 16:42:27,535 [INFO] [ETHUSDT] Trade 2381272130 BUY 1797.98@0.0028
2025-05-06 16:42:27,535 [ERROR] WebSocket error: 'b'
2025-05-06 16:42:27,535 [INFO] [ETHUSDT] Trade 2381272131 BUY 1797.99@0.0054
2025-05-06 16:42:27,535 [ERROR] WebSocket error: 'b'
2025-05-06 16:42:27,535 [INFO] [ETHUSDT] Trade 2381272132 BUY 1797.99@0.3
2025-05-06 16:42:27,535 [ERROR] WebSocket error: 'b'
2025-05-06 16:42:27,535 [INFO] [ETHUSDT] Trade 2381272133 BUY 1798.0@0.0226
2025-05-06 16:42:27,535 [ERROR] WebSocket error: 'b'
2025-05-06 16:42:27,535 [INFO] [ETHUSDT] Trade 2381272134 BUY 1798.0@0.1437
2025-05-06 16:42:27,535 [ERROR] WebSocket error: 'b'
2025-05-06 16:42:27,535 [INFO] [BTCUSDT] Trade 4877005928 BUY 94185.91@0.0001
2025-05-06 16:42:27,535 [ERROR] WebSocket error: 'b'
2025-05-06 16:42:27,535 [INFO] [BTCUSDT] Trade 4877005929 BUY 94185.91@6e-05
2025-05-06 16:42:27,535 [ERROR] WebSocket error: 'b'
2025-05-06 16:42:27,535 [INFO] [BTCUSDT] Trade 4877005930 BUY 94185.91@6e-05
2025-05-06 16:42:27,535 [ERROR] WebSocket error: 'b'
2025-05-06 16:42:27,536 [INFO] [BTCUSDT] Trade 4877005931 BUY 94185.91@6e-05
2025-05-06 16:42:27,536 [ERROR] WebSocket error: 'b'
2025-05-06 16:42:27,536 [INFO] [BTCUSDT] Trade 4877005932 BUY 94185.91@6e-05
2025-05-06 16:42:27,536 [ERROR] WebSocket error: 'b'
2025-05-06 16:42:27,536 [INFO] [BTCUSDT] Trade 4877005933 BUY 94185.91@6e-05
2025-05-06 16:42:27,536 [ERROR] WebSocket error: 'b'
2025-05-06 16:42:27,536 [INFO] [BTCUSDT] Trade 4877005934 BUY 94185.91@6e-05
2025-05-06 16:42:27,536 [ERROR] WebSocket error: 'b'
2025-05-06 16:42:27,536 [INFO] [BTCUSDT] Trade 4877005935 BUY 94185.91@6e-05
2025-05-06 16:42:27,536 [ERROR] WebSocket error: 'b'
2025-05-06 16:42:27,536 [INFO] [BTCUSDT] Trade 4877005936 BUY 94185.91@6e-05
2025-05-06 16:42:27,536 [ERROR] WebSocket error: 'b'
2025-05-06 16:42:27,538 [INFO] [BTCUSDT] Trade 4877005937 SELL 94185.9@0.03915
2025-05-06 16:42:27,538 [ERROR] WebSocket error: 'b'
2025-05-06 16:42:27,538 [INFO] [BTCUSDT] Trade 4877005938 BUY 94185.91@6e-05
2025-05-06 16:42:27,538 [ERROR] WebSocket error: 'b'
2025-05-06 16:42:27,538 [INFO] [BTCUSDT] Trade 4877005939 BUY 94185.91@6e-05
2025-05-06 16:42:27,538 [ERROR] WebSocket error: 'b'
2025-05-06 16:42:27,538 [INFO] [BTCUSDT] Trade 4877005940 BUY 94185.91@6e-05
2025-05-06 16:42:27,538 [ERROR] WebSocket error: 'b'
2025-05-06 16:42:27,538 [INFO] [BTCUSDT] Trade 4877005941 BUY 94185.91@0.0001
2025-05-06 16:42:27,538 [ERROR] WebSocket error: 'b'
2025-05-06 16:42:27,538 [INFO] [BTCUSDT] Trade 4877005942 BUY 94185.91@6e-05
2025-05-06 16:42:27,538 [ERROR] WebSocket error: 'b'
2025-05-06 16:42:27,538 [INFO] [BTCUSDT] Trade 4877005943 BUY 94185.92@6e-05
2025-05-06 16:42:27,538 [ERROR] WebSocket error: 'b'
2025-05-06 16:42:27,538 [INFO] [BTCUSDT] Trade 4877005944 BUY 94185.92@6e-05
2025-05-06 16:42:27,538 [ERROR] WebSocket error: 'b'
2025-05-06 16:42:27,539 [INFO] [BTCUSDT] Trade 4877005945 BUY 94185.92@6e-05
2025-05-06 16:42:27,539 [ERROR] WebSocket error: 'b'
2025-05-06 16:42:27,539 [INFO] [BTCUSDT] Trade 4877005946 BUY 94185.92@6e-05
2025-05-06 16:42:27,539 [ERROR] WebSocket error: 'b'
2025-05-06 16:42:27,539 [INFO] [BTCUSDT] Trade 4877005947 BUY 94185.92@6e-05
2025-05-06 16:42:27,539 [ERROR] WebSocket error: 'b'
2025-05-06 16:42:27,539 [INFO] [BTCUSDT] Trade 4877005948 BUY 94185.92@6e-05
2025-05-06 16:42:27,539 [ERROR] WebSocket error: 'b'
2025-05-06 16:42:27,539 [INFO] [BTCUSDT] Trade 4877005949 BUY 94185.92@6e-05
2025-05-06 16:42:27,539 [ERROR] WebSocket error: 'b'
2025-05-06 16:42:27,539 [INFO] [BTCUSDT] Trade 4877005950 BUY 94185.92@6e-05
2025-05-06 16:42:27,539 [ERROR] WebSocket error: 'b'
2025-05-06 16:42:27,539 [INFO] [BTCUSDT] Trade 4877005951 BUY 94185.92@6e-05
2025-05-06 16:42:27,539 [ERROR] WebSocket error: 'b'
2025-05-06 16:42:27,539 [INFO] [BTCUSDT] Trade 4877005952 BUY 94185.92@6e-05
2025-05-06 16:42:27,539 [ERROR] WebSocket error: 'b'
2025-05-06 16:42:27,539 [INFO] [BTCUSDT] Trade 4877005953 BUY 94186.38@0.00075
2025-05-06 16:42:27,539 [ERROR] WebSocket error: 'b'
2025-05-06 16:42:27,540 [INFO] [BTCUSDT] Trade 4877005954 BUY 94186.38@6e-05
2025-05-06 16:42:27,540 [ERROR] WebSocket error: 'b'
2025-05-06 16:42:27,540 [INFO] [BTCUSDT] Trade 4877005955 BUY 94186.53@6e-05
2025-05-06 16:42:27,540 [ERROR] WebSocket error: 'b'
2025-05-06 16:42:27,540 [INFO] [BTCUSDT] Trade 4877005956 BUY 94187.44@0.00011
2025-05-06 16:42:27,540 [ERROR] WebSocket error: 'b'
2025-05-06 16:42:27,540 [INFO] [BTCUSDT] Trade 4877005957 BUY 94187.44@6e-05
2025-05-06 16:42:27,540 [ERROR] WebSocket error: 'b'
2025-05-06 16:42:27,540 [INFO] [BTCUSDT] Trade 4877005958 BUY 94187.69@0.00096
2025-05-06 16:42:27,540 [ERROR] WebSocket error: 'b'
2025-05-06 16:42:27,540 [INFO] [BTCUSDT] Trade 4877005959 BUY 94187.69@6e-05
2025-05-06 16:42:27,540 [ERROR] WebSocket error: 'b'
2025-05-06 16:42:27,540 [INFO] [BTCUSDT] Trade 4877005960 BUY 94187.97@6e-05
2025-05-06 16:42:27,540 [ERROR] WebSocket error: 'b'
2025-05-06 16:42:27,540 [INFO] [BTCUSDT] Trade 4877005961 BUY 94187.98@6e-05
2025-05-06 16:42:27,540 [ERROR] WebSocket error: 'b'
2025-05-06 16:42:27,540 [INFO] [BTCUSDT] Trade 4877005962 BUY 94188.0@0.002
2025-05-06 16:42:27,541 [ERROR] WebSocket error: 'b'
2025-05-06 16:42:27,541 [INFO] [BTCUSDT] Trade 4877005963 BUY 94188.0@6e-05
2025-05-06 16:42:27,541 [ERROR] WebSocket error: 'b'
2025-05-06 16:42:27,541 [INFO] [BTCUSDT] Trade 4877005964 BUY 94188.0@0.0001
2025-05-06 16:42:27,541 [ERROR] WebSocket error: 'b'
2025-05-06 16:42:27,541 [INFO] [BTCUSDT] Trade 4877005965 BUY 94188.0@0.00084
2025-05-06 16:42:27,541 [ERROR] WebSocket error: 'b'
2025-05-06 16:42:27,541 [INFO] [BNBUSDT] Trade 1046018059 BUY 598.49@0.009
2025-05-06 16:42:27,541 [ERROR] WebSocket error: 'b'
2025-05-06 16:42:27,541 [INFO] [BNBUSDT] Trade 1046018060 BUY 598.49@0.009
2025-05-06 16:42:27,541 [ERROR] WebSocket error: 'b'
2025-05-06 16:42:27,541 [INFO] [BNBUSDT] Trade 1046018061 BUY 598.49@0.009
2025-05-06 16:42:27,541 [ERROR] WebSocket error: 'b'
2025-05-06 16:42:27,541 [INFO] [BNBUSDT] Trade 1046018062 BUY 598.49@0.009
2025-05-06 16:42:27,541 [ERROR] WebSocket error: 'b'
2025-05-06 16:42:27,541 [INFO] [BNBUSDT] Trade 1046018063 BUY 598.49@0.009
2025-05-06 16:42:27,541 [ERROR] WebSocket error: 'b'
2025-05-06 16:42:27,541 [INFO] [BNBUSDT] Trade 1046018064 BUY 598.49@0.009
2025-05-06 16:42:27,542 [ERROR] WebSocket error: 'b'
2025-05-06 16:42:27,542 [INFO] [BNBUSDT] Trade 1046018065 BUY 598.49@0.009
2025-05-06 16:42:27,542 [ERROR] WebSocket error: 'b'
2025-05-06 16:42:27,542 [INFO] [BNBUSDT] Trade 1046018066 BUY 598.49@0.009
2025-05-06 16:42:27,542 [ERROR] WebSocket error: 'b'
2025-05-06 16:42:27,542 [INFO] [BNBUSDT] Trade 1046018067 BUY 598.5@0.345
2025-05-06 16:42:27,542 [ERROR] WebSocket error: 'b'
2025-05-06 16:42:27,542 [INFO] [BNBUSDT] Trade 1046018068 BUY 598.5@1.281
2025-05-06 16:42:27,542 [ERROR] WebSocket error: 'b'
2025-05-06 16:42:27,542 [INFO] [BNBUSDT] Trade 1046018069 BUY 598.5@0.469
2025-05-06 16:42:27,542 [ERROR] WebSocket error: 'b'
2025-05-06 16:42:27,542 [INFO] [BNBUSDT] Trade 1046018070 BUY 598.5@0.048
2025-05-06 16:42:27,542 [ERROR] WebSocket error: 'b'
2025-05-06 16:42:27,542 [INFO] [BNBUSDT] Trade 1046018071 BUY 598.5@0.009
2025-05-06 16:42:27,542 [ERROR] WebSocket error: 'b'
2025-05-06 16:42:27,542 [INFO] [BNBUSDT] Trade 1046018072 BUY 598.5@0.009
2025-05-06 16:42:27,542 [ERROR] WebSocket error: 'b'
2025-05-06 16:42:27,543 [INFO] [BNBUSDT] Trade 1046018073 BUY 598.5@1.0
2025-05-06 16:42:27,543 [ERROR] WebSocket error: 'b'
2025-05-06 16:42:27,543 [INFO] [BNBUSDT] Trade 1046018074 BUY 598.5@0.127
2025-05-06 16:42:27,543 [ERROR] WebSocket error: 'b'
2025-05-06 16:42:27,543 [INFO] [BNBUSDT] Trade 1046018075 BUY 598.5@0.009
2025-05-06 16:42:27,543 [ERROR] WebSocket error: 'b'
2025-05-06 16:42:27,543 [INFO] [BNBUSDT] Trade 1046018076 BUY 598.5@0.426
2025-05-06 16:42:27,543 [ERROR] WebSocket error: 'b'
2025-05-06 16:42:27,543 [INFO] [BNBUSDT] Trade 1046018077 BUY 598.5@0.034
2025-05-06 16:42:27,543 [ERROR] WebSocket error: 'b'
2025-05-06 16:42:27,543 [INFO] [BNBUSDT] Trade 1046018078 BUY 598.5@0.029
2025-05-06 16:42:27,543 [ERROR] WebSocket error: 'b'
2025-05-06 16:42:27,543 [INFO] [BNBUSDT] Trade 1046018079 BUY 598.5@0.04
2025-05-06 16:42:27,543 [ERROR] WebSocket error: 'b'
2025-05-06 16:42:27,543 [INFO] [BNBUSDT] Trade 1046018080 BUY 598.5@0.054
2025-05-06 16:42:27,543 [ERROR] WebSocket error: 'b'
2025-05-06 16:42:27,610 [INFO] [BNBUSDT] Trade 1046018081 BUY 598.5@0.112
2025-05-06 16:42:27,610 [ERROR] WebSocket error: 'b'
2025-05-06 16:42:27,621 [INFO] [BTCUSDT] Trade 4877005966 SELL 94187.99@0.00291
2025-05-06 16:42:27,621 [ERROR] WebSocket error: 'b'
2025-05-06 16:42:27,644 [INFO] [BNBUSDT] Trade 1046018082 BUY 598.5@0.056
2025-05-06 16:42:27,644 [ERROR] WebSocket error: 'b'
2025-05-06 16:42:27,673 [INFO] [ETHUSDT] Trade 2381272135 BUY 1798.0@0.0278
2025-05-06 16:42:27,673 [ERROR] WebSocket error: 'b'
2025-05-06 16:42:27,684 [INFO] [ETHUSDT] Trade 2381272136 BUY 1798.0@0.0278
2025-05-06 16:42:27,685 [ERROR] WebSocket error: 'b'
2025-05-06 16:42:27,696 [INFO] [ETHUSDT] Trade 2381272137 BUY 1798.0@0.0278
2025-05-06 16:42:27,696 [ERROR] WebSocket error: 'b'
2025-05-06 16:42:27,711 [INFO] [BNBUSDT] Trade 1046018083 BUY 598.5@0.11
2025-05-06 16:42:27,711 [ERROR] WebSocket error: 'b'
2025-05-06 16:42:27,735 [INFO] [BNBUSDT] Trade 1046018084 BUY 598.5@0.04
2025-05-06 16:42:27,735 [ERROR] WebSocket error: 'b'
2025-05-06 16:42:27,773 [INFO] [BTCUSDT] Trade 4877005967 SELL 94187.99@0.00075
2025-05-06 16:42:27,773 [ERROR] WebSocket error: 'b'
2025-05-06 16:42:27,778 [INFO] [BTCUSDT] Trade 4877005968 BUY 94188.0@6e-05
2025-05-06 16:42:27,778 [ERROR] WebSocket error: 'b'
2025-05-06 16:42:27,778 [INFO] [BTCUSDT] Trade 4877005969 BUY 94188.0@0.0001
2025-05-06 16:42:27,778 [ERROR] WebSocket error: 'b'
2025-05-06 16:42:27,778 [INFO] [BTCUSDT] Trade 4877005970 BUY 94188.0@6e-05
2025-05-06 16:42:27,778 [ERROR] WebSocket error: 'b'
2025-05-06 16:42:27,778 [INFO] [BTCUSDT] Trade 4877005971 BUY 94188.0@0.00021
2025-05-06 16:42:27,778 [ERROR] WebSocket error: 'b'
2025-05-06 16:42:27,779 [INFO] [BTCUSDT] Trade 4877005972 BUY 94188.0@0.00159
2025-05-06 16:42:27,779 [ERROR] WebSocket error: 'b'
2025-05-06 16:42:27,779 [INFO] [BTCUSDT] Trade 4877005973 BUY 94188.0@0.0002
2025-05-06 16:42:27,779 [ERROR] WebSocket error: 'b'
2025-05-06 16:42:27,851 [INFO] [BNBUSDT] Trade 1046018085 BUY 598.5@0.183
2025-05-06 16:42:27,851 [ERROR] WebSocket error: 'b'
2025-05-06 16:42:27,917 [INFO] [BTCUSDT] Bid 94187.9900, Ask 94188.0000, Spread 0.0100
2025-05-06 16:42:27,920 [INFO] [ETHUSDT] Bid 1797.9900, Ask 1798.0000, Spread 0.0100
2025-05-06 16:42:27,940 [INFO] [BTCUSDT] Trade 4877005974 SELL 94187.99@0.01
2025-05-06 16:42:27,941 [ERROR] WebSocket error: 'b'
2025-05-06 16:42:28,009 [INFO] [BNBUSDT] Bid 598.4900, Ask 598.5000, Spread 0.0100
2025-05-06 16:42:28,120 [INFO] [BNBUSDT] Trade 1046018086 BUY 598.5@0.419
2025-05-06 16:42:28,121 [ERROR] WebSocket error: 'b'
2025-05-06 16:42:28,149 [INFO] [BNBUSDT] Trade 1046018087 BUY 598.5@0.06
2025-05-06 16:42:28,150 [ERROR] WebSocket error: 'b'
2025-05-06 16:42:28,203 [INFO] [BNBUSDT] Trade 1046018088 BUY 598.5@0.082
2025-05-06 16:42:28,204 [ERROR] WebSocket error: 'b'
2025-05-06 16:42:28,234 [INFO] [BNBUSDT] Trade 1046018089 BUY 598.5@0.058
2025-05-06 16:42:28,235 [ERROR] WebSocket error: 'b'
2025-05-06 16:42:28,252 [INFO] [BNBUSDT] Trade 1046018090 BUY 598.5@0.028
2025-05-06 16:42:28,253 [ERROR] WebSocket error: 'b'
2025-05-06 16:42:28,317 [INFO] [ETHUSDT] Trade 2381272138 BUY 1798.0@0.0278
2025-05-06 16:42:28,318 [ERROR] WebSocket error: 'b'
2025-05-06 16:42:28,356 [INFO] [BNBUSDT] Trade 1046018091 BUY 598.5@0.17
2025-05-06 16:42:28,357 [ERROR] WebSocket error: 'b'
2025-05-06 16:42:28,384 [INFO] [ETHUSDT] Trade 2381272139 BUY 1798.0@0.0177
2025-05-06 16:42:28,384 [ERROR] WebSocket error: 'b'
2025-05-06 16:42:28,385 [INFO] [ETHUSDT] Trade 2381272140 BUY 1798.0@0.0061
2025-05-06 16:42:28,386 [ERROR] WebSocket error: 'b'
2025-05-06 16:42:28,386 [INFO] [ETHUSDT] Trade 2381272141 BUY 1798.0@0.004
2025-05-06 16:42:28,386 [ERROR] WebSocket error: 'b'
2025-05-06 16:42:28,416 [INFO] [BNBUSDT] Trade 1046018092 BUY 598.5@0.096
2025-05-06 16:42:28,417 [ERROR] WebSocket error: 'b'
2025-05-06 16:42:28,427 [INFO] [BNBUSDT] Trade 1046018093 BUY 598.5@0.023
2025-05-06 16:42:28,427 [ERROR] WebSocket error: 'b'
2025-05-06 16:42:28,446 [INFO] [BNBUSDT] Trade 1046018094 BUY 598.5@0.035
2025-05-06 16:42:28,448 [ERROR] WebSocket error: 'b'
2025-05-06 16:42:28,468 [INFO] [BNBUSDT] Trade 1046018095 BUY 598.5@0.039
2025-05-06 16:42:28,468 [ERROR] WebSocket error: 'b'
2025-05-06 16:42:28,586 [INFO] [BNBUSDT] Trade 1046018096 SELL 598.49@0.026
2025-05-06 16:42:28,586 [ERROR] WebSocket error: 'b'
2025-05-06 16:42:28,916 [INFO] [BTCUSDT] Bid 94187.9900, Ask 94188.0000, Spread 0.0100
2025-05-06 16:42:28,920 [INFO] [ETHUSDT] Bid 1797.9900, Ask 1798.0000, Spread 0.0100
2025-05-06 16:42:29,008 [INFO] [BNBUSDT] Bid 598.4900, Ask 598.5000, Spread 0.0100
2025-05-06 16:42:29,081 [INFO] [BTCUSDT] Trade 4877005975 BUY 94188.0@0.00106
2025-05-06 16:42:29,082 [ERROR] WebSocket error: 'b'
2025-05-06 16:42:29,171 [INFO] [BTCUSDT] Trade 4877005976 SELL 94187.99@0.00014
2025-05-06 16:42:29,171 [ERROR] WebSocket error: 'b'
2025-05-06 16:42:29,351 [INFO] [BTCUSDT] Trade 4877005977 BUY 94188.0@0.00076
2025-05-06 16:42:29,352 [ERROR] WebSocket error: 'b'
2025-05-06 16:42:29,353 [INFO] [BTCUSDT] Trade 4877005978 BUY 94188.0@0.00202
2025-05-06 16:42:29,353 [ERROR] WebSocket error: 'b'
2025-05-06 16:42:29,353 [INFO] [BTCUSDT] Trade 4877005979 BUY 94188.0@6e-05
2025-05-06 16:42:29,353 [ERROR] WebSocket error: 'b'
2025-05-06 16:42:29,354 [INFO] [BTCUSDT] Trade 4877005980 BUY 94188.0@6e-05
2025-05-06 16:42:29,354 [ERROR] WebSocket error: 'b'
2025-05-06 16:42:29,354 [INFO] [BTCUSDT] Trade 4877005981 BUY 94188.0@6e-05
2025-05-06 16:42:29,355 [ERROR] WebSocket error: 'b'
2025-05-06 16:42:29,355 [INFO] [BTCUSDT] Trade 4877005982 BUY 94188.0@6e-05
2025-05-06 16:42:29,355 [ERROR] WebSocket error: 'b'
2025-05-06 16:42:29,355 [INFO] [BTCUSDT] Trade 4877005983 BUY 94188.0@6e-05
2025-05-06 16:42:29,355 [ERROR] WebSocket error: 'b'
2025-05-06 16:42:29,356 [INFO] [BTCUSDT] Trade 4877005984 BUY 94188.0@0.0002
2025-05-06 16:42:29,356 [ERROR] WebSocket error: 'b'
2025-05-06 16:42:29,356 [INFO] [BTCUSDT] Trade 4877005985 BUY 94188.0@0.0003
2025-05-06 16:42:29,356 [ERROR] WebSocket error: 'b'
2025-05-06 16:42:29,356 [INFO] [BTCUSDT] Trade 4877005986 BUY 94188.0@0.00045
2025-05-06 16:42:29,356 [ERROR] WebSocket error: 'b'
2025-05-06 16:42:29,357 [INFO] [BTCUSDT] Trade 4877005987 BUY 94188.0@0.13274
2025-05-06 16:42:29,357 [ERROR] WebSocket error: 'b'
2025-05-06 16:42:29,357 [INFO] [BTCUSDT] Trade 4877005988 BUY 94188.0@0.00044
2025-05-06 16:42:29,357 [ERROR] WebSocket error: 'b'
2025-05-06 16:42:29,357 [INFO] [BTCUSDT] Trade 4877005989 BUY 94188.0@6e-05
2025-05-06 16:42:29,357 [ERROR] WebSocket error: 'b'
2025-05-06 16:42:29,358 [INFO] [BTCUSDT] Trade 4877005990 BUY 94188.0@6e-05
2025-05-06 16:42:29,358 [ERROR] WebSocket error: 'b'
2025-05-06 16:42:29,358 [INFO] [BTCUSDT] Trade 4877005991 BUY 94188.0@6e-05
2025-05-06 16:42:29,358 [ERROR] WebSocket error: 'b'
2025-05-06 16:42:29,358 [INFO] [BTCUSDT] Trade 4877005992 BUY 94188.0@0.00045
2025-05-06 16:42:29,359 [ERROR] WebSocket error: 'b'
2025-05-06 16:42:29,359 [INFO] [BTCUSDT] Trade 4877005993 BUY 94188.0@6e-05
2025-05-06 16:42:29,359 [ERROR] WebSocket error: 'b'
2025-05-06 16:42:29,359 [INFO] [BTCUSDT] Trade 4877005994 BUY 94188.0@6e-05
2025-05-06 16:42:29,359 [ERROR] WebSocket error: 'b'
2025-05-06 16:42:29,360 [INFO] [BTCUSDT] Trade 4877005995 BUY 94188.0@0.0001
2025-05-06 16:42:29,360 [ERROR] WebSocket error: 'b'
2025-05-06 16:42:29,360 [INFO] [BTCUSDT] Trade 4877005996 BUY 94188.0@6e-05
2025-05-06 16:42:29,360 [ERROR] WebSocket error: 'b'
2025-05-06 16:42:29,360 [INFO] [BTCUSDT] Trade 4877005997 BUY 94188.0@0.00159
2025-05-06 16:42:29,360 [ERROR] WebSocket error: 'b'
2025-05-06 16:42:29,361 [INFO] [BTCUSDT] Trade 4877005998 BUY 94188.0@0.00028
2025-05-06 16:42:29,361 [ERROR] WebSocket error: 'b'
2025-05-06 16:42:29,361 [INFO] [BTCUSDT] Trade 4877005999 BUY 94188.0@0.00012
2025-05-06 16:42:29,361 [ERROR] WebSocket error: 'b'
2025-05-06 16:42:29,361 [INFO] [BTCUSDT] Trade 4877006000 BUY 94188.0@7e-05
2025-05-06 16:42:29,361 [ERROR] WebSocket error: 'b'
2025-05-06 16:42:29,361 [INFO] [BTCUSDT] Trade 4877006001 BUY 94188.01@6e-05
2025-05-06 16:42:29,361 [ERROR] WebSocket error: 'b'
2025-05-06 16:42:29,362 [INFO] [BTCUSDT] Trade 4877006002 BUY 94188.01@6e-05
2025-05-06 16:42:29,362 [ERROR] WebSocket error: 'b'
2025-05-06 16:42:29,362 [INFO] [BTCUSDT] Trade 4877006003 BUY 94188.01@6e-05
2025-05-06 16:42:29,362 [ERROR] WebSocket error: 'b'
2025-05-06 16:42:29,362 [INFO] [BTCUSDT] Trade 4877006004 BUY 94188.01@6e-05
2025-05-06 16:42:29,362 [ERROR] WebSocket error: 'b'
2025-05-06 16:42:29,362 [INFO] [BTCUSDT] Trade 4877006005 BUY 94188.01@6e-05
2025-05-06 16:42:29,363 [ERROR] WebSocket error: 'b'
2025-05-06 16:42:29,363 [INFO] [BTCUSDT] Trade 4877006006 BUY 94188.01@6e-05
2025-05-06 16:42:29,363 [ERROR] WebSocket error: 'b'
2025-05-06 16:42:29,363 [INFO] [BTCUSDT] Trade 4877006007 BUY 94188.01@6e-05
2025-05-06 16:42:29,363 [ERROR] WebSocket error: 'b'
2025-05-06 16:42:29,363 [INFO] [BTCUSDT] Trade 4877006008 BUY 94188.01@6e-05
2025-05-06 16:42:29,363 [ERROR] WebSocket error: 'b'
2025-05-06 16:42:29,364 [INFO] [BTCUSDT] Trade 4877006009 BUY 94188.01@6e-05
2025-05-06 16:42:29,364 [ERROR] WebSocket error: 'b'
2025-05-06 16:42:29,364 [INFO] [BTCUSDT] Trade 4877006010 BUY 94188.01@6e-05
2025-05-06 16:42:29,364 [ERROR] WebSocket error: 'b'
2025-05-06 16:42:29,364 [INFO] [BTCUSDT] Trade 4877006011 BUY 94188.01@6e-05
2025-05-06 16:42:29,364 [ERROR] WebSocket error: 'b'
2025-05-06 16:42:29,364 [INFO] [BTCUSDT] Trade 4877006012 BUY 94188.03@0.00034
2025-05-06 16:42:29,364 [ERROR] WebSocket error: 'b'
2025-05-06 16:42:29,365 [INFO] [BTCUSDT] Trade 4877006013 BUY 94188.03@6e-05
2025-05-06 16:42:29,365 [ERROR] WebSocket error: 'b'
2025-05-06 16:42:29,365 [INFO] [BTCUSDT] Trade 4877006014 BUY 94188.42@6e-05
2025-05-06 16:42:29,365 [ERROR] WebSocket error: 'b'
2025-05-06 16:42:29,365 [INFO] [BTCUSDT] Trade 4877006015 BUY 94189.02@6e-05
2025-05-06 16:42:29,365 [ERROR] WebSocket error: 'b'
2025-05-06 16:42:29,365 [INFO] [BTCUSDT] Trade 4877006016 BUY 94189.02@6e-05
2025-05-06 16:42:29,366 [ERROR] WebSocket error: 'b'
2025-05-06 16:42:29,366 [INFO] [BTCUSDT] Trade 4877006017 BUY 94189.02@6e-05
2025-05-06 16:42:29,366 [ERROR] WebSocket error: 'b'
2025-05-06 16:42:29,366 [INFO] [BTCUSDT] Trade 4877006018 BUY 94189.02@6e-05
2025-05-06 16:42:29,366 [ERROR] WebSocket error: 'b'
2025-05-06 16:42:29,366 [INFO] [BTCUSDT] Trade 4877006019 BUY 94189.03@6e-05
2025-05-06 16:42:29,366 [ERROR] WebSocket error: 'b'
2025-05-06 16:42:29,366 [INFO] [BTCUSDT] Trade 4877006020 BUY 94189.03@0.03185
2025-05-06 16:42:29,366 [ERROR] WebSocket error: 'b'
2025-05-06 16:42:29,367 [INFO] [BTCUSDT] Trade 4877006021 BUY 94189.04@6e-05
2025-05-06 16:42:29,367 [ERROR] WebSocket error: 'b'
2025-05-06 16:42:29,367 [INFO] [BTCUSDT] Trade 4877006022 BUY 94189.37@6e-05
2025-05-06 16:42:29,367 [ERROR] WebSocket error: 'b'
2025-05-06 16:42:29,367 [INFO] [BTCUSDT] Trade 4877006023 BUY 94189.37@6e-05
2025-05-06 16:42:29,367 [ERROR] WebSocket error: 'b'
2025-05-06 16:42:29,367 [INFO] [BTCUSDT] Trade 4877006024 BUY 94189.41@0.00201
2025-05-06 16:42:29,367 [ERROR] WebSocket error: 'b'
2025-05-06 16:42:29,368 [INFO] [BTCUSDT] Trade 4877006025 BUY 94189.41@6e-05
2025-05-06 16:42:29,368 [ERROR] WebSocket error: 'b'
2025-05-06 16:42:29,368 [INFO] [BTCUSDT] Trade 4877006026 BUY 94189.41@0.00201
2025-05-06 16:42:29,368 [ERROR] WebSocket error: 'b'
2025-05-06 16:42:29,368 [INFO] [BTCUSDT] Trade 4877006027 BUY 94189.7@6e-05
2025-05-06 16:42:29,368 [ERROR] WebSocket error: 'b'
2025-05-06 16:42:29,368 [INFO] [BTCUSDT] Trade 4877006028 BUY 94189.8@7e-05
2025-05-06 16:42:29,368 [ERROR] WebSocket error: 'b'
2025-05-06 16:42:29,369 [INFO] [BTCUSDT] Trade 4877006029 BUY 94189.89@0.00045
2025-05-06 16:42:29,369 [ERROR] WebSocket error: 'b'
2025-05-06 16:42:29,369 [INFO] [BTCUSDT] Trade 4877006030 BUY 94190.09@6e-05
2025-05-06 16:42:29,369 [ERROR] WebSocket error: 'b'
2025-05-06 16:42:29,369 [INFO] [BTCUSDT] Trade 4877006031 BUY 94190.09@6e-05
2025-05-06 16:42:29,369 [ERROR] WebSocket error: 'b'
2025-05-06 16:42:29,369 [INFO] [BTCUSDT] Trade 4877006032 BUY 94190.09@6e-05
2025-05-06 16:42:29,369 [ERROR] WebSocket error: 'b'
2025-05-06 16:42:29,369 [INFO] [BTCUSDT] Trade 4877006033 BUY 94190.1@0.0241
2025-05-06 16:42:29,370 [ERROR] WebSocket error: 'b'
2025-05-06 16:42:29,370 [INFO] [BTCUSDT] Trade 4877006034 BUY 94190.31@6e-05
2025-05-06 16:42:29,370 [ERROR] WebSocket error: 'b'
2025-05-06 16:42:29,370 [INFO] [BTCUSDT] Trade 4877006035 BUY 94190.53@0.00075
2025-05-06 16:42:29,370 [ERROR] WebSocket error: 'b'
2025-05-06 16:42:29,370 [INFO] [BTCUSDT] Trade 4877006036 BUY 94192.0@0.002
2025-05-06 16:42:29,370 [ERROR] WebSocket error: 'b'
2025-05-06 16:42:29,370 [INFO] [BTCUSDT] Trade 4877006037 BUY 94192.21@6e-05
2025-05-06 16:42:29,371 [ERROR] WebSocket error: 'b'
2025-05-06 16:42:29,371 [INFO] [BTCUSDT] Trade 4877006038 BUY 94193.01@0.01061
2025-05-06 16:42:29,371 [ERROR] WebSocket error: 'b'
2025-05-06 16:42:29,371 [INFO] [BTCUSDT] Trade 4877006039 BUY 94193.49@7e-05
2025-05-06 16:42:29,371 [ERROR] WebSocket error: 'b'
2025-05-06 16:42:29,371 [INFO] [BTCUSDT] Trade 4877006040 BUY 94193.75@6e-05
2025-05-06 16:42:29,371 [ERROR] WebSocket error: 'b'
2025-05-06 16:42:29,372 [INFO] [BTCUSDT] Trade 4877006041 BUY 94193.82@6e-05
2025-05-06 16:42:29,372 [ERROR] WebSocket error: 'b'
2025-05-06 16:42:29,372 [INFO] [BTCUSDT] Trade 4877006042 BUY 94193.82@6e-05
2025-05-06 16:42:29,372 [ERROR] WebSocket error: 'b'
2025-05-06 16:42:29,372 [INFO] [BTCUSDT] Trade 4877006043 BUY 94193.82@6e-05
2025-05-06 16:42:29,372 [ERROR] WebSocket error: 'b'
2025-05-06 16:42:29,372 [INFO] [BTCUSDT] Trade 4877006044 BUY 94193.83@0.0053
2025-05-06 16:42:29,372 [ERROR] WebSocket error: 'b'
2025-05-06 16:42:29,373 [INFO] [BTCUSDT] Trade 4877006045 BUY 94193.83@0.00743
2025-05-06 16:42:29,373 [ERROR] WebSocket error: 'b'
2025-05-06 16:42:29,373 [INFO] [BTCUSDT] Trade 4877006046 BUY 94193.83@0.0053
2025-05-06 16:42:29,373 [ERROR] WebSocket error: 'b'
2025-05-06 16:42:29,373 [INFO] [BTCUSDT] Trade 4877006047 BUY 94195.99@6e-05
2025-05-06 16:42:29,373 [ERROR] WebSocket error: 'b'
2025-05-06 16:42:29,373 [INFO] [BTCUSDT] Trade 4877006048 BUY 94195.99@6e-05
2025-05-06 16:42:29,373 [ERROR] WebSocket error: 'b'
2025-05-06 16:42:29,373 [INFO] [BTCUSDT] Trade 4877006049 BUY 94195.99@6e-05
2025-05-06 16:42:29,373 [ERROR] WebSocket error: 'b'
2025-05-06 16:42:29,917 [INFO] [BTCUSDT] Bid 94195.9900, Ask 94196.0000, Spread 0.0100
2025-05-06 16:42:29,920 [INFO] [ETHUSDT] Bid 1797.9900, Ask 1798.0000, Spread 0.0100
2025-05-06 16:42:30,009 [INFO] [BNBUSDT] Bid 598.4900, Ask 598.5000, Spread 0.0100
2025-05-06 16:42:30,152 [INFO] [BTCUSDT] Trade 4877006050 BUY 94196.0@0.00106
2025-05-06 16:42:30,152 [ERROR] WebSocket error: 'b'
2025-05-06 16:42:30,173 [INFO] [ETHUSDT] Trade 2381272142 BUY 1798.0@0.0278
2025-05-06 16:42:30,174 [ERROR] WebSocket error: 'b'
2025-05-06 16:42:30,197 [INFO] [BTCUSDT] Trade 4877006051 BUY 94196.0@0.00094
2025-05-06 16:42:30,197 [ERROR] WebSocket error: 'b'
2025-05-06 16:42:30,197 [INFO] [BTCUSDT] Trade 4877006052 BUY 94196.0@0.00012
2025-05-06 16:42:30,197 [ERROR] WebSocket error: 'b'
2025-05-06 16:42:30,289 [INFO] [BTCUSDT] Trade 4877006053 BUY 94196.0@0.00042
2025-05-06 16:42:30,289 [ERROR] WebSocket error: 'b'
2025-05-06 16:42:30,378 [INFO] [ETHUSDT] Trade 2381272143 BUY 1798.0@0.0278
2025-05-06 16:42:30,379 [ERROR] WebSocket error: 'b'
2025-05-06 16:42:30,451 [INFO] [BTCUSDT] Trade 4877006054 BUY 94196.0@0.00011
2025-05-06 16:42:30,452 [ERROR] WebSocket error: 'b'
2025-05-06 16:42:30,505 [INFO] [BNBUSDT] Trade 1046018097 SELL 598.49@0.061
2025-05-06 16:42:30,506 [ERROR] WebSocket error: 'b'
2025-05-06 16:42:30,670 [INFO] [ETHUSDT] Trade 2381272144 BUY 1798.0@0.0278
2025-05-06 16:42:30,671 [ERROR] WebSocket error: 'b'
2025-05-06 16:42:30,858 [INFO] [ETHUSDT] Trade 2381272145 BUY 1798.0@0.0278
2025-05-06 16:42:30,858 [ERROR] WebSocket error: 'b'
2025-05-06 16:42:30,916 [INFO] [BTCUSDT] Bid 94195.9900, Ask 94196.0000, Spread 0.0100
2025-05-06 16:42:30,920 [INFO] [ETHUSDT] Bid 1797.9900, Ask 1798.0000, Spread 0.0100
2025-05-06 16:42:30,951 [INFO] [ETHUSDT] Trade 2381272146 SELL 1797.99@0.0848
2025-05-06 16:42:30,952 [ERROR] WebSocket error: 'b'
2025-05-06 16:42:31,011 [INFO] [BNBUSDT] Bid 598.4900, Ask 598.5000, Spread 0.0100
2025-05-06 16:42:31,107 [INFO] [BNBUSDT] Trade 1046018098 BUY 598.5@0.018
2025-05-06 16:42:31,107 [ERROR] WebSocket error: 'b'
2025-05-06 16:42:31,222 [INFO] [BTCUSDT] Trade 4877006055 SELL 94195.99@8e-05
2025-05-06 16:42:31,223 [ERROR] WebSocket error: 'b'
2025-05-06 16:42:31,419 [INFO] [BTCUSDT] Trade 4877006056 SELL 94195.99@0.00059
2025-05-06 16:42:31,420 [ERROR] WebSocket error: 'b'
2025-05-06 16:42:31,480 [INFO] [ETHUSDT] Trade 2381272147 BUY 1798.0@0.0278
2025-05-06 16:42:31,481 [ERROR] WebSocket error: 'b'
2025-05-06 16:42:31,547 [INFO] [ETHUSDT] Trade 2381272148 BUY 1798.0@0.0278
2025-05-06 16:42:31,548 [ERROR] WebSocket error: 'b'
2025-05-06 16:42:31,725 [INFO] [BNBUSDT] Trade 1046018099 BUY 598.5@0.019
2025-05-06 16:42:31,726 [ERROR] WebSocket error: 'b'
2025-05-06 16:42:31,762 [INFO] [BTCUSDT] Trade 4877006057 SELL 94195.99@0.00691
2025-05-06 16:42:31,763 [ERROR] WebSocket error: 'b'
2025-05-06 16:42:31,905 [INFO] [BNBUSDT] Trade 1046018100 BUY 598.5@0.464
2025-05-06 16:42:31,906 [ERROR] WebSocket error: 'b'
2025-05-06 16:42:31,906 [INFO] [BNBUSDT] Trade 1046018101 BUY 598.5@0.009
2025-05-06 16:42:31,907 [ERROR] WebSocket error: 'b'
2025-05-06 16:42:31,907 [INFO] [BNBUSDT] Trade 1046018102 BUY 598.5@0.009
2025-05-06 16:42:31,907 [ERROR] WebSocket error: 'b'
2025-05-06 16:42:31,907 [INFO] [BNBUSDT] Trade 1046018103 BUY 598.5@0.009
2025-05-06 16:42:31,907 [ERROR] WebSocket error: 'b'
2025-05-06 16:42:31,908 [INFO] [BNBUSDT] Trade 1046018104 BUY 598.5@0.009
2025-05-06 16:42:31,908 [ERROR] WebSocket error: 'b'
2025-05-06 16:42:31,909 [INFO] [BNBUSDT] Trade 1046018105 BUY 598.5@0.009
2025-05-06 16:42:31,909 [ERROR] WebSocket error: 'b'
2025-05-06 16:42:31,909 [INFO] [BNBUSDT] Trade 1046018106 BUY 598.5@0.009
2025-05-06 16:42:31,909 [ERROR] WebSocket error: 'b'
2025-05-06 16:42:31,910 [INFO] [BNBUSDT] Trade 1046018107 BUY 598.5@0.482
2025-05-06 16:42:31,910 [ERROR] WebSocket error: 'b'
2025-05-06 16:42:31,916 [INFO] [BTCUSDT] Bid 94195.9900, Ask 94196.0000, Spread 0.0100
2025-05-06 16:42:31,921 [INFO] [ETHUSDT] Bid 1797.9900, Ask 1798.0000, Spread 0.0100
2025-05-06 16:42:32,022 [INFO] [BNBUSDT] Bid 598.4900, Ask 598.5000, Spread 0.0100
2025-05-06 16:42:32,053 [INFO] [BTCUSDT] Trade 4877006058 SELL 94195.99@0.05263
2025-05-06 16:42:32,053 [ERROR] WebSocket error: 'b'
2025-05-06 16:42:32,678 [INFO] [ETHUSDT] Trade 2381272149 BUY 1798.0@0.0278
2025-05-06 16:42:32,679 [ERROR] WebSocket error: 'b'
2025-05-06 16:42:32,809 [INFO] [BNBUSDT] Trade 1046018108 BUY 598.5@0.117
2025-05-06 16:42:32,812 [ERROR] WebSocket error: 'b'
2025-05-06 16:42:32,845 [INFO] [BTCUSDT] Trade 4877006059 BUY 94196.0@0.00106
2025-05-06 16:42:32,846 [ERROR] WebSocket error: 'b'
2025-05-06 16:42:32,916 [INFO] [BTCUSDT] Bid 94195.9900, Ask 94196.0000, Spread 0.0100
2025-05-06 16:42:32,922 [INFO] [ETHUSDT] Bid 1797.9900, Ask 1798.0000, Spread 0.0100
2025-05-06 16:42:32,936 [INFO] [ETHUSDT] Trade 2381272150 SELL 1797.99@0.143
2025-05-06 16:42:32,936 [ERROR] WebSocket error: 'b'
2025-05-06 16:42:32,949 [INFO] [ETHUSDT] Trade 2381272151 SELL 1797.99@0.0029
2025-05-06 16:42:32,952 [ERROR] WebSocket error: 'b'
2025-05-06 16:42:32,953 [INFO] [ETHUSDT] Trade 2381272152 SELL 1797.99@1.0
2025-05-06 16:42:32,953 [ERROR] WebSocket error: 'b'
2025-05-06 16:42:32,954 [INFO] [ETHUSDT] Trade 2381272153 SELL 1797.99@0.0609
2025-05-06 16:42:32,954 [ERROR] WebSocket error: 'b'
2025-05-06 16:42:32,955 [INFO] [ETHUSDT] Trade 2381272154 SELL 1797.99@0.0505
2025-05-06 16:42:32,955 [ERROR] WebSocket error: 'b'
2025-05-06 16:42:32,955 [INFO] [ETHUSDT] Trade 2381272155 SELL 1797.99@0.0049
2025-05-06 16:42:32,955 [ERROR] WebSocket error: 'b'
2025-05-06 16:42:32,957 [INFO] [ETHUSDT] Trade 2381272156 SELL 1797.99@0.0042
2025-05-06 16:42:32,957 [ERROR] WebSocket error: 'b'
2025-05-06 16:42:32,957 [INFO] [ETHUSDT] Trade 2381272157 SELL 1797.99@0.0981
2025-05-06 16:42:32,957 [ERROR] WebSocket error: 'b'
2025-05-06 16:42:32,958 [INFO] [ETHUSDT] Trade 2381272158 SELL 1797.99@0.0053
2025-05-06 16:42:32,958 [ERROR] WebSocket error: 'b'
2025-05-06 16:42:32,958 [INFO] [ETHUSDT] Trade 2381272159 SELL 1797.99@0.0036
2025-05-06 16:42:32,958 [ERROR] WebSocket error: 'b'
2025-05-06 16:42:32,959 [INFO] [ETHUSDT] Trade 2381272160 SELL 1797.99@0.0029
2025-05-06 16:42:32,959 [ERROR] WebSocket error: 'b'
2025-05-06 16:42:32,959 [INFO] [ETHUSDT] Trade 2381272161 SELL 1797.99@0.006
2025-05-06 16:42:32,959 [ERROR] WebSocket error: 'b'
2025-05-06 16:42:32,959 [INFO] [ETHUSDT] Trade 2381272162 SELL 1797.99@0.006
2025-05-06 16:42:32,959 [ERROR] WebSocket error: 'b'
2025-05-06 16:42:32,960 [INFO] [ETHUSDT] Trade 2381272163 SELL 1797.99@0.1073
2025-05-06 16:42:32,960 [ERROR] WebSocket error: 'b'
2025-05-06 16:42:32,960 [INFO] [ETHUSDT] Trade 2381272164 SELL 1797.99@0.0029
2025-05-06 16:42:32,960 [ERROR] WebSocket error: 'b'
2025-05-06 16:42:32,960 [INFO] [ETHUSDT] Trade 2381272165 SELL 1797.99@0.0029
2025-05-06 16:42:32,960 [ERROR] WebSocket error: 'b'
2025-05-06 16:42:32,961 [INFO] [ETHUSDT] Trade 2381272166 SELL 1797.99@0.0029
2025-05-06 16:42:32,961 [ERROR] WebSocket error: 'b'
2025-05-06 16:42:32,961 [INFO] [ETHUSDT] Trade 2381272167 SELL 1797.99@0.0028
2025-05-06 16:42:32,962 [ERROR] WebSocket error: 'b'
2025-05-06 16:42:32,963 [INFO] [ETHUSDT] Trade 2381272168 SELL 1797.99@0.0028
2025-05-06 16:42:32,963 [ERROR] WebSocket error: 'b'
2025-05-06 16:42:32,963 [INFO] [ETHUSDT] Trade 2381272169 SELL 1797.98@0.0029
2025-05-06 16:42:32,964 [ERROR] WebSocket error: 'b'
2025-05-06 16:42:32,964 [INFO] [ETHUSDT] Trade 2381272170 SELL 1797.98@0.0029
2025-05-06 16:42:32,964 [ERROR] WebSocket error: 'b'
2025-05-06 16:42:32,964 [INFO] [ETHUSDT] Trade 2381272171 SELL 1797.98@0.0029
2025-05-06 16:42:32,965 [ERROR] WebSocket error: 'b'
2025-05-06 16:42:32,965 [INFO] [ETHUSDT] Trade 2381272172 SELL 1797.98@0.0029
2025-05-06 16:42:32,965 [ERROR] WebSocket error: 'b'
2025-05-06 16:42:32,965 [INFO] [ETHUSDT] Trade 2381272173 SELL 1797.98@0.0029
2025-05-06 16:42:32,965 [ERROR] WebSocket error: 'b'
2025-05-06 16:42:32,966 [INFO] [ETHUSDT] Trade 2381272174 SELL 1797.97@0.0029
2025-05-06 16:42:32,966 [ERROR] WebSocket error: 'b'
2025-05-06 16:42:32,966 [INFO] [ETHUSDT] Trade 2381272175 SELL 1797.97@0.0029
2025-05-06 16:42:32,973 [ERROR] WebSocket error: 'b'
2025-05-06 16:42:32,973 [INFO] [ETHUSDT] Trade 2381272176 SELL 1797.96@0.0029
2025-05-06 16:42:32,973 [ERROR] WebSocket error: 'b'
2025-05-06 16:42:32,973 [INFO] [ETHUSDT] Trade 2381272177 SELL 1797.96@0.0252
2025-05-06 16:42:32,973 [ERROR] WebSocket error: 'b'
2025-05-06 16:42:32,974 [INFO] [ETHUSDT] Trade 2381272178 SELL 1797.95@0.0029
2025-05-06 16:42:32,974 [ERROR] WebSocket error: 'b'
2025-05-06 16:42:32,974 [INFO] [ETHUSDT] Trade 2381272179 SELL 1797.95@0.0029
2025-05-06 16:42:32,974 [ERROR] WebSocket error: 'b'
2025-05-06 16:42:32,974 [INFO] [ETHUSDT] Trade 2381272180 SELL 1797.94@0.0029
2025-05-06 16:42:32,974 [ERROR] WebSocket error: 'b'
2025-05-06 16:42:32,975 [INFO] [ETHUSDT] Trade 2381272181 SELL 1797.93@0.0029
2025-05-06 16:42:32,975 [ERROR] WebSocket error: 'b'
2025-05-06 16:42:32,975 [INFO] [ETHUSDT] Trade 2381272182 SELL 1797.93@0.0569
2025-05-06 16:42:32,975 [ERROR] WebSocket error: 'b'
2025-05-06 16:42:32,975 [INFO] [ETHUSDT] Trade 2381272183 SELL 1797.93@0.0858
2025-05-06 16:42:32,975 [ERROR] WebSocket error: 'b'
2025-05-06 16:42:32,976 [INFO] [ETHUSDT] Trade 2381272184 SELL 1797.93@0.0507
2025-05-06 16:42:32,976 [ERROR] WebSocket error: 'b'
2025-05-06 16:42:32,976 [INFO] [ETHUSDT] Trade 2381272185 SELL 1797.93@0.0503
2025-05-06 16:42:32,976 [ERROR] WebSocket error: 'b'
2025-05-06 16:42:32,976 [INFO] [ETHUSDT] Trade 2381272186 SELL 1797.93@0.0033
2025-05-06 16:42:32,976 [ERROR] WebSocket error: 'b'
2025-05-06 16:42:32,976 [INFO] [ETHUSDT] Trade 2381272187 SELL 1797.92@0.0029
2025-05-06 16:42:32,977 [ERROR] WebSocket error: 'b'
2025-05-06 16:42:32,977 [INFO] [ETHUSDT] Trade 2381272188 SELL 1797.92@0.3
2025-05-06 16:42:32,977 [ERROR] WebSocket error: 'b'
2025-05-06 16:42:32,977 [INFO] [ETHUSDT] Trade 2381272189 SELL 1797.91@0.0029
2025-05-06 16:42:32,977 [ERROR] WebSocket error: 'b'
2025-05-06 16:42:32,977 [INFO] [ETHUSDT] Trade 2381272190 SELL 1797.9@0.0029
2025-05-06 16:42:32,977 [ERROR] WebSocket error: 'b'
2025-05-06 16:42:32,978 [INFO] [ETHUSDT] Trade 2381272191 SELL 1797.9@3.336
2025-05-06 16:42:32,978 [ERROR] WebSocket error: 'b'
2025-05-06 16:42:32,978 [INFO] [ETHUSDT] Trade 2381272192 SELL 1797.9@0.0028
2025-05-06 16:42:32,978 [ERROR] WebSocket error: 'b'
2025-05-06 16:42:32,978 [INFO] [ETHUSDT] Trade 2381272193 SELL 1797.9@0.0028
2025-05-06 16:42:32,978 [ERROR] WebSocket error: 'b'
2025-05-06 16:42:32,978 [INFO] [ETHUSDT] Trade 2381272194 SELL 1797.89@0.0029
2025-05-06 16:42:32,978 [ERROR] WebSocket error: 'b'
2025-05-06 16:42:32,979 [INFO] [ETHUSDT] Trade 2381272195 SELL 1797.89@0.0281
2025-05-06 16:42:32,979 [ERROR] WebSocket error: 'b'
2025-05-06 16:42:32,979 [INFO] [ETHUSDT] Trade 2381272196 SELL 1797.88@0.0029
2025-05-06 16:42:32,979 [ERROR] WebSocket error: 'b'
2025-05-06 16:42:32,979 [INFO] [ETHUSDT] Trade 2381272197 SELL 1797.87@0.0502
2025-05-06 16:42:32,979 [ERROR] WebSocket error: 'b'
2025-05-06 16:42:32,979 [INFO] [ETHUSDT] Trade 2381272198 SELL 1797.86@0.0033
2025-05-06 16:42:32,979 [ERROR] WebSocket error: 'b'
2025-05-06 16:42:32,980 [INFO] [ETHUSDT] Trade 2381272199 SELL 1797.83@0.6854
2025-05-06 16:42:32,980 [ERROR] WebSocket error: 'b'
2025-05-06 16:42:33,012 [INFO] [BNBUSDT] Bid 598.4900, Ask 598.5000, Spread 0.0100
2025-05-06 16:42:33,054 [INFO] [ETHUSDT] Trade 2381272200 BUY 1797.84@0.0278
2025-05-06 16:42:33,054 [ERROR] WebSocket error: 'b'
2025-05-06 16:42:33,177 [INFO] [ETHUSDT] Trade 2381272201 BUY 1797.84@0.0278
2025-05-06 16:42:33,178 [ERROR] WebSocket error: 'b'
2025-05-06 16:42:33,209 [INFO] [ETHUSDT] Trade 2381272202 BUY 1797.84@0.0763
2025-05-06 16:42:33,209 [ERROR] WebSocket error: 'b'
2025-05-06 16:42:33,570 [INFO] [ETHUSDT] Trade 2381272203 SELL 1797.83@0.0027
2025-05-06 16:42:33,570 [ERROR] WebSocket error: 'b'
2025-05-06 16:42:34,135 [INFO] [BTCUSDT] Trade 4877006060 SELL 94195.99@0.00051
2025-05-06 16:42:34,136 [ERROR] WebSocket error: 'b'
2025-05-06 16:42:34,137 [INFO] [BTCUSDT] Bid 94195.9900, Ask 94196.0000, Spread 0.0100
2025-05-06 16:42:34,138 [INFO] [BNBUSDT] Trade 1046018109 BUY 598.5@0.045
2025-05-06 16:42:34,138 [ERROR] WebSocket error: 'b'
2025-05-06 16:42:34,139 [INFO] [ETHUSDT] Bid 1797.8300, Ask 1797.8400, Spread 0.0100
2025-05-06 16:42:34,139 [INFO] [BNBUSDT] Bid 598.4900, Ask 598.5000, Spread 0.0100
2025-05-06 16:42:34,140 [INFO] [BTCUSDT] Trade 4877006061 BUY 94196.0@6e-05
2025-05-06 16:42:34,140 [ERROR] WebSocket error: 'b'
2025-05-06 16:42:34,140 [INFO] [BTCUSDT] Trade 4877006062 BUY 94196.0@6e-05
2025-05-06 16:42:34,140 [ERROR] WebSocket error: 'b'
2025-05-06 16:42:34,141 [INFO] [BTCUSDT] Trade 4877006063 BUY 94196.0@0.00225
2025-05-06 16:42:34,141 [ERROR] WebSocket error: 'b'
2025-05-06 16:42:34,141 [INFO] [BTCUSDT] Trade 4877006064 BUY 94196.0@0.00106
2025-05-06 16:42:34,141 [ERROR] WebSocket error: 'b'
2025-05-06 16:42:34,142 [INFO] [BTCUSDT] Trade 4877006065 BUY 94196.0@0.00106
2025-05-06 16:42:34,142 [ERROR] WebSocket error: 'b'
2025-05-06 16:42:34,142 [INFO] [ETHUSDT] Trade 2381272204 BUY 1797.84@0.0278
2025-05-06 16:42:34,142 [ERROR] WebSocket error: 'b'
2025-05-06 16:42:34,150 [INFO] [BNBUSDT] Trade 1046018110 BUY 598.5@0.268
2025-05-06 16:42:34,150 [ERROR] WebSocket error: 'b'
2025-05-06 16:42:34,383 [INFO] [BTCUSDT] Trade 4877006066 SELL 94195.99@0.00204
2025-05-06 16:42:34,384 [ERROR] WebSocket error: 'b'
2025-05-06 16:42:34,487 [INFO] [BTCUSDT] Trade 4877006067 SELL 94195.99@0.00099
2025-05-06 16:42:34,488 [ERROR] WebSocket error: 'b'
2025-05-06 16:42:34,588 [INFO] [BNBUSDT] Trade 1046018111 SELL 598.49@1.388
2025-05-06 16:42:34,588 [ERROR] WebSocket error: 'b'
2025-05-06 16:42:34,882 [INFO] [BTCUSDT] Trade 4877006068 BUY 94196.0@0.00105
2025-05-06 16:42:34,883 [ERROR] WebSocket error: 'b'
2025-05-06 16:42:34,918 [INFO] [ETHUSDT] Trade 2381272205 BUY 1797.84@0.139
2025-05-06 16:42:34,919 [ERROR] WebSocket error: 'b'
2025-05-06 16:42:34,922 [INFO] [BTCUSDT] Bid 94195.9900, Ask 94196.0000, Spread 0.0100
2025-05-06 16:42:34,923 [INFO] [ETHUSDT] Bid 1797.8300, Ask 1797.8400, Spread 0.0100
2025-05-06 16:42:35,021 [INFO] [BNBUSDT] Bid 598.4900, Ask 598.5000, Spread 0.0100
2025-05-06 16:42:35,144 [INFO] [ETHUSDT] Trade 2381272206 BUY 1797.84@0.0278
2025-05-06 16:42:35,145 [ERROR] WebSocket error: 'b'
2025-05-06 16:42:35,397 [INFO] [ETHUSDT] Trade 2381272207 BUY 1797.84@0.0278
2025-05-06 16:42:35,397 [ERROR] WebSocket error: 'b'
2025-05-06 16:42:35,414 [INFO] [ETHUSDT] Trade 2381272208 BUY 1797.84@0.0278
2025-05-06 16:42:35,414 [ERROR] WebSocket error: 'b'
2025-05-06 16:42:35,461 [INFO] [ETHUSDT] Trade 2381272209 BUY 1797.84@0.0278
2025-05-06 16:42:35,462 [ERROR] WebSocket error: 'b'
2025-05-06 16:42:35,583 [INFO] [ETHUSDT] Trade 2381272210 BUY 1797.84@0.0278
2025-05-06 16:42:35,584 [ERROR] WebSocket error: 'b'
2025-05-06 16:42:35,801 [INFO] [ETHUSDT] Trade 2381272211 BUY 1797.84@0.5546
2025-05-06 16:42:35,802 [ERROR] WebSocket error: 'b'
2025-05-06 16:42:35,846 [INFO] [BTCUSDT] Trade 4877006069 SELL 94195.99@0.00043
2025-05-06 16:42:35,847 [ERROR] WebSocket error: 'b'
2025-05-06 16:42:35,920 [INFO] [BTCUSDT] Bid 94195.9900, Ask 94196.0000, Spread 0.0100
2025-05-06 16:42:35,921 [INFO] [ETHUSDT] Bid 1797.8300, Ask 1797.8400, Spread 0.0100
2025-05-06 16:42:36,011 [INFO] [BNBUSDT] Bid 598.4900, Ask 598.5000, Spread 0.0100
2025-05-06 16:42:36,055 [INFO] [BNBUSDT] Trade 1046018112 SELL 598.49@0.018
2025-05-06 16:42:36,055 [ERROR] WebSocket error: 'b'
2025-05-06 16:42:36,179 [INFO] [BNBUSDT] Trade 1046018113 BUY 598.5@0.016
2025-05-06 16:42:36,179 [ERROR] WebSocket error: 'b'
2025-05-06 16:42:36,237 [INFO] [BNBUSDT] Trade 1046018114 BUY 598.5@1.713
2025-05-06 16:42:36,238 [ERROR] WebSocket error: 'b'
2025-05-06 16:42:36,293 [INFO] [BNBUSDT] Trade 1046018115 BUY 598.5@0.065
2025-05-06 16:42:36,293 [ERROR] WebSocket error: 'b'
2025-05-06 16:42:36,322 [INFO] [ETHUSDT] Trade 2381272212 SELL 1797.83@0.0668
2025-05-06 16:42:36,322 [ERROR] WebSocket error: 'b'
2025-05-06 16:42:36,561 [INFO] [BNBUSDT] Trade 1046018116 BUY 598.5@0.009
2025-05-06 16:42:36,562 [ERROR] WebSocket error: 'b'
2025-05-06 16:42:36,573 [INFO] [BTCUSDT] Trade 4877006070 BUY 94196.0@6e-05
2025-05-06 16:42:36,574 [ERROR] WebSocket error: 'b'
2025-05-06 16:42:36,574 [INFO] [BTCUSDT] Trade 4877006071 BUY 94196.0@0.001
2025-05-06 16:42:36,575 [ERROR] WebSocket error: 'b'
2025-05-06 16:42:36,723 [INFO] [BTCUSDT] Trade 4877006072 BUY 94196.0@0.00093
2025-05-06 16:42:36,723 [ERROR] WebSocket error: 'b'
2025-05-06 16:42:36,918 [INFO] [BTCUSDT] Bid 94195.9900, Ask 94196.0000, Spread 0.0100
2025-05-06 16:42:36,923 [INFO] [ETHUSDT] Bid 1797.8300, Ask 1797.8400, Spread 0.0100
2025-05-06 16:42:36,951 [INFO] [BTCUSDT] Trade 4877006073 SELL 94195.99@0.0025
2025-05-06 16:42:36,951 [ERROR] WebSocket error: 'b'
2025-05-06 16:42:37,013 [INFO] [BNBUSDT] Bid 598.4900, Ask 598.5000, Spread 0.0100
2025-05-06 16:42:37,167 [INFO] [ETHUSDT] Trade 2381272213 BUY 1797.84@0.0556
2025-05-06 16:42:37,171 [ERROR] WebSocket error: 'b'
2025-05-06 16:42:37,292 [INFO] [BTCUSDT] Trade 4877006074 SELL 94195.99@0.00104
2025-05-06 16:42:37,293 [ERROR] WebSocket error: 'b'
2025-05-06 16:42:37,323 [INFO] [BNBUSDT] Trade 1046018117 SELL 598.49@0.033
2025-05-06 16:42:37,324 [ERROR] WebSocket error: 'b'
2025-05-06 16:42:37,453 [INFO] [ETHUSDT] Trade 2381272214 BUY 1797.84@0.0278
2025-05-06 16:42:37,454 [ERROR] WebSocket error: 'b'
2025-05-06 16:42:37,474 [INFO] [ETHUSDT] Trade 2381272215 BUY 1797.84@0.0213
2025-05-06 16:42:37,475 [ERROR] WebSocket error: 'b'
2025-05-06 16:42:37,578 [INFO] [ETHUSDT] Trade 2381272216 SELL 1797.83@0.0099
2025-05-06 16:42:37,579 [ERROR] WebSocket error: 'b'
2025-05-06 16:42:37,612 [INFO] [BNBUSDT] Trade 1046018118 SELL 598.49@2.475
2025-05-06 16:42:37,612 [ERROR] WebSocket error: 'b'
2025-05-06 16:42:37,785 [INFO] [ETHUSDT] Trade 2381272217 BUY 1797.84@0.0278
2025-05-06 16:42:37,786 [ERROR] WebSocket error: 'b'
2025-05-06 16:42:37,787 [INFO] [BTCUSDT] Trade 4877006075 BUY 94196.0@0.00016
2025-05-06 16:42:37,787 [ERROR] WebSocket error: 'b'
2025-05-06 16:42:37,788 [INFO] [ETHUSDT] Trade 2381272218 BUY 1797.84@0.0278
2025-05-06 16:42:37,788 [ERROR] WebSocket error: 'b'
2025-05-06 16:42:37,918 [INFO] [BTCUSDT] Bid 94195.9900, Ask 94196.0000, Spread 0.0100
2025-05-06 16:42:37,928 [INFO] [ETHUSDT] Bid 1797.8300, Ask 1797.8400, Spread 0.0100
2025-05-06 16:42:37,957 [INFO] [BTCUSDT] Trade 4877006076 BUY 94196.0@0.00429
2025-05-06 16:42:37,957 [ERROR] WebSocket error: 'b'
2025-05-06 16:42:37,990 [INFO] [ETHUSDT] Trade 2381272219 BUY 1797.84@0.0278
2025-05-06 16:42:37,991 [ERROR] WebSocket error: 'b'
2025-05-06 16:42:38,011 [INFO] [BNBUSDT] Bid 598.4900, Ask 598.5000, Spread 0.0100
2025-05-06 16:42:38,021 [INFO] [BTCUSDT] Trade 4877006077 BUY 94196.0@0.00106
2025-05-06 16:42:38,021 [ERROR] WebSocket error: 'b'
2025-05-06 16:42:38,104 [INFO] [ETHUSDT] Trade 2381272220 BUY 1797.84@0.0278
2025-05-06 16:42:38,105 [ERROR] WebSocket error: 'b'
2025-05-06 16:42:38,178 [INFO] [BTCUSDT] Trade 4877006078 SELL 94195.99@0.00026
2025-05-06 16:42:38,179 [ERROR] WebSocket error: 'b'
2025-05-06 16:42:38,758 [INFO] [ETHUSDT] Trade 2381272221 SELL 1797.83@1.7693
2025-05-06 16:42:38,759 [ERROR] WebSocket error: 'b'
2025-05-06 16:42:38,917 [INFO] [BTCUSDT] Bid 94195.9900, Ask 94196.0000, Spread 0.0100
2025-05-06 16:42:38,920 [INFO] [ETHUSDT] Bid 1797.8300, Ask 1797.8400, Spread 0.0100
2025-05-06 16:42:39,011 [INFO] [BNBUSDT] Bid 598.4900, Ask 598.5000, Spread 0.0100
2025-05-06 16:42:39,178 [INFO] [BNBUSDT] Trade 1046018119 BUY 598.5@0.055
2025-05-06 16:42:39,179 [ERROR] WebSocket error: 'b'
2025-05-06 16:42:39,355 [INFO] [BTCUSDT] Trade 4877006079 SELL 94195.99@0.00221
2025-05-06 16:42:39,355 [ERROR] WebSocket error: 'b'
2025-05-06 16:42:39,563 [INFO] [BTCUSDT] Trade 4877006080 SELL 94195.99@0.00085
2025-05-06 16:42:39,564 [ERROR] WebSocket error: 'b'
2025-05-06 16:42:39,586 [INFO] [ETHUSDT] Trade 2381272222 BUY 1797.84@0.0278
2025-05-06 16:42:39,586 [ERROR] WebSocket error: 'b'
2025-05-06 16:42:39,972 [INFO] [BTCUSDT] Bid 94195.9900, Ask 94196.0000, Spread 0.0100
2025-05-06 16:42:39,972 [INFO] [ETHUSDT] Bid 1797.8300, Ask 1797.8400, Spread 0.0100
2025-05-06 16:42:40,009 [INFO] [BNBUSDT] Bid 598.4900, Ask 598.5000, Spread 0.0100
2025-05-06 16:42:40,089 [INFO] [ETHUSDT] Trade 2381272223 SELL 1797.83@0.0029
2025-05-06 16:42:40,089 [ERROR] WebSocket error: 'b'
2025-05-06 16:42:40,090 [INFO] [ETHUSDT] Trade 2381272224 SELL 1797.83@0.0194
2025-05-06 16:42:40,090 [ERROR] WebSocket error: 'b'
2025-05-06 16:42:40,090 [INFO] [ETHUSDT] Trade 2381272225 SELL 1797.83@0.0411
2025-05-06 16:42:40,090 [ERROR] WebSocket error: 'b'
2025-05-06 16:42:40,090 [INFO] [ETHUSDT] Trade 2381272226 SELL 1797.83@0.481
2025-05-06 16:42:40,091 [ERROR] WebSocket error: 'b'
2025-05-06 16:42:40,091 [INFO] [ETHUSDT] Trade 2381272227 SELL 1797.83@0.1112
2025-05-06 16:42:40,091 [ERROR] WebSocket error: 'b'
2025-05-06 16:42:40,091 [INFO] [ETHUSDT] Trade 2381272228 SELL 1797.83@0.005
2025-05-06 16:42:40,091 [ERROR] WebSocket error: 'b'
2025-05-06 16:42:40,092 [INFO] [ETHUSDT] Trade 2381272229 SELL 1797.83@0.3404
2025-05-06 16:42:40,092 [ERROR] WebSocket error: 'b'
2025-05-06 16:42:40,093 [INFO] [ETHUSDT] Trade 2381272230 SELL 1797.83@3.003
2025-05-06 16:42:40,093 [ERROR] WebSocket error: 'b'
2025-05-06 16:42:40,094 [INFO] [ETHUSDT] Trade 2381272231 SELL 1797.83@1.113
2025-05-06 16:42:40,094 [ERROR] WebSocket error: 'b'
2025-05-06 16:42:40,094 [INFO] [ETHUSDT] Trade 2381272232 SELL 1797.83@0.0028
2025-05-06 16:42:40,094 [ERROR] WebSocket error: 'b'
2025-05-06 16:42:40,095 [INFO] [ETHUSDT] Trade 2381272233 SELL 1797.83@0.0029
2025-05-06 16:42:40,095 [ERROR] WebSocket error: 'b'
2025-05-06 16:42:40,095 [INFO] [ETHUSDT] Trade 2381272234 SELL 1797.83@0.0206
2025-05-06 16:42:40,095 [ERROR] WebSocket error: 'b'
2025-05-06 16:42:40,095 [INFO] [ETHUSDT] Trade 2381272235 SELL 1797.83@0.0029
2025-05-06 16:42:40,096 [ERROR] WebSocket error: 'b'
2025-05-06 16:42:40,096 [INFO] [ETHUSDT] Trade 2381272236 SELL 1797.83@0.0028
2025-05-06 16:42:40,096 [ERROR] WebSocket error: 'b'
2025-05-06 16:42:40,096 [INFO] [ETHUSDT] Trade 2381272237 SELL 1797.83@0.006
2025-05-06 16:42:40,096 [ERROR] WebSocket error: 'b'
2025-05-06 16:42:40,097 [INFO] [ETHUSDT] Trade 2381272238 SELL 1797.83@0.006
2025-05-06 16:42:40,097 [ERROR] WebSocket error: 'b'
2025-05-06 16:42:40,097 [INFO] [ETHUSDT] Trade 2381272239 SELL 1797.83@0.1995
2025-05-06 16:42:40,097 [ERROR] WebSocket error: 'b'
2025-05-06 16:42:40,153 [INFO] [BTCUSDT] Trade 4877006081 BUY 94196.0@0.00106
2025-05-06 16:42:40,154 [ERROR] WebSocket error: 'b'
2025-05-06 16:42:40,177 [INFO] [BTCUSDT] Trade 4877006082 SELL 94195.99@0.00026
2025-05-06 16:42:40,178 [ERROR] WebSocket error: 'b'
2025-05-06 16:42:40,207 [INFO] [ETHUSDT] Trade 2381272240 BUY 1797.84@0.0278
2025-05-06 16:42:40,208 [ERROR] WebSocket error: 'b'
2025-05-06 16:42:40,273 [INFO] [BNBUSDT] Trade 1046018120 BUY 598.5@0.062
2025-05-06 16:42:40,274 [ERROR] WebSocket error: 'b'
2025-05-06 16:42:40,564 [INFO] [BTCUSDT] Trade 4877006083 BUY 94196.0@0.00053
2025-05-06 16:42:40,565 [ERROR] WebSocket error: 'b'
2025-05-06 16:42:40,622 [INFO] [BNBUSDT] Trade 1046018121 SELL 598.49@0.482
2025-05-06 16:42:40,622 [ERROR] WebSocket error: 'b'
2025-05-06 16:42:40,668 [INFO] [ETHUSDT] Trade 2381272241 SELL 1797.83@0.0886
2025-05-06 16:42:40,668 [ERROR] WebSocket error: 'b'
2025-05-06 16:42:40,689 [INFO] [ETHUSDT] Trade 2381272242 BUY 1797.84@0.0278
2025-05-06 16:42:40,689 [ERROR] WebSocket error: 'b'
2025-05-06 16:42:40,720 [INFO] [ETHUSDT] Trade 2381272243 BUY 1797.84@0.2347
2025-05-06 16:42:40,721 [ERROR] WebSocket error: 'b'
2025-05-06 16:42:40,731 [INFO] [BTCUSDT] Trade 4877006084 BUY 94196.0@0.00016
2025-05-06 16:42:40,732 [ERROR] WebSocket error: 'b'
2025-05-06 16:42:40,834 [INFO] [ETHUSDT] Trade 2381272244 BUY 1797.84@0.0278
2025-05-06 16:42:40,835 [ERROR] WebSocket error: 'b'
2025-05-06 16:42:40,879 [INFO] [BTCUSDT] Trade 4877006085 BUY 94196.0@0.00011
2025-05-06 16:42:40,879 [ERROR] WebSocket error: 'b'
2025-05-06 16:42:40,915 [INFO] [BNBUSDT] Trade 1046018122 BUY 598.5@0.035
2025-05-06 16:42:40,916 [ERROR] WebSocket error: 'b'
2025-05-06 16:42:40,921 [INFO] [BTCUSDT] Bid 94195.9900, Ask 94196.0000, Spread 0.0100
2025-05-06 16:42:40,932 [INFO] [ETHUSDT] Bid 1797.8300, Ask 1797.8400, Spread 0.0100
2025-05-06 16:42:40,953 [INFO] [BNBUSDT] Trade 1046018123 BUY 598.5@1.581
2025-05-06 16:42:40,953 [ERROR] WebSocket error: 'b'
2025-05-06 16:42:41,009 [INFO] [BNBUSDT] Bid 598.4900, Ask 598.5000, Spread 0.0100
2025-05-06 16:42:41,073 [INFO] [BNBUSDT] Trade 1046018124 BUY 598.5@0.112
2025-05-06 16:42:41,073 [ERROR] WebSocket error: 'b'
2025-05-06 16:42:41,177 [INFO] [BNBUSDT] Trade 1046018125 SELL 598.49@0.078
2025-05-06 16:42:41,178 [ERROR] WebSocket error: 'b'
2025-05-06 16:42:41,223 [INFO] [BNBUSDT] Trade 1046018126 BUY 598.5@0.035
2025-05-06 16:42:41,223 [ERROR] WebSocket error: 'b'
2025-05-06 16:42:41,319 [INFO] [ETHUSDT] Trade 2381272245 SELL 1797.83@0.0029
2025-05-06 16:42:41,319 [ERROR] WebSocket error: 'b'
2025-05-06 16:42:41,320 [INFO] [ETHUSDT] Trade 2381272246 SELL 1797.83@0.0029
2025-05-06 16:42:41,320 [ERROR] WebSocket error: 'b'
2025-05-06 16:42:41,320 [INFO] [ETHUSDT] Trade 2381272247 SELL 1797.83@0.005
2025-05-06 16:42:41,320 [ERROR] WebSocket error: 'b'
2025-05-06 16:42:41,321 [INFO] [ETHUSDT] Trade 2381272248 SELL 1797.83@0.1431
2025-05-06 16:42:41,321 [ERROR] WebSocket error: 'b'
2025-05-06 16:42:41,321 [INFO] [ETHUSDT] Trade 2381272249 SELL 1797.83@0.0029
2025-05-06 16:42:41,321 [ERROR] WebSocket error: 'b'
2025-05-06 16:42:41,322 [INFO] [ETHUSDT] Trade 2381272250 SELL 1797.83@0.0029
2025-05-06 16:42:41,322 [ERROR] WebSocket error: 'b'
2025-05-06 16:42:41,322 [INFO] [ETHUSDT] Trade 2381272251 SELL 1797.83@0.0029
2025-05-06 16:42:41,322 [ERROR] WebSocket error: 'b'
2025-05-06 16:42:41,323 [INFO] [ETHUSDT] Trade 2381272252 SELL 1797.83@0.006
2025-05-06 16:42:41,323 [ERROR] WebSocket error: 'b'
2025-05-06 16:42:41,323 [INFO] [ETHUSDT] Trade 2381272253 SELL 1797.83@0.006
2025-05-06 16:42:41,323 [ERROR] WebSocket error: 'b'
2025-05-06 16:42:41,324 [INFO] [ETHUSDT] Trade 2381272254 SELL 1797.82@0.0029
2025-05-06 16:42:41,324 [ERROR] WebSocket error: 'b'
2025-05-06 16:42:41,324 [INFO] [ETHUSDT] Trade 2381272255 SELL 1797.82@0.0029
2025-05-06 16:42:41,325 [ERROR] WebSocket error: 'b'
2025-05-06 16:42:41,325 [INFO] [ETHUSDT] Trade 2381272256 SELL 1797.82@0.0029
2025-05-06 16:42:41,325 [ERROR] WebSocket error: 'b'
2025-05-06 16:42:41,325 [INFO] [ETHUSDT] Trade 2381272257 SELL 1797.82@0.0029
2025-05-06 16:42:41,325 [ERROR] WebSocket error: 'b'
2025-05-06 16:42:41,325 [INFO] [ETHUSDT] Trade 2381272258 SELL 1797.81@0.0029
2025-05-06 16:42:41,326 [ERROR] WebSocket error: 'b'
2025-05-06 16:42:41,326 [INFO] [ETHUSDT] Trade 2381272259 SELL 1797.81@0.0029
2025-05-06 16:42:41,326 [ERROR] WebSocket error: 'b'
2025-05-06 16:42:41,326 [INFO] [ETHUSDT] Trade 2381272260 SELL 1797.8@0.0029
2025-05-06 16:42:41,326 [ERROR] WebSocket error: 'b'
2025-05-06 16:42:41,327 [INFO] [ETHUSDT] Trade 2381272261 SELL 1797.79@0.0029
2025-05-06 16:42:41,327 [ERROR] WebSocket error: 'b'
2025-05-06 16:42:41,327 [INFO] [ETHUSDT] Trade 2381272262 SELL 1797.79@0.0029
2025-05-06 16:42:41,327 [ERROR] WebSocket error: 'b'
2025-05-06 16:42:41,327 [INFO] [ETHUSDT] Trade 2381272263 SELL 1797.78@0.0029
2025-05-06 16:42:41,327 [ERROR] WebSocket error: 'b'
2025-05-06 16:42:41,328 [INFO] [ETHUSDT] Trade 2381272264 SELL 1797.78@0.0033
2025-05-06 16:42:41,328 [ERROR] WebSocket error: 'b'
2025-05-06 16:42:41,328 [INFO] [ETHUSDT] Trade 2381272265 SELL 1797.77@0.0029
2025-05-06 16:42:41,328 [ERROR] WebSocket error: 'b'
2025-05-06 16:42:41,328 [INFO] [ETHUSDT] Trade 2381272266 SELL 1797.77@0.0029
2025-05-06 16:42:41,328 [ERROR] WebSocket error: 'b'
2025-05-06 16:42:41,329 [INFO] [ETHUSDT] Trade 2381272267 SELL 1797.77@0.004
2025-05-06 16:42:41,329 [ERROR] WebSocket error: 'b'
2025-05-06 16:42:41,329 [INFO] [ETHUSDT] Trade 2381272268 SELL 1797.76@0.0029
2025-05-06 16:42:41,329 [ERROR] WebSocket error: 'b'
2025-05-06 16:42:41,329 [INFO] [ETHUSDT] Trade 2381272269 SELL 1797.76@0.0029
2025-05-06 16:42:41,329 [ERROR] WebSocket error: 'b'
2025-05-06 16:42:41,330 [INFO] [ETHUSDT] Trade 2381272270 SELL 1797.75@0.0029
2025-05-06 16:42:41,330 [ERROR] WebSocket error: 'b'
2025-05-06 16:42:41,330 [INFO] [ETHUSDT] Trade 2381272271 SELL 1797.74@0.0029
2025-05-06 16:42:41,330 [ERROR] WebSocket error: 'b'
2025-05-06 16:42:41,330 [INFO] [ETHUSDT] Trade 2381272272 SELL 1797.73@0.0056
2025-05-06 16:42:41,330 [ERROR] WebSocket error: 'b'
2025-05-06 16:42:41,330 [INFO] [ETHUSDT] Trade 2381272273 SELL 1797.73@0.0029
2025-05-06 16:42:41,330 [ERROR] WebSocket error: 'b'
2025-05-06 16:42:41,331 [INFO] [ETHUSDT] Trade 2381272274 SELL 1797.72@0.0563
2025-05-06 16:42:41,331 [ERROR] WebSocket error: 'b'
2025-05-06 16:42:41,331 [INFO] [ETHUSDT] Trade 2381272275 SELL 1797.72@0.0029
2025-05-06 16:42:41,331 [ERROR] WebSocket error: 'b'
2025-05-06 16:42:41,331 [INFO] [ETHUSDT] Trade 2381272276 SELL 1797.7@0.0028
2025-05-06 16:42:41,331 [ERROR] WebSocket error: 'b'
2025-05-06 16:42:41,331 [INFO] [ETHUSDT] Trade 2381272277 SELL 1797.7@0.0028
2025-05-06 16:42:41,332 [ERROR] WebSocket error: 'b'
2025-05-06 16:42:41,332 [INFO] [ETHUSDT] Trade 2381272278 SELL 1797.68@0.0093
2025-05-06 16:42:41,332 [ERROR] WebSocket error: 'b'
2025-05-06 16:42:41,332 [INFO] [ETHUSDT] Trade 2381272279 SELL 1797.68@0.0082
2025-05-06 16:42:41,332 [ERROR] WebSocket error: 'b'
2025-05-06 16:42:41,332 [INFO] [ETHUSDT] Trade 2381272280 SELL 1797.67@0.0033
2025-05-06 16:42:41,332 [ERROR] WebSocket error: 'b'
2025-05-06 16:42:41,333 [INFO] [ETHUSDT] Trade 2381272281 SELL 1797.67@0.0282
2025-05-06 16:42:41,333 [ERROR] WebSocket error: 'b'
2025-05-06 16:42:41,333 [INFO] [ETHUSDT] Trade 2381272282 SELL 1797.66@0.0058
2025-05-06 16:42:41,333 [ERROR] WebSocket error: 'b'
2025-05-06 16:42:41,333 [INFO] [ETHUSDT] Trade 2381272283 SELL 1797.66@0.0056
2025-05-06 16:42:41,333 [ERROR] WebSocket error: 'b'
2025-05-06 16:42:41,334 [INFO] [ETHUSDT] Trade 2381272284 SELL 1797.65@0.025
2025-05-06 16:42:41,334 [ERROR] WebSocket error: 'b'
2025-05-06 16:42:41,334 [INFO] [ETHUSDT] Trade 2381272285 SELL 1797.65@0.0028
2025-05-06 16:42:41,334 [ERROR] WebSocket error: 'b'
2025-05-06 16:42:41,334 [INFO] [ETHUSDT] Trade 2381272286 SELL 1797.65@0.0028
2025-05-06 16:42:41,334 [ERROR] WebSocket error: 'b'
2025-05-06 16:42:41,334 [INFO] [ETHUSDT] Trade 2381272287 SELL 1797.64@0.6084
2025-05-06 16:42:41,334 [ERROR] WebSocket error: 'b'
2025-05-06 16:42:41,335 [INFO] [ETHUSDT] Trade 2381272288 SELL 1797.64@1.001
2025-05-06 16:42:41,335 [ERROR] WebSocket error: 'b'
2025-05-06 16:42:41,335 [INFO] [ETHUSDT] Trade 2381272289 SELL 1797.64@1.001
2025-05-06 16:42:41,335 [ERROR] WebSocket error: 'b'
2025-05-06 16:42:41,335 [INFO] [ETHUSDT] Trade 2381272290 SELL 1797.64@1.051
2025-05-06 16:42:41,335 [ERROR] WebSocket error: 'b'
2025-05-06 16:42:41,335 [INFO] [ETHUSDT] Trade 2381272291 SELL 1797.64@1.001
2025-05-06 16:42:41,336 [ERROR] WebSocket error: 'b'
2025-05-06 16:42:41,336 [INFO] [ETHUSDT] Trade 2381272292 SELL 1797.64@0.0028
2025-05-06 16:42:41,336 [ERROR] WebSocket error: 'b'
2025-05-06 16:42:41,336 [INFO] [ETHUSDT] Trade 2381272293 SELL 1797.64@0.0028
2025-05-06 16:42:41,336 [ERROR] WebSocket error: 'b'
2025-05-06 16:42:41,336 [INFO] [ETHUSDT] Trade 2381272294 SELL 1797.6@1.001
2025-05-06 16:42:41,336 [ERROR] WebSocket error: 'b'
2025-05-06 16:42:41,337 [INFO] [ETHUSDT] Trade 2381272295 SELL 1797.6@1.001
2025-05-06 16:42:41,337 [ERROR] WebSocket error: 'b'
2025-05-06 16:42:41,337 [INFO] [ETHUSDT] Trade 2381272296 SELL 1797.6@0.444
2025-05-06 16:42:41,337 [ERROR] WebSocket error: 'b'
2025-05-06 16:42:41,337 [INFO] [ETHUSDT] Trade 2381272297 SELL 1797.6@0.89
2025-05-06 16:42:41,337 [ERROR] WebSocket error: 'b'
2025-05-06 16:42:41,337 [INFO] [ETHUSDT] Trade 2381272298 SELL 1797.6@0.161
2025-05-06 16:42:41,337 [ERROR] WebSocket error: 'b'
2025-05-06 16:42:41,338 [INFO] [ETHUSDT] Trade 2381272299 SELL 1797.6@0.952
2025-05-06 16:42:41,338 [ERROR] WebSocket error: 'b'
2025-05-06 16:42:41,338 [INFO] [ETHUSDT] Trade 2381272300 SELL 1797.6@0.0028
2025-05-06 16:42:41,338 [ERROR] WebSocket error: 'b'
2025-05-06 16:42:41,338 [INFO] [ETHUSDT] Trade 2381272301 SELL 1797.6@0.0028
2025-05-06 16:42:41,338 [ERROR] WebSocket error: 'b'
2025-05-06 16:42:41,338 [INFO] [ETHUSDT] Trade 2381272302 SELL 1797.6@0.0029
2025-05-06 16:42:41,338 [ERROR] WebSocket error: 'b'
2025-05-06 16:42:41,339 [INFO] [ETHUSDT] Trade 2381272303 SELL 1797.6@0.006
2025-05-06 16:42:41,339 [ERROR] WebSocket error: 'b'
2025-05-06 16:42:41,339 [INFO] [ETHUSDT] Trade 2381272304 SELL 1797.6@0.006
2025-05-06 16:42:41,339 [ERROR] WebSocket error: 'b'
2025-05-06 16:42:41,339 [INFO] [ETHUSDT] Trade 2381272305 SELL 1797.6@0.0285
2025-05-06 16:42:41,339 [ERROR] WebSocket error: 'b'
2025-05-06 16:42:41,433 [INFO] [ETHUSDT] Trade 2381272306 SELL 1797.6@0.9954
2025-05-06 16:42:41,433 [ERROR] WebSocket error: 'b'
2025-05-06 16:42:41,434 [INFO] [ETHUSDT] Trade 2381272307 SELL 1797.6@1.001
2025-05-06 16:42:41,434 [ERROR] WebSocket error: 'b'
2025-05-06 16:42:41,435 [INFO] [BTCUSDT] Trade 4877006086 SELL 94195.99@0.00265
2025-05-06 16:42:41,435 [ERROR] WebSocket error: 'b'
2025-05-06 16:42:41,542 [INFO] [ETHUSDT] Trade 2381272308 BUY 1797.61@0.0028
2025-05-06 16:42:41,543 [ERROR] WebSocket error: 'b'
2025-05-06 16:42:41,546 [INFO] [ETHUSDT] Trade 2381272309 BUY 1797.61@0.0033
2025-05-06 16:42:41,547 [ERROR] WebSocket error: 'b'
2025-05-06 16:42:41,547 [INFO] [ETHUSDT] Trade 2381272310 BUY 1797.61@0.0217
2025-05-06 16:42:41,547 [ERROR] WebSocket error: 'b'
2025-05-06 16:42:41,922 [INFO] [BTCUSDT] Bid 94195.9900, Ask 94196.0000, Spread 0.0100
2025-05-06 16:42:41,922 [INFO] [ETHUSDT] Bid 1797.6000, Ask 1797.6100, Spread 0.0100
2025-05-06 16:42:42,011 [INFO] [BNBUSDT] Bid 598.4900, Ask 598.5000, Spread 0.0100
2025-05-06 16:42:42,263 [INFO] [BNBUSDT] Trade 1046018127 SELL 598.49@0.448
2025-05-06 16:42:42,264 [ERROR] WebSocket error: 'b'
2025-05-06 16:42:42,265 [INFO] [BNBUSDT] Trade 1046018128 SELL 598.49@1.6
2025-05-06 16:42:42,265 [ERROR] WebSocket error: 'b'
2025-05-06 16:42:42,267 [INFO] [BNBUSDT] Trade 1046018129 BUY 598.5@0.016
2025-05-06 16:42:42,267 [ERROR] WebSocket error: 'b'
2025-05-06 16:42:42,329 [INFO] [BTCUSDT] Trade 4877006087 BUY 94196.0@0.00191
2025-05-06 16:42:42,329 [ERROR] WebSocket error: 'b'
2025-05-06 16:42:42,392 [INFO] [ETHUSDT] Trade 2381272311 SELL 1797.6@0.0029
2025-05-06 16:42:42,393 [ERROR] WebSocket error: 'b'
2025-05-06 16:42:42,393 [INFO] [ETHUSDT] Trade 2381272312 SELL 1797.6@0.0041
2025-05-06 16:42:42,393 [ERROR] WebSocket error: 'b'
2025-05-06 16:42:42,403 [INFO] [BNBUSDT] Trade 1046018130 BUY 598.5@0.028
2025-05-06 16:42:42,403 [ERROR] WebSocket error: 'b'
2025-05-06 16:42:42,669 [INFO] [ETHUSDT] Trade 2381272313 SELL 1797.6@0.0159
2025-05-06 16:42:42,670 [ERROR] WebSocket error: 'b'
2025-05-06 16:42:42,672 [INFO] [ETHUSDT] Trade 2381272314 SELL 1797.6@0.0507
2025-05-06 16:42:42,672 [ERROR] WebSocket error: 'b'
2025-05-06 16:42:42,672 [INFO] [ETHUSDT] Trade 2381272315 SELL 1797.6@0.0134
2025-05-06 16:42:42,672 [ERROR] WebSocket error: 'b'
2025-05-06 16:42:42,673 [INFO] [ETHUSDT] Trade 2381272316 SELL 1797.6@0.08
2025-05-06 16:42:42,673 [ERROR] WebSocket error: 'b'
2025-05-06 16:42:42,673 [INFO] [ETHUSDT] Trade 2381272317 SELL 1797.6@0.0178
2025-05-06 16:42:42,674 [ERROR] WebSocket error: 'b'
2025-05-06 16:42:42,674 [INFO] [ETHUSDT] Trade 2381272318 SELL 1797.6@0.0049
2025-05-06 16:42:42,674 [ERROR] WebSocket error: 'b'
2025-05-06 16:42:42,674 [INFO] [ETHUSDT] Trade 2381272319 SELL 1797.6@0.0029
2025-05-06 16:42:42,675 [ERROR] WebSocket error: 'b'
2025-05-06 16:42:42,675 [INFO] [ETHUSDT] Trade 2381272320 SELL 1797.6@0.006
2025-05-06 16:42:42,675 [ERROR] WebSocket error: 'b'
2025-05-06 16:42:42,675 [INFO] [ETHUSDT] Trade 2381272321 SELL 1797.6@0.006
2025-05-06 16:42:42,675 [ERROR] WebSocket error: 'b'
2025-05-06 16:42:42,676 [INFO] [ETHUSDT] Trade 2381272322 SELL 1797.6@0.0029
2025-05-06 16:42:42,676 [ERROR] WebSocket error: 'b'
2025-05-06 16:42:42,676 [INFO] [ETHUSDT] Trade 2381272323 SELL 1797.6@0.006
2025-05-06 16:42:42,676 [ERROR] WebSocket error: 'b'
2025-05-06 16:42:42,676 [INFO] [ETHUSDT] Trade 2381272324 SELL 1797.6@0.006
2025-05-06 16:42:42,676 [ERROR] WebSocket error: 'b'
2025-05-06 16:42:42,677 [INFO] [ETHUSDT] Trade 2381272325 SELL 1797.6@0.0275
2025-05-06 16:42:42,677 [ERROR] WebSocket error: 'b'
2025-05-06 16:42:42,677 [INFO] [ETHUSDT] Trade 2381272326 SELL 1797.6@0.0773
2025-05-06 16:42:42,677 [ERROR] WebSocket error: 'b'
2025-05-06 16:42:42,677 [INFO] [ETHUSDT] Trade 2381272327 SELL 1797.6@0.0027
2025-05-06 16:42:42,677 [ERROR] WebSocket error: 'b'
2025-05-06 16:42:42,678 [INFO] [ETHUSDT] Trade 2381272328 SELL 1797.6@0.0033
2025-05-06 16:42:42,678 [ERROR] WebSocket error: 'b'
2025-05-06 16:42:42,678 [INFO] [ETHUSDT] Trade 2381272329 SELL 1797.6@0.006
2025-05-06 16:42:42,678 [ERROR] WebSocket error: 'b'
2025-05-06 16:42:42,678 [INFO] [ETHUSDT] Trade 2381272330 SELL 1797.6@0.0029
2025-05-06 16:42:42,678 [ERROR] WebSocket error: 'b'
2025-05-06 16:42:42,679 [INFO] [ETHUSDT] Trade 2381272331 SELL 1797.6@0.0029
2025-05-06 16:42:42,679 [ERROR] WebSocket error: 'b'
2025-05-06 16:42:42,679 [INFO] [ETHUSDT] Trade 2381272332 SELL 1797.6@0.0029
2025-05-06 16:42:42,679 [ERROR] WebSocket error: 'b'
2025-05-06 16:42:42,679 [INFO] [ETHUSDT] Trade 2381272333 SELL 1797.59@0.0029
2025-05-06 16:42:42,679 [ERROR] WebSocket error: 'b'
2025-05-06 16:42:42,679 [INFO] [ETHUSDT] Trade 2381272334 SELL 1797.59@0.0029
2025-05-06 16:42:42,680 [ERROR] WebSocket error: 'b'
2025-05-06 16:42:42,680 [INFO] [ETHUSDT] Trade 2381272335 SELL 1797.59@0.0029
2025-05-06 16:42:42,680 [ERROR] WebSocket error: 'b'
2025-05-06 16:42:42,680 [INFO] [ETHUSDT] Trade 2381272336 SELL 1797.59@0.0029
2025-05-06 16:42:42,680 [ERROR] WebSocket error: 'b'
2025-05-06 16:42:42,680 [INFO] [ETHUSDT] Trade 2381272337 SELL 1797.59@0.0029
2025-05-06 16:42:42,680 [ERROR] WebSocket error: 'b'
2025-05-06 16:42:42,681 [INFO] [ETHUSDT] Trade 2381272338 SELL 1797.59@0.0029
2025-05-06 16:42:42,681 [ERROR] WebSocket error: 'b'
2025-05-06 16:42:42,681 [INFO] [ETHUSDT] Trade 2381272339 SELL 1797.58@0.0029
2025-05-06 16:42:42,681 [ERROR] WebSocket error: 'b'
2025-05-06 16:42:42,681 [INFO] [ETHUSDT] Trade 2381272340 SELL 1797.57@0.0029
2025-05-06 16:42:42,681 [ERROR] WebSocket error: 'b'
2025-05-06 16:42:42,681 [INFO] [ETHUSDT] Trade 2381272341 SELL 1797.57@0.0388
2025-05-06 16:42:42,682 [ERROR] WebSocket error: 'b'
2025-05-06 16:42:42,682 [INFO] [ETHUSDT] Trade 2381272342 SELL 1797.57@0.0114
2025-05-06 16:42:42,682 [ERROR] WebSocket error: 'b'
2025-05-06 16:42:42,682 [INFO] [ETHUSDT] Trade 2381272343 SELL 1797.57@0.0086
2025-05-06 16:42:42,682 [ERROR] WebSocket error: 'b'
2025-05-06 16:42:42,682 [INFO] [ETHUSDT] Trade 2381272344 SELL 1797.57@0.0419
2025-05-06 16:42:42,682 [ERROR] WebSocket error: 'b'
2025-05-06 16:42:42,683 [INFO] [ETHUSDT] Trade 2381272345 SELL 1797.57@0.0381
2025-05-06 16:42:42,683 [ERROR] WebSocket error: 'b'
2025-05-06 16:42:42,683 [INFO] [ETHUSDT] Trade 2381272346 SELL 1797.57@0.0125
2025-05-06 16:42:42,683 [ERROR] WebSocket error: 'b'
2025-05-06 16:42:42,683 [INFO] [ETHUSDT] Trade 2381272347 SELL 1797.57@0.0029
2025-05-06 16:42:42,683 [ERROR] WebSocket error: 'b'
2025-05-06 16:42:42,683 [INFO] [ETHUSDT] Trade 2381272348 SELL 1797.56@0.0139
2025-05-06 16:42:42,683 [ERROR] WebSocket error: 'b'
2025-05-06 16:42:42,684 [INFO] [ETHUSDT] Trade 2381272349 SELL 1797.56@0.0249
2025-05-06 16:42:42,684 [ERROR] WebSocket error: 'b'
2025-05-06 16:42:42,684 [INFO] [ETHUSDT] Trade 2381272350 SELL 1797.56@0.0029
2025-05-06 16:42:42,684 [ERROR] WebSocket error: 'b'
2025-05-06 16:42:42,684 [INFO] [ETHUSDT] Trade 2381272351 SELL 1797.56@0.0029
2025-05-06 16:42:42,684 [ERROR] WebSocket error: 'b'
2025-05-06 16:42:42,684 [INFO] [ETHUSDT] Trade 2381272352 SELL 1797.54@0.0029
2025-05-06 16:42:42,685 [ERROR] WebSocket error: 'b'
2025-05-06 16:42:42,685 [INFO] [ETHUSDT] Trade 2381272353 SELL 1797.54@0.0171
2025-05-06 16:42:42,685 [ERROR] WebSocket error: 'b'
2025-05-06 16:42:42,685 [INFO] [ETHUSDT] Trade 2381272354 SELL 1797.54@0.08
2025-05-06 16:42:42,685 [ERROR] WebSocket error: 'b'
2025-05-06 16:42:42,685 [INFO] [ETHUSDT] Trade 2381272355 SELL 1797.54@0.08
2025-05-06 16:42:42,685 [ERROR] WebSocket error: 'b'
2025-05-06 16:42:42,685 [INFO] [ETHUSDT] Trade 2381272356 SELL 1797.54@0.08
2025-05-06 16:42:42,686 [ERROR] WebSocket error: 'b'
2025-05-06 16:42:42,686 [INFO] [ETHUSDT] Trade 2381272357 SELL 1797.54@0.0429
2025-05-06 16:42:42,686 [ERROR] WebSocket error: 'b'
2025-05-06 16:42:42,686 [INFO] [ETHUSDT] Trade 2381272358 SELL 1797.53@0.0029
2025-05-06 16:42:42,686 [ERROR] WebSocket error: 'b'
2025-05-06 16:42:42,686 [INFO] [ETHUSDT] Trade 2381272359 SELL 1797.52@0.004
2025-05-06 16:42:42,686 [ERROR] WebSocket error: 'b'
2025-05-06 16:42:42,686 [INFO] [ETHUSDT] Trade 2381272360 SELL 1797.52@0.0029
2025-05-06 16:42:42,686 [ERROR] WebSocket error: 'b'
2025-05-06 16:42:42,687 [INFO] [ETHUSDT] Trade 2381272361 SELL 1797.51@0.0029
2025-05-06 16:42:42,687 [ERROR] WebSocket error: 'b'
2025-05-06 16:42:42,687 [INFO] [ETHUSDT] Trade 2381272362 SELL 1797.5@0.0029
2025-05-06 16:42:42,687 [ERROR] WebSocket error: 'b'
2025-05-06 16:42:42,687 [INFO] [ETHUSDT] Trade 2381272363 SELL 1797.49@0.0029
2025-05-06 16:42:42,687 [ERROR] WebSocket error: 'b'
2025-05-06 16:42:42,687 [INFO] [ETHUSDT] Trade 2381272364 SELL 1797.49@0.0029
2025-05-06 16:42:42,687 [ERROR] WebSocket error: 'b'
2025-05-06 16:42:42,688 [INFO] [ETHUSDT] Trade 2381272365 SELL 1797.48@0.0029
2025-05-06 16:42:42,688 [ERROR] WebSocket error: 'b'
2025-05-06 16:42:42,688 [INFO] [ETHUSDT] Trade 2381272366 SELL 1797.46@0.0056
2025-05-06 16:42:42,688 [ERROR] WebSocket error: 'b'
2025-05-06 16:42:42,688 [INFO] [ETHUSDT] Trade 2381272367 SELL 1797.46@0.0072
2025-05-06 16:42:42,688 [ERROR] WebSocket error: 'b'
2025-05-06 16:42:42,688 [INFO] [ETHUSDT] Trade 2381272368 SELL 1797.46@0.0532
2025-05-06 16:42:42,688 [ERROR] WebSocket error: 'b'
2025-05-06 16:42:42,689 [INFO] [ETHUSDT] Trade 2381272369 SELL 1797.46@0.025
2025-05-06 16:42:42,689 [ERROR] WebSocket error: 'b'
2025-05-06 16:42:42,689 [INFO] [ETHUSDT] Trade 2381272370 SELL 1797.46@0.0018
2025-05-06 16:42:42,689 [ERROR] WebSocket error: 'b'
2025-05-06 16:42:42,689 [INFO] [ETHUSDT] Trade 2381272371 SELL 1797.46@0.0011
2025-05-06 16:42:42,689 [ERROR] WebSocket error: 'b'
2025-05-06 16:42:42,689 [INFO] [ETHUSDT] Trade 2381272372 SELL 1797.46@0.006
2025-05-06 16:42:42,689 [ERROR] WebSocket error: 'b'
2025-05-06 16:42:42,689 [INFO] [ETHUSDT] Trade 2381272373 SELL 1797.46@0.006
2025-05-06 16:42:42,690 [ERROR] WebSocket error: 'b'
2025-05-06 16:42:42,690 [INFO] [ETHUSDT] Trade 2381272374 SELL 1797.46@0.0029
2025-05-06 16:42:42,690 [ERROR] WebSocket error: 'b'
2025-05-06 16:42:42,690 [INFO] [ETHUSDT] Trade 2381272375 SELL 1797.46@0.0029
2025-05-06 16:42:42,690 [ERROR] WebSocket error: 'b'
2025-05-06 16:42:42,690 [INFO] [ETHUSDT] Trade 2381272376 SELL 1797.46@0.0029
2025-05-06 16:42:42,690 [ERROR] WebSocket error: 'b'
2025-05-06 16:42:42,690 [INFO] [ETHUSDT] Trade 2381272377 SELL 1797.46@0.0029
2025-05-06 16:42:42,690 [ERROR] WebSocket error: 'b'
2025-05-06 16:42:42,691 [INFO] [ETHUSDT] Trade 2381272378 SELL 1797.45@0.0029
2025-05-06 16:42:42,691 [ERROR] WebSocket error: 'b'
2025-05-06 16:42:42,691 [INFO] [ETHUSDT] Trade 2381272379 SELL 1797.45@0.0029
2025-05-06 16:42:42,691 [ERROR] WebSocket error: 'b'
2025-05-06 16:42:42,691 [INFO] [ETHUSDT] Trade 2381272380 SELL 1797.45@0.0029
2025-05-06 16:42:42,691 [ERROR] WebSocket error: 'b'
2025-05-06 16:42:42,691 [INFO] [ETHUSDT] Trade 2381272381 SELL 1797.45@0.0029
2025-05-06 16:42:42,691 [ERROR] WebSocket error: 'b'
2025-05-06 16:42:42,691 [INFO] [ETHUSDT] Trade 2381272382 SELL 1797.45@0.0029
2025-05-06 16:42:42,692 [ERROR] WebSocket error: 'b'
2025-05-06 16:42:42,692 [INFO] [ETHUSDT] Trade 2381272383 SELL 1797.43@0.0029
2025-05-06 16:42:42,692 [ERROR] WebSocket error: 'b'
2025-05-06 16:42:42,692 [INFO] [ETHUSDT] Trade 2381272384 SELL 1797.41@0.0042
2025-05-06 16:42:42,692 [ERROR] WebSocket error: 'b'
2025-05-06 16:42:42,692 [INFO] [ETHUSDT] Trade 2381272385 SELL 1797.41@0.0278
2025-05-06 16:42:42,692 [ERROR] WebSocket error: 'b'
2025-05-06 16:42:42,692 [INFO] [ETHUSDT] Trade 2381272386 SELL 1797.41@0.0028
2025-05-06 16:42:42,692 [ERROR] WebSocket error: 'b'
2025-05-06 16:42:42,692 [INFO] [ETHUSDT] Trade 2381272387 SELL 1797.41@0.0031
2025-05-06 16:42:42,692 [ERROR] WebSocket error: 'b'
2025-05-06 16:42:42,693 [INFO] [ETHUSDT] Trade 2381272388 SELL 1797.41@0.02
2025-05-06 16:42:42,693 [ERROR] WebSocket error: 'b'
2025-05-06 16:42:42,693 [INFO] [ETHUSDT] Trade 2381272389 SELL 1797.41@0.0029
2025-05-06 16:42:42,693 [ERROR] WebSocket error: 'b'
2025-05-06 16:42:42,693 [INFO] [ETHUSDT] Trade 2381272390 SELL 1797.41@0.0029
2025-05-06 16:42:42,693 [ERROR] WebSocket error: 'b'
2025-05-06 16:42:42,693 [INFO] [ETHUSDT] Trade 2381272391 SELL 1797.41@0.0029
2025-05-06 16:42:42,693 [ERROR] WebSocket error: 'b'
2025-05-06 16:42:42,694 [INFO] [ETHUSDT] Trade 2381272392 SELL 1797.41@0.0029
2025-05-06 16:42:42,694 [ERROR] WebSocket error: 'b'
2025-05-06 16:42:42,694 [INFO] [ETHUSDT] Trade 2381272393 SELL 1797.41@0.006
2025-05-06 16:42:42,694 [ERROR] WebSocket error: 'b'
2025-05-06 16:42:42,694 [INFO] [ETHUSDT] Trade 2381272394 SELL 1797.41@0.0029
2025-05-06 16:42:42,694 [ERROR] WebSocket error: 'b'
2025-05-06 16:42:42,694 [INFO] [ETHUSDT] Trade 2381272395 SELL 1797.41@0.006
2025-05-06 16:42:42,694 [ERROR] WebSocket error: 'b'
2025-05-06 16:42:42,694 [INFO] [ETHUSDT] Trade 2381272396 SELL 1797.41@0.006
2025-05-06 16:42:42,694 [ERROR] WebSocket error: 'b'
2025-05-06 16:42:42,695 [INFO] [ETHUSDT] Trade 2381272397 SELL 1797.41@0.006
2025-05-06 16:42:42,695 [ERROR] WebSocket error: 'b'
2025-05-06 16:42:42,695 [INFO] [ETHUSDT] Trade 2381272398 SELL 1797.41@0.3285
2025-05-06 16:42:42,695 [ERROR] WebSocket error: 'b'
2025-05-06 16:42:42,722 [INFO] [ETHUSDT] Trade 2381272399 BUY 1797.42@0.0278
2025-05-06 16:42:42,722 [ERROR] WebSocket error: 'b'
2025-05-06 16:42:42,916 [INFO] [BTCUSDT] Bid 94195.9900, Ask 94196.0000, Spread 0.0100
2025-05-06 16:42:42,921 [INFO] [ETHUSDT] Bid 1797.4100, Ask 1797.4200, Spread 0.0100
2025-05-06 16:42:43,023 [INFO] [BNBUSDT] Bid 598.4900, Ask 598.5000, Spread 0.0100
2025-05-06 16:42:43,424 [INFO] [ETHUSDT] Trade 2381272400 SELL 1797.41@0.0028
2025-05-06 16:42:43,425 [ERROR] WebSocket error: 'b'
2025-05-06 16:42:43,426 [INFO] [ETHUSDT] Trade 2381272401 SELL 1797.41@0.0029
2025-05-06 16:42:43,426 [ERROR] WebSocket error: 'b'
2025-05-06 16:42:43,426 [INFO] [ETHUSDT] Trade 2381272402 SELL 1797.41@0.0029
2025-05-06 16:42:43,427 [ERROR] WebSocket error: 'b'
2025-05-06 16:42:43,427 [INFO] [ETHUSDT] Trade 2381272403 SELL 1797.41@0.0049
2025-05-06 16:42:43,427 [ERROR] WebSocket error: 'b'
2025-05-06 16:42:43,427 [INFO] [ETHUSDT] Trade 2381272404 SELL 1797.41@0.0245
2025-05-06 16:42:43,428 [ERROR] WebSocket error: 'b'
2025-05-06 16:42:43,477 [INFO] [BTCUSDT] Trade 4877006088 SELL 94195.99@0.30481
2025-05-06 16:42:43,478 [ERROR] WebSocket error: 'b'
2025-05-06 16:42:43,478 [INFO] [BTCUSDT] Trade 4877006089 SELL 94195.99@0.17865
2025-05-06 16:42:43,478 [ERROR] WebSocket error: 'b'
2025-05-06 16:42:43,479 [INFO] [BTCUSDT] Trade 4877006090 SELL 94195.99@0.4748
2025-05-06 16:42:43,479 [ERROR] WebSocket error: 'b'
2025-05-06 16:42:43,479 [INFO] [BTCUSDT] Trade 4877006091 SELL 94195.99@0.2836
2025-05-06 16:42:43,479 [ERROR] WebSocket error: 'b'
2025-05-06 16:42:43,479 [INFO] [BTCUSDT] Trade 4877006092 SELL 94195.99@0.06395
2025-05-06 16:42:43,480 [ERROR] WebSocket error: 'b'
2025-05-06 16:42:43,480 [INFO] [BTCUSDT] Trade 4877006093 SELL 94195.99@0.0927
2025-05-06 16:42:43,480 [ERROR] WebSocket error: 'b'
2025-05-06 16:42:43,480 [INFO] [BTCUSDT] Trade 4877006094 SELL 94195.99@0.10149
2025-05-06 16:42:43,480 [ERROR] WebSocket error: 'b'
2025-05-06 16:42:43,525 [INFO] [BTCUSDT] Trade 4877006095 SELL 94195.99@7e-05
2025-05-06 16:42:43,526 [ERROR] WebSocket error: 'b'
2025-05-06 16:42:43,527 [INFO] [BTCUSDT] Trade 4877006096 SELL 94195.99@0.01061
2025-05-06 16:42:43,527 [ERROR] WebSocket error: 'b'
2025-05-06 16:42:43,527 [INFO] [BTCUSDT] Trade 4877006097 SELL 94195.99@0.01061
2025-05-06 16:42:43,527 [ERROR] WebSocket error: 'b'
2025-05-06 16:42:43,528 [INFO] [BTCUSDT] Trade 4877006098 SELL 94195.99@0.00045
2025-05-06 16:42:43,528 [ERROR] WebSocket error: 'b'
2025-05-06 16:42:43,528 [INFO] [BTCUSDT] Trade 4877006099 SELL 94195.99@0.00159
2025-05-06 16:42:43,528 [ERROR] WebSocket error: 'b'
2025-05-06 16:42:43,529 [INFO] [BTCUSDT] Trade 4877006100 SELL 94195.99@6e-05
2025-05-06 16:42:43,529 [ERROR] WebSocket error: 'b'
2025-05-06 16:42:43,529 [INFO] [BTCUSDT] Trade 4877006101 SELL 94195.99@0.03901
2025-05-06 16:42:43,529 [ERROR] WebSocket error: 'b'
2025-05-06 16:42:43,530 [INFO] [BTCUSDT] Trade 4877006102 SELL 94195.99@0.02626
2025-05-06 16:42:43,530 [ERROR] WebSocket error: 'b'
2025-05-06 16:42:43,530 [INFO] [BTCUSDT] Trade 4877006103 SELL 94195.99@0.001
2025-05-06 16:42:43,530 [ERROR] WebSocket error: 'b'
2025-05-06 16:42:43,530 [INFO] [BTCUSDT] Trade 4877006104 SELL 94195.99@0.00044
2025-05-06 16:42:43,531 [ERROR] WebSocket error: 'b'
2025-05-06 16:42:43,531 [INFO] [BTCUSDT] Trade 4877006105 SELL 94195.99@0.00045
2025-05-06 16:42:43,531 [ERROR] WebSocket error: 'b'
2025-05-06 16:42:43,531 [INFO] [BTCUSDT] Trade 4877006106 SELL 94195.99@0.00091
2025-05-06 16:42:43,531 [ERROR] WebSocket error: 'b'
2025-05-06 16:42:43,531 [INFO] [BTCUSDT] Trade 4877006107 SELL 94195.99@0.00091
2025-05-06 16:42:43,532 [ERROR] WebSocket error: 'b'
2025-05-06 16:42:43,532 [INFO] [BTCUSDT] Trade 4877006108 SELL 94195.99@6e-05
2025-05-06 16:42:43,532 [ERROR] WebSocket error: 'b'
2025-05-06 16:42:43,532 [INFO] [BTCUSDT] Trade 4877006109 SELL 94195.99@0.00011
2025-05-06 16:42:43,532 [ERROR] WebSocket error: 'b'
2025-05-06 16:42:43,533 [INFO] [BTCUSDT] Trade 4877006110 SELL 94195.99@0.00027
2025-05-06 16:42:43,533 [ERROR] WebSocket error: 'b'
2025-05-06 16:42:43,533 [INFO] [BTCUSDT] Trade 4877006111 SELL 94195.99@6e-05
2025-05-06 16:42:43,533 [ERROR] WebSocket error: 'b'
2025-05-06 16:42:43,533 [INFO] [BTCUSDT] Trade 4877006112 SELL 94195.99@6e-05
2025-05-06 16:42:43,533 [ERROR] WebSocket error: 'b'
2025-05-06 16:42:43,534 [INFO] [BTCUSDT] Trade 4877006113 SELL 94195.99@6e-05
2025-05-06 16:42:43,534 [ERROR] WebSocket error: 'b'
2025-05-06 16:42:43,534 [INFO] [BTCUSDT] Trade 4877006114 SELL 94195.99@0.00065
2025-05-06 16:42:43,534 [ERROR] WebSocket error: 'b'
2025-05-06 16:42:43,534 [INFO] [BTCUSDT] Trade 4877006115 SELL 94195.99@0.00429
2025-05-06 16:42:43,534 [ERROR] WebSocket error: 'b'
2025-05-06 16:42:43,535 [INFO] [BTCUSDT] Trade 4877006116 SELL 94195.99@0.00023
2025-05-06 16:42:43,535 [ERROR] WebSocket error: 'b'
2025-05-06 16:42:43,535 [INFO] [BTCUSDT] Trade 4877006117 SELL 94195.99@6e-05
2025-05-06 16:42:43,535 [ERROR] WebSocket error: 'b'
2025-05-06 16:42:43,535 [INFO] [BTCUSDT] Trade 4877006118 SELL 94195.99@0.00058
2025-05-06 16:42:43,536 [ERROR] WebSocket error: 'b'
2025-05-06 16:42:43,536 [INFO] [BTCUSDT] Trade 4877006119 SELL 94195.99@0.0019
2025-05-06 16:42:43,536 [ERROR] WebSocket error: 'b'
2025-05-06 16:42:43,536 [INFO] [BTCUSDT] Trade 4877006120 SELL 94195.99@6e-05
2025-05-06 16:42:43,536 [ERROR] WebSocket error: 'b'
2025-05-06 16:42:43,536 [INFO] [BTCUSDT] Trade 4877006121 SELL 94195.99@6e-05
2025-05-06 16:42:43,536 [ERROR] WebSocket error: 'b'
2025-05-06 16:42:43,537 [INFO] [BTCUSDT] Trade 4877006122 SELL 94195.99@6e-05
2025-05-06 16:42:43,537 [ERROR] WebSocket error: 'b'
2025-05-06 16:42:43,537 [INFO] [BTCUSDT] Trade 4877006123 SELL 94195.99@6e-05
2025-05-06 16:42:43,537 [ERROR] WebSocket error: 'b'
2025-05-06 16:42:43,537 [INFO] [BTCUSDT] Trade 4877006124 SELL 94195.99@6e-05
2025-05-06 16:42:43,537 [ERROR] WebSocket error: 'b'
2025-05-06 16:42:43,537 [INFO] [BTCUSDT] Trade 4877006125 SELL 94195.99@6e-05
2025-05-06 16:42:43,537 [ERROR] WebSocket error: 'b'
2025-05-06 16:42:43,538 [INFO] [BTCUSDT] Trade 4877006126 SELL 94195.99@6e-05
2025-05-06 16:42:43,538 [ERROR] WebSocket error: 'b'
2025-05-06 16:42:43,538 [INFO] [BTCUSDT] Trade 4877006127 SELL 94195.99@6e-05
2025-05-06 16:42:43,538 [ERROR] WebSocket error: 'b'
2025-05-06 16:42:43,538 [INFO] [BTCUSDT] Trade 4877006128 SELL 94195.99@6e-05
2025-05-06 16:42:43,538 [ERROR] WebSocket error: 'b'
2025-05-06 16:42:43,538 [INFO] [BTCUSDT] Trade 4877006129 SELL 94195.99@6e-05
2025-05-06 16:42:43,539 [ERROR] WebSocket error: 'b'
2025-05-06 16:42:43,539 [INFO] [BTCUSDT] Trade 4877006130 SELL 94195.99@6e-05
2025-05-06 16:42:43,539 [ERROR] WebSocket error: 'b'
2025-05-06 16:42:43,539 [INFO] [BTCUSDT] Trade 4877006131 SELL 94195.99@0.0001
2025-05-06 16:42:43,539 [ERROR] WebSocket error: 'b'
2025-05-06 16:42:43,539 [INFO] [BTCUSDT] Trade 4877006132 SELL 94195.99@6e-05
2025-05-06 16:42:43,539 [ERROR] WebSocket error: 'b'
2025-05-06 16:42:43,540 [INFO] [BTCUSDT] Trade 4877006133 SELL 94195.99@6e-05
2025-05-06 16:42:43,540 [ERROR] WebSocket error: 'b'
2025-05-06 16:42:43,540 [INFO] [BTCUSDT] Trade 4877006134 SELL 94195.99@6e-05
2025-05-06 16:42:43,540 [ERROR] WebSocket error: 'b'
2025-05-06 16:42:43,540 [INFO] [BTCUSDT] Trade 4877006135 SELL 94195.99@6e-05
2025-05-06 16:42:43,540 [ERROR] WebSocket error: 'b'
2025-05-06 16:42:43,540 [INFO] [BTCUSDT] Trade 4877006136 SELL 94195.99@0.0927
2025-05-06 16:42:43,540 [ERROR] WebSocket error: 'b'
2025-05-06 16:42:43,541 [INFO] [BTCUSDT] Trade 4877006137 SELL 94195.99@6e-05
2025-05-06 16:42:43,541 [ERROR] WebSocket error: 'b'
2025-05-06 16:42:43,541 [INFO] [BTCUSDT] Trade 4877006138 SELL 94195.99@6e-05
2025-05-06 16:42:43,541 [ERROR] WebSocket error: 'b'
2025-05-06 16:42:43,541 [INFO] [BTCUSDT] Trade 4877006139 SELL 94195.99@6e-05
2025-05-06 16:42:43,541 [ERROR] WebSocket error: 'b'
2025-05-06 16:42:43,541 [INFO] [BTCUSDT] Trade 4877006140 SELL 94195.99@6e-05
2025-05-06 16:42:43,541 [ERROR] WebSocket error: 'b'
2025-05-06 16:42:43,542 [INFO] [BTCUSDT] Trade 4877006141 SELL 94195.99@6e-05
2025-05-06 16:42:43,542 [ERROR] WebSocket error: 'b'
2025-05-06 16:42:43,542 [INFO] [BTCUSDT] Trade 4877006142 SELL 94195.99@6e-05
2025-05-06 16:42:43,542 [ERROR] WebSocket error: 'b'
2025-05-06 16:42:43,542 [INFO] [BTCUSDT] Trade 4877006143 SELL 94195.99@6e-05
2025-05-06 16:42:43,542 [ERROR] WebSocket error: 'b'
2025-05-06 16:42:43,542 [INFO] [BTCUSDT] Trade 4877006144 SELL 94195.99@6e-05
2025-05-06 16:42:43,542 [ERROR] WebSocket error: 'b'
2025-05-06 16:42:43,542 [INFO] [BTCUSDT] Trade 4877006145 SELL 94195.99@6e-05
2025-05-06 16:42:43,543 [ERROR] WebSocket error: 'b'
2025-05-06 16:42:43,543 [INFO] [BTCUSDT] Trade 4877006146 SELL 94195.99@6e-05
2025-05-06 16:42:43,543 [ERROR] WebSocket error: 'b'
2025-05-06 16:42:43,543 [INFO] [BTCUSDT] Trade 4877006147 SELL 94195.98@6e-05
2025-05-06 16:42:43,543 [ERROR] WebSocket error: 'b'
2025-05-06 16:42:43,543 [INFO] [BTCUSDT] Trade 4877006148 SELL 94195.98@6e-05
2025-05-06 16:42:43,543 [ERROR] WebSocket error: 'b'
2025-05-06 16:42:43,544 [INFO] [BTCUSDT] Trade 4877006149 SELL 94195.98@6e-05
2025-05-06 16:42:43,544 [ERROR] WebSocket error: 'b'
2025-05-06 16:42:43,544 [INFO] [BTCUSDT] Trade 4877006150 SELL 94195.98@6e-05
2025-05-06 16:42:43,544 [ERROR] WebSocket error: 'b'
2025-05-06 16:42:43,544 [INFO] [BTCUSDT] Trade 4877006151 SELL 94195.98@6e-05
2025-05-06 16:42:43,544 [ERROR] WebSocket error: 'b'
2025-05-06 16:42:43,544 [INFO] [BTCUSDT] Trade 4877006152 SELL 94195.98@6e-05
2025-05-06 16:42:43,544 [ERROR] WebSocket error: 'b'
2025-05-06 16:42:43,545 [INFO] [BTCUSDT] Trade 4877006153 SELL 94195.98@6e-05
2025-05-06 16:42:43,545 [ERROR] WebSocket error: 'b'
2025-05-06 16:42:43,545 [INFO] [BTCUSDT] Trade 4877006154 SELL 94195.98@6e-05
2025-05-06 16:42:43,545 [ERROR] WebSocket error: 'b'
2025-05-06 16:42:43,545 [INFO] [BTCUSDT] Trade 4877006155 SELL 94195.97@6e-05
2025-05-06 16:42:43,545 [ERROR] WebSocket error: 'b'
2025-05-06 16:42:43,545 [INFO] [BTCUSDT] Trade 4877006156 SELL 94195.96@6e-05
2025-05-06 16:42:43,545 [ERROR] WebSocket error: 'b'
2025-05-06 16:42:43,545 [INFO] [BTCUSDT] Trade 4877006157 SELL 94195.81@6e-05
2025-05-06 16:42:43,546 [ERROR] WebSocket error: 'b'
2025-05-06 16:42:43,546 [INFO] [BTCUSDT] Trade 4877006158 SELL 94195.8@6e-05
2025-05-06 16:42:43,546 [ERROR] WebSocket error: 'b'
2025-05-06 16:42:43,546 [INFO] [BTCUSDT] Trade 4877006159 SELL 94195.06@6e-05
2025-05-06 16:42:43,546 [ERROR] WebSocket error: 'b'
2025-05-06 16:42:43,546 [INFO] [BTCUSDT] Trade 4877006160 SELL 94194.52@6e-05
2025-05-06 16:42:43,546 [ERROR] WebSocket error: 'b'
2025-05-06 16:42:43,546 [INFO] [BTCUSDT] Trade 4877006161 SELL 94194.51@6e-05
2025-05-06 16:42:43,546 [ERROR] WebSocket error: 'b'
2025-05-06 16:42:43,547 [INFO] [BTCUSDT] Trade 4877006162 SELL 94194.51@6e-05
2025-05-06 16:42:43,547 [ERROR] WebSocket error: 'b'
2025-05-06 16:42:43,547 [INFO] [BTCUSDT] Trade 4877006163 SELL 94194.51@6e-05
2025-05-06 16:42:43,547 [ERROR] WebSocket error: 'b'
2025-05-06 16:42:43,547 [INFO] [BTCUSDT] Trade 4877006164 SELL 94194.19@7e-05
2025-05-06 16:42:43,547 [ERROR] WebSocket error: 'b'
2025-05-06 16:42:43,547 [INFO] [BTCUSDT] Trade 4877006165 SELL 94194.1@0.00044
2025-05-06 16:42:43,547 [ERROR] WebSocket error: 'b'
2025-05-06 16:42:43,547 [INFO] [BTCUSDT] Trade 4877006166 SELL 94194.05@6e-05
2025-05-06 16:42:43,547 [ERROR] WebSocket error: 'b'
2025-05-06 16:42:43,548 [INFO] [BTCUSDT] Trade 4877006167 SELL 94194.05@6e-05
2025-05-06 16:42:43,548 [ERROR] WebSocket error: 'b'
2025-05-06 16:42:43,548 [INFO] [BTCUSDT] Trade 4877006168 SELL 94194.05@7e-05
2025-05-06 16:42:43,548 [ERROR] WebSocket error: 'b'
2025-05-06 16:42:43,548 [INFO] [BTCUSDT] Trade 4877006169 SELL 94194.05@8e-05
2025-05-06 16:42:43,548 [ERROR] WebSocket error: 'b'
2025-05-06 16:42:43,548 [INFO] [BTCUSDT] Trade 4877006170 SELL 94194.05@8e-05
2025-05-06 16:42:43,548 [ERROR] WebSocket error: 'b'
2025-05-06 16:42:43,548 [INFO] [BTCUSDT] Trade 4877006171 SELL 94194.05@6e-05
2025-05-06 16:42:43,548 [ERROR] WebSocket error: 'b'
2025-05-06 16:42:43,625 [INFO] [BTCUSDT] Trade 4877006172 SELL 94194.04@0.00158
2025-05-06 16:42:43,626 [ERROR] WebSocket error: 'b'
2025-05-06 16:42:43,627 [INFO] [BTCUSDT] Trade 4877006173 SELL 94194.04@0.00158
2025-05-06 16:42:43,627 [ERROR] WebSocket error: 'b'
2025-05-06 16:42:43,627 [INFO] [BTCUSDT] Trade 4877006174 SELL 94194.04@6e-05
2025-05-06 16:42:43,628 [ERROR] WebSocket error: 'b'
2025-05-06 16:42:43,628 [INFO] [BTCUSDT] Trade 4877006175 SELL 94194.04@6e-05
2025-05-06 16:42:43,628 [ERROR] WebSocket error: 'b'
2025-05-06 16:42:43,629 [INFO] [BTCUSDT] Trade 4877006176 SELL 94194.04@6e-05
2025-05-06 16:42:43,629 [ERROR] WebSocket error: 'b'
2025-05-06 16:42:43,629 [INFO] [BTCUSDT] Trade 4877006177 SELL 94194.04@6e-05
2025-05-06 16:42:43,629 [ERROR] WebSocket error: 'b'
2025-05-06 16:42:43,630 [INFO] [BTCUSDT] Trade 4877006178 SELL 94194.04@6e-05
2025-05-06 16:42:43,630 [ERROR] WebSocket error: 'b'
2025-05-06 16:42:43,630 [INFO] [BTCUSDT] Trade 4877006179 SELL 94194.04@6e-05
2025-05-06 16:42:43,630 [ERROR] WebSocket error: 'b'
2025-05-06 16:42:43,630 [INFO] [BTCUSDT] Trade 4877006180 SELL 94194.04@7e-05
2025-05-06 16:42:43,630 [ERROR] WebSocket error: 'b'
2025-05-06 16:42:43,631 [INFO] [BTCUSDT] Trade 4877006181 SELL 94194.04@0.00159
2025-05-06 16:42:43,631 [ERROR] WebSocket error: 'b'
2025-05-06 16:42:43,631 [INFO] [BTCUSDT] Trade 4877006182 SELL 94194.04@6e-05
2025-05-06 16:42:43,631 [ERROR] WebSocket error: 'b'
2025-05-06 16:42:43,631 [INFO] [BTCUSDT] Trade 4877006183 SELL 94194.04@6e-05
2025-05-06 16:42:43,631 [ERROR] WebSocket error: 'b'
2025-05-06 16:42:43,632 [INFO] [BTCUSDT] Trade 4877006184 SELL 94194.04@6e-05
2025-05-06 16:42:43,632 [ERROR] WebSocket error: 'b'
2025-05-06 16:42:43,632 [INFO] [BTCUSDT] Trade 4877006185 SELL 94194.04@6e-05
2025-05-06 16:42:43,632 [ERROR] WebSocket error: 'b'
2025-05-06 16:42:43,632 [INFO] [BTCUSDT] Trade 4877006186 SELL 94194.04@6e-05
2025-05-06 16:42:43,633 [ERROR] WebSocket error: 'b'
2025-05-06 16:42:43,633 [INFO] [BTCUSDT] Trade 4877006187 SELL 94194.04@0.02626
2025-05-06 16:42:43,633 [ERROR] WebSocket error: 'b'
2025-05-06 16:42:43,633 [INFO] [BTCUSDT] Trade 4877006188 SELL 94194.04@0.00201
2025-05-06 16:42:43,633 [ERROR] WebSocket error: 'b'
2025-05-06 16:42:43,634 [INFO] [BTCUSDT] Trade 4877006189 SELL 94194.04@6e-05
2025-05-06 16:42:43,634 [ERROR] WebSocket error: 'b'
2025-05-06 16:42:43,634 [INFO] [BTCUSDT] Trade 4877006190 SELL 94194.04@0.02626
2025-05-06 16:42:43,634 [ERROR] WebSocket error: 'b'
2025-05-06 16:42:43,634 [INFO] [BTCUSDT] Trade 4877006191 SELL 94194.04@0.00044
2025-05-06 16:42:43,634 [ERROR] WebSocket error: 'b'
2025-05-06 16:42:43,635 [INFO] [BTCUSDT] Trade 4877006192 SELL 94194.04@0.00201
2025-05-06 16:42:43,635 [ERROR] WebSocket error: 'b'
2025-05-06 16:42:43,635 [INFO] [BTCUSDT] Trade 4877006193 SELL 94194.04@0.0001
2025-05-06 16:42:43,635 [ERROR] WebSocket error: 'b'
2025-05-06 16:42:43,635 [INFO] [BTCUSDT] Trade 4877006194 SELL 94194.04@6e-05
2025-05-06 16:42:43,635 [ERROR] WebSocket error: 'b'
2025-05-06 16:42:43,635 [INFO] [BTCUSDT] Trade 4877006195 SELL 94194.04@6e-05
2025-05-06 16:42:43,636 [ERROR] WebSocket error: 'b'
2025-05-06 16:42:43,636 [INFO] [BTCUSDT] Trade 4877006196 SELL 94194.04@6e-05
2025-05-06 16:42:43,636 [ERROR] WebSocket error: 'b'
2025-05-06 16:42:43,636 [INFO] [BTCUSDT] Trade 4877006197 SELL 94194.04@6e-05
2025-05-06 16:42:43,636 [ERROR] WebSocket error: 'b'
2025-05-06 16:42:43,636 [INFO] [BTCUSDT] Trade 4877006198 SELL 94194.04@6e-05
2025-05-06 16:42:43,636 [ERROR] WebSocket error: 'b'
2025-05-06 16:42:43,637 [INFO] [BTCUSDT] Trade 4877006199 SELL 94194.04@6e-05
2025-05-06 16:42:43,637 [ERROR] WebSocket error: 'b'
2025-05-06 16:42:43,637 [INFO] [BTCUSDT] Trade 4877006200 SELL 94194.04@6e-05
2025-05-06 16:42:43,637 [ERROR] WebSocket error: 'b'
2025-05-06 16:42:43,637 [INFO] [BTCUSDT] Trade 4877006201 SELL 94194.04@6e-05
2025-05-06 16:42:43,637 [ERROR] WebSocket error: 'b'
2025-05-06 16:42:43,637 [INFO] [BTCUSDT] Trade 4877006202 SELL 94194.04@6e-05
2025-05-06 16:42:43,637 [ERROR] WebSocket error: 'b'
2025-05-06 16:42:43,638 [INFO] [BTCUSDT] Trade 4877006203 SELL 94194.03@6e-05
2025-05-06 16:42:43,638 [ERROR] WebSocket error: 'b'
2025-05-06 16:42:43,638 [INFO] [BTCUSDT] Trade 4877006204 SELL 94194.03@6e-05
2025-05-06 16:42:43,638 [ERROR] WebSocket error: 'b'
2025-05-06 16:42:43,638 [INFO] [BTCUSDT] Trade 4877006205 SELL 94194.03@6e-05
2025-05-06 16:42:43,638 [ERROR] WebSocket error: 'b'
2025-05-06 16:42:43,639 [INFO] [BTCUSDT] Trade 4877006206 SELL 94194.03@6e-05
2025-05-06 16:42:43,639 [ERROR] WebSocket error: 'b'
2025-05-06 16:42:43,639 [INFO] [BTCUSDT] Trade 4877006207 SELL 94194.03@6e-05
2025-05-06 16:42:43,639 [ERROR] WebSocket error: 'b'
2025-05-06 16:42:43,639 [INFO] [BTCUSDT] Trade 4877006208 SELL 94194.03@6e-05
2025-05-06 16:42:43,639 [ERROR] WebSocket error: 'b'
2025-05-06 16:42:43,639 [INFO] [BTCUSDT] Trade 4877006209 SELL 94194.03@6e-05
2025-05-06 16:42:43,639 [ERROR] WebSocket error: 'b'
2025-05-06 16:42:43,640 [INFO] [BTCUSDT] Trade 4877006210 SELL 94194.03@6e-05
2025-05-06 16:42:43,640 [ERROR] WebSocket error: 'b'
2025-05-06 16:42:43,640 [INFO] [BTCUSDT] Trade 4877006211 SELL 94194.03@6e-05
2025-05-06 16:42:43,640 [ERROR] WebSocket error: 'b'
2025-05-06 16:42:43,640 [INFO] [BTCUSDT] Trade 4877006212 SELL 94194.03@6e-05
2025-05-06 16:42:43,640 [ERROR] WebSocket error: 'b'
2025-05-06 16:42:43,640 [INFO] [BTCUSDT] Trade 4877006213 SELL 94194.03@6e-05
2025-05-06 16:42:43,641 [ERROR] WebSocket error: 'b'
2025-05-06 16:42:43,641 [INFO] [BTCUSDT] Trade 4877006214 SELL 94193.16@6e-05
2025-05-06 16:42:43,641 [ERROR] WebSocket error: 'b'
2025-05-06 16:42:43,641 [INFO] [BTCUSDT] Trade 4877006215 SELL 94191.99@6e-05
2025-05-06 16:42:43,641 [ERROR] WebSocket error: 'b'
2025-05-06 16:42:43,641 [INFO] [BTCUSDT] Trade 4877006216 SELL 94191.99@6e-05
2025-05-06 16:42:43,641 [ERROR] WebSocket error: 'b'
2025-05-06 16:42:43,641 [INFO] [BTCUSDT] Trade 4877006217 SELL 94191.99@6e-05
2025-05-06 16:42:43,641 [ERROR] WebSocket error: 'b'
2025-05-06 16:42:43,736 [INFO] [ETHUSDT] Trade 2381272405 BUY 1797.42@0.0278
2025-05-06 16:42:43,737 [ERROR] WebSocket error: 'b'
2025-05-06 16:42:43,923 [INFO] [BTCUSDT] Bid 94191.9800, Ask 94191.9900, Spread 0.0100
2025-05-06 16:42:43,924 [INFO] [ETHUSDT] Bid 1797.4100, Ask 1797.4200, Spread 0.0100
2025-05-06 16:42:44,011 [INFO] [BNBUSDT] Bid 598.4900, Ask 598.5000, Spread 0.0100
2025-05-06 16:42:44,127 [INFO] [ETHUSDT] Trade 2381272406 BUY 1797.42@0.0278
2025-05-06 16:42:44,128 [ERROR] WebSocket error: 'b'
2025-05-06 16:42:44,578 [INFO] [BTCUSDT] Trade 4877006218 SELL 94191.98@6e-05
2025-05-06 16:42:44,579 [ERROR] WebSocket error: 'b'
2025-05-06 16:42:44,581 [INFO] [BTCUSDT] Trade 4877006219 SELL 94191.98@6e-05
2025-05-06 16:42:44,581 [ERROR] WebSocket error: 'b'
2025-05-06 16:42:44,581 [INFO] [BTCUSDT] Trade 4877006220 SELL 94191.98@6e-05
2025-05-06 16:42:44,582 [ERROR] WebSocket error: 'b'
2025-05-06 16:42:44,582 [INFO] [BTCUSDT] Trade 4877006221 SELL 94191.98@6e-05
2025-05-06 16:42:44,583 [ERROR] WebSocket error: 'b'
2025-05-06 16:42:44,583 [INFO] [BTCUSDT] Trade 4877006222 SELL 94191.98@6e-05
2025-05-06 16:42:44,583 [ERROR] WebSocket error: 'b'
2025-05-06 16:42:44,583 [INFO] [BTCUSDT] Trade 4877006223 SELL 94191.98@6e-05
2025-05-06 16:42:44,583 [ERROR] WebSocket error: 'b'
2025-05-06 16:42:44,584 [INFO] [BTCUSDT] Trade 4877006224 SELL 94191.98@6e-05
2025-05-06 16:42:44,584 [ERROR] WebSocket error: 'b'
2025-05-06 16:42:44,584 [INFO] [BTCUSDT] Trade 4877006225 SELL 94191.98@0.00278
2025-05-06 16:42:44,584 [ERROR] WebSocket error: 'b'
2025-05-06 16:42:44,584 [INFO] [BNBUSDT] Trade 1046018131 BUY 598.5@1.289
2025-05-06 16:42:44,585 [ERROR] WebSocket error: 'b'
2025-05-06 16:42:44,585 [INFO] [BNBUSDT] Trade 1046018132 BUY 598.5@0.009
2025-05-06 16:42:44,585 [ERROR] WebSocket error: 'b'
2025-05-06 16:42:44,585 [INFO] [BNBUSDT] Trade 1046018133 BUY 598.5@0.009
2025-05-06 16:42:44,585 [ERROR] WebSocket error: 'b'
2025-05-06 16:42:44,585 [INFO] [BNBUSDT] Trade 1046018134 BUY 598.5@0.009
2025-05-06 16:42:44,586 [ERROR] WebSocket error: 'b'
2025-05-06 16:42:44,586 [INFO] [BNBUSDT] Trade 1046018135 BUY 598.5@0.009
2025-05-06 16:42:44,586 [ERROR] WebSocket error: 'b'
2025-05-06 16:42:44,586 [INFO] [BNBUSDT] Trade 1046018136 BUY 598.5@0.009
2025-05-06 16:42:44,586 [ERROR] WebSocket error: 'b'
2025-05-06 16:42:44,587 [INFO] [BNBUSDT] Trade 1046018137 BUY 598.5@0.009
2025-05-06 16:42:44,587 [ERROR] WebSocket error: 'b'
2025-05-06 16:42:44,587 [INFO] [BNBUSDT] Trade 1046018138 BUY 598.5@1.657
2025-05-06 16:42:44,587 [ERROR] WebSocket error: 'b'
2025-05-06 16:42:44,587 [INFO] [BNBUSDT] Trade 1046018139 BUY 598.5@0.051
2025-05-06 16:42:44,587 [ERROR] WebSocket error: 'b'
2025-05-06 16:42:44,595 [INFO] [BTCUSDT] Trade 4877006226 SELL 94191.98@0.01911
2025-05-06 16:42:44,595 [ERROR] WebSocket error: 'b'
2025-05-06 16:42:44,632 [INFO] [BNBUSDT] Trade 1046018140 BUY 598.5@0.032
2025-05-06 16:42:44,633 [ERROR] WebSocket error: 'b'
2025-05-06 16:42:44,937 [INFO] [BTCUSDT] Bid 94191.9800, Ask 94191.9900, Spread 0.0100
2025-05-06 16:42:44,938 [INFO] [ETHUSDT] Bid 1797.4100, Ask 1797.4200, Spread 0.0100
2025-05-06 16:42:45,010 [INFO] [BNBUSDT] Bid 598.4900, Ask 598.5000, Spread 0.0100
2025-05-06 16:42:45,484 [INFO] [ETHUSDT] Trade 2381272407 BUY 1797.42@0.1039
2025-05-06 16:42:45,485 [ERROR] WebSocket error: 'b'
2025-05-06 16:42:45,598 [INFO] [ETHUSDT] Trade 2381272408 BUY 1797.42@0.1116
2025-05-06 16:42:45,599 [ERROR] WebSocket error: 'b'
2025-05-06 16:42:45,689 [INFO] [BTCUSDT] Trade 4877006227 SELL 94191.98@0.00181
2025-05-06 16:42:45,689 [ERROR] WebSocket error: 'b'
2025-05-06 16:42:45,751 [INFO] [ETHUSDT] Trade 2381272409 SELL 1797.41@0.0029
2025-05-06 16:42:45,752 [ERROR] WebSocket error: 'b'
2025-05-06 16:42:45,758 [INFO] [ETHUSDT] Trade 2381272410 SELL 1797.41@0.0029
2025-05-06 16:42:45,759 [ERROR] WebSocket error: 'b'
2025-05-06 16:42:45,759 [INFO] [ETHUSDT] Trade 2381272411 SELL 1797.41@0.0029
2025-05-06 16:42:45,759 [ERROR] WebSocket error: 'b'
2025-05-06 16:42:45,759 [INFO] [ETHUSDT] Trade 2381272412 SELL 1797.41@0.0049
2025-05-06 16:42:45,759 [ERROR] WebSocket error: 'b'
2025-05-06 16:42:45,760 [INFO] [ETHUSDT] Trade 2381272413 SELL 1797.41@0.0864
2025-05-06 16:42:45,760 [ERROR] WebSocket error: 'b'
2025-05-06 16:42:45,923 [INFO] [BTCUSDT] Bid 94191.9800, Ask 94191.9900, Spread 0.0100
2025-05-06 16:42:45,925 [INFO] [ETHUSDT] Bid 1797.4100, Ask 1797.4200, Spread 0.0100
2025-05-06 16:42:46,009 [INFO] [BNBUSDT] Bid 598.4900, Ask 598.5000, Spread 0.0100
2025-05-06 16:42:46,063 [INFO] [BTCUSDT] Trade 4877006228 SELL 94191.98@0.00162
2025-05-06 16:42:46,063 [ERROR] WebSocket error: 'b'
2025-05-06 16:42:46,150 [INFO] [ETHUSDT] Trade 2381272414 BUY 1797.42@0.0278
2025-05-06 16:42:46,150 [ERROR] WebSocket error: 'b'
2025-05-06 16:42:46,205 [INFO] [BTCUSDT] Trade 4877006229 SELL 94191.98@0.03185
2025-05-06 16:42:46,206 [ERROR] WebSocket error: 'b'
2025-05-06 16:42:46,634 [INFO] [BTCUSDT] Trade 4877006230 BUY 94191.99@0.01155
2025-05-06 16:42:46,635 [ERROR] WebSocket error: 'b'
2025-05-06 16:42:46,636 [INFO] [ETHUSDT] Trade 2381272415 BUY 1797.42@0.0278
2025-05-06 16:42:46,637 [ERROR] WebSocket error: 'b'
2025-05-06 16:42:47,035 [INFO] [BTCUSDT] Bid 94191.9800, Ask 94191.9900, Spread 0.0100
2025-05-06 16:42:47,036 [INFO] [BTCUSDT] Trade 4877006231 SELL 94191.98@0.007
2025-05-06 16:42:47,036 [ERROR] WebSocket error: 'b'
2025-05-06 16:42:47,037 [INFO] [ETHUSDT] Bid 1797.4100, Ask 1797.4200, Spread 0.0100
2025-05-06 16:42:47,038 [INFO] [BNBUSDT] Bid 598.4900, Ask 598.5000, Spread 0.0100
2025-05-06 16:42:47,172 [INFO] [BTCUSDT] Trade 4877006232 BUY 94191.99@0.00068
2025-05-06 16:42:47,173 [ERROR] WebSocket error: 'b'
2025-05-06 16:42:47,181 [INFO] [BTCUSDT] Trade 4877006233 SELL 94191.98@0.002
2025-05-06 16:42:47,182 [ERROR] WebSocket error: 'b'
2025-05-06 16:42:47,279 [INFO] [BTCUSDT] Trade 4877006234 SELL 94191.98@0.00067
2025-05-06 16:42:47,280 [ERROR] WebSocket error: 'b'
2025-05-06 16:42:47,332 [INFO] [ETHUSDT] Trade 2381272416 BUY 1797.42@0.0036
2025-05-06 16:42:47,332 [ERROR] WebSocket error: 'b'
2025-05-06 16:42:47,333 [INFO] [ETHUSDT] Trade 2381272417 BUY 1797.42@0.0789
2025-05-06 16:42:47,333 [ERROR] WebSocket error: 'b'
2025-05-06 16:42:47,333 [INFO] [ETHUSDT] Trade 2381272418 BUY 1797.42@0.0049
2025-05-06 16:42:47,333 [ERROR] WebSocket error: 'b'
2025-05-06 16:42:47,334 [INFO] [ETHUSDT] Trade 2381272419 BUY 1797.42@0.3349
2025-05-06 16:42:47,334 [ERROR] WebSocket error: 'b'
2025-05-06 16:42:47,334 [INFO] [ETHUSDT] Trade 2381272420 BUY 1797.42@0.006
2025-05-06 16:42:47,334 [ERROR] WebSocket error: 'b'
2025-05-06 16:42:47,335 [INFO] [ETHUSDT] Trade 2381272421 BUY 1797.42@0.0404
2025-05-06 16:42:47,335 [ERROR] WebSocket error: 'b'
2025-05-06 16:42:47,335 [INFO] [ETHUSDT] Trade 2381272422 BUY 1797.42@0.006
2025-05-06 16:42:47,336 [ERROR] WebSocket error: 'b'
2025-05-06 16:42:47,336 [INFO] [ETHUSDT] Trade 2381272423 BUY 1797.42@0.006
2025-05-06 16:42:47,336 [ERROR] WebSocket error: 'b'
2025-05-06 16:42:47,336 [INFO] [ETHUSDT] Trade 2381272424 BUY 1797.42@0.006
2025-05-06 16:42:47,336 [ERROR] WebSocket error: 'b'
2025-05-06 16:42:47,337 [INFO] [ETHUSDT] Trade 2381272425 BUY 1797.42@0.0028
2025-05-06 16:42:47,337 [ERROR] WebSocket error: 'b'
2025-05-06 16:42:47,337 [INFO] [ETHUSDT] Trade 2381272426 BUY 1797.42@0.0029
2025-05-06 16:42:47,337 [ERROR] WebSocket error: 'b'
2025-05-06 16:42:47,337 [INFO] [ETHUSDT] Trade 2381272427 BUY 1797.42@0.0029
2025-05-06 16:42:47,337 [ERROR] WebSocket error: 'b'
2025-05-06 16:42:47,338 [INFO] [ETHUSDT] Trade 2381272428 BUY 1797.42@0.0505
2025-05-06 16:42:47,338 [ERROR] WebSocket error: 'b'
2025-05-06 16:42:47,338 [INFO] [ETHUSDT] Trade 2381272429 BUY 1797.42@0.0028
2025-05-06 16:42:47,338 [ERROR] WebSocket error: 'b'
2025-05-06 16:42:47,338 [INFO] [ETHUSDT] Trade 2381272430 BUY 1797.43@0.0031
2025-05-06 16:42:47,338 [ERROR] WebSocket error: 'b'
2025-05-06 16:42:47,339 [INFO] [ETHUSDT] Trade 2381272431 BUY 1797.43@0.0031
2025-05-06 16:42:47,339 [ERROR] WebSocket error: 'b'
2025-05-06 16:42:47,339 [INFO] [ETHUSDT] Trade 2381272432 BUY 1797.43@0.0032
2025-05-06 16:42:47,339 [ERROR] WebSocket error: 'b'
2025-05-06 16:42:47,339 [INFO] [ETHUSDT] Trade 2381272433 BUY 1797.43@0.0063
2025-05-06 16:42:47,340 [ERROR] WebSocket error: 'b'
2025-05-06 16:42:47,340 [INFO] [ETHUSDT] Trade 2381272434 BUY 1797.43@0.0029
2025-05-06 16:42:47,340 [ERROR] WebSocket error: 'b'
2025-05-06 16:42:47,340 [INFO] [ETHUSDT] Trade 2381272435 BUY 1797.43@0.0029
2025-05-06 16:42:47,340 [ERROR] WebSocket error: 'b'
2025-05-06 16:42:47,340 [INFO] [ETHUSDT] Trade 2381272436 BUY 1797.44@0.0029
2025-05-06 16:42:47,341 [ERROR] WebSocket error: 'b'
2025-05-06 16:42:47,341 [INFO] [ETHUSDT] Trade 2381272437 BUY 1797.48@0.004
2025-05-06 16:42:47,341 [ERROR] WebSocket error: 'b'
2025-05-06 16:42:47,341 [INFO] [ETHUSDT] Trade 2381272438 BUY 1797.48@0.0504
2025-05-06 16:42:47,341 [ERROR] WebSocket error: 'b'
2025-05-06 16:42:47,341 [INFO] [ETHUSDT] Trade 2381272439 BUY 1797.48@0.3
2025-05-06 16:42:47,341 [ERROR] WebSocket error: 'b'
2025-05-06 16:42:47,342 [INFO] [ETHUSDT] Trade 2381272440 BUY 1797.49@0.0029
2025-05-06 16:42:47,342 [ERROR] WebSocket error: 'b'
2025-05-06 16:42:47,342 [INFO] [ETHUSDT] Trade 2381272441 BUY 1797.51@0.0151
2025-05-06 16:42:47,342 [ERROR] WebSocket error: 'b'
2025-05-06 16:42:47,342 [INFO] [ETHUSDT] Trade 2381272442 BUY 1797.55@0.0033
2025-05-06 16:42:47,342 [ERROR] WebSocket error: 'b'
2025-05-06 16:42:47,342 [INFO] [ETHUSDT] Trade 2381272443 BUY 1797.57@0.0028
2025-05-06 16:42:47,343 [ERROR] WebSocket error: 'b'
2025-05-06 16:42:47,343 [INFO] [ETHUSDT] Trade 2381272444 BUY 1797.59@0.0054
2025-05-06 16:42:47,343 [ERROR] WebSocket error: 'b'
2025-05-06 16:42:47,508 [INFO] [ETHUSDT] Trade 2381272445 BUY 1797.6@0.0278
2025-05-06 16:42:47,509 [ERROR] WebSocket error: 'b'
2025-05-06 16:42:47,653 [INFO] [ETHUSDT] Trade 2381272446 BUY 1797.6@3.3082
2025-05-06 16:42:47,654 [ERROR] WebSocket error: 'b'
2025-05-06 16:42:47,654 [INFO] [ETHUSDT] Trade 2381272447 BUY 1797.6@0.0028
2025-05-06 16:42:47,654 [ERROR] WebSocket error: 'b'
2025-05-06 16:42:47,655 [INFO] [ETHUSDT] Trade 2381272448 BUY 1797.6@0.0249
2025-05-06 16:42:47,655 [ERROR] WebSocket error: 'b'
2025-05-06 16:42:47,655 [INFO] [ETHUSDT] Trade 2381272449 BUY 1797.6@0.0028
2025-05-06 16:42:47,655 [ERROR] WebSocket error: 'b'
2025-05-06 16:42:47,656 [INFO] [ETHUSDT] Trade 2381272450 BUY 1797.6@0.0029
2025-05-06 16:42:47,656 [ERROR] WebSocket error: 'b'
2025-05-06 16:42:47,656 [INFO] [ETHUSDT] Trade 2381272451 BUY 1797.6@2.755
2025-05-06 16:42:47,656 [ERROR] WebSocket error: 'b'
2025-05-06 16:42:47,656 [INFO] [ETHUSDT] Trade 2381272452 BUY 1797.6@0.0033
2025-05-06 16:42:47,656 [ERROR] WebSocket error: 'b'
2025-05-06 16:42:47,657 [INFO] [ETHUSDT] Trade 2381272453 BUY 1797.6@0.0787
2025-05-06 16:42:47,657 [ERROR] WebSocket error: 'b'
2025-05-06 16:42:47,657 [INFO] [ETHUSDT] Trade 2381272454 BUY 1797.6@0.3349
2025-05-06 16:42:47,657 [ERROR] WebSocket error: 'b'
2025-05-06 16:42:47,657 [INFO] [ETHUSDT] Trade 2381272455 BUY 1797.6@0.006
2025-05-06 16:42:47,658 [ERROR] WebSocket error: 'b'
2025-05-06 16:42:47,658 [INFO] [ETHUSDT] Trade 2381272456 BUY 1797.6@0.0029
2025-05-06 16:42:47,658 [ERROR] WebSocket error: 'b'
2025-05-06 16:42:47,658 [INFO] [ETHUSDT] Trade 2381272457 BUY 1797.6@0.006
2025-05-06 16:42:47,658 [ERROR] WebSocket error: 'b'
2025-05-06 16:42:47,659 [INFO] [ETHUSDT] Trade 2381272458 BUY 1797.6@0.0028
2025-05-06 16:42:47,659 [ERROR] WebSocket error: 'b'
2025-05-06 16:42:47,660 [INFO] [ETHUSDT] Trade 2381272459 BUY 1797.6@0.0049
2025-05-06 16:42:47,660 [ERROR] WebSocket error: 'b'
2025-05-06 16:42:47,660 [INFO] [ETHUSDT] Trade 2381272460 BUY 1797.6@0.006
2025-05-06 16:42:47,660 [ERROR] WebSocket error: 'b'
2025-05-06 16:42:47,660 [INFO] [ETHUSDT] Trade 2381272461 BUY 1797.6@0.0028
2025-05-06 16:42:47,660 [ERROR] WebSocket error: 'b'
2025-05-06 16:42:47,661 [INFO] [ETHUSDT] Trade 2381272462 BUY 1797.6@0.0028
2025-05-06 16:42:47,661 [ERROR] WebSocket error: 'b'
2025-05-06 16:42:47,661 [INFO] [ETHUSDT] Trade 2381272463 BUY 1797.6@0.0028
2025-05-06 16:42:47,661 [ERROR] WebSocket error: 'b'
2025-05-06 16:42:47,662 [INFO] [ETHUSDT] Trade 2381272464 BUY 1797.6@0.0028
2025-05-06 16:42:47,662 [ERROR] WebSocket error: 'b'
2025-05-06 16:42:47,662 [INFO] [ETHUSDT] Trade 2381272465 BUY 1797.61@0.0029
2025-05-06 16:42:47,662 [ERROR] WebSocket error: 'b'
2025-05-06 16:42:47,662 [INFO] [ETHUSDT] Trade 2381272466 BUY 1797.61@0.0029
2025-05-06 16:42:47,662 [ERROR] WebSocket error: 'b'
2025-05-06 16:42:47,663 [INFO] [ETHUSDT] Trade 2381272467 BUY 1797.61@0.0029
2025-05-06 16:42:47,663 [ERROR] WebSocket error: 'b'
2025-05-06 16:42:47,663 [INFO] [ETHUSDT] Trade 2381272468 BUY 1797.62@0.0029
2025-05-06 16:42:47,663 [ERROR] WebSocket error: 'b'
2025-05-06 16:42:47,663 [INFO] [ETHUSDT] Trade 2381272469 BUY 1797.62@0.0033
2025-05-06 16:42:47,663 [ERROR] WebSocket error: 'b'
2025-05-06 16:42:47,663 [INFO] [ETHUSDT] Trade 2381272470 BUY 1797.62@0.0029
2025-05-06 16:42:47,664 [ERROR] WebSocket error: 'b'
2025-05-06 16:42:47,664 [INFO] [ETHUSDT] Trade 2381272471 BUY 1797.64@0.0563
2025-05-06 16:42:47,664 [ERROR] WebSocket error: 'b'
2025-05-06 16:42:47,664 [INFO] [ETHUSDT] Trade 2381272472 BUY 1797.64@0.056
2025-05-06 16:42:47,664 [ERROR] WebSocket error: 'b'
2025-05-06 16:42:47,664 [INFO] [ETHUSDT] Trade 2381272473 BUY 1797.64@0.0033
2025-05-06 16:42:47,664 [ERROR] WebSocket error: 'b'
2025-05-06 16:42:47,665 [INFO] [ETHUSDT] Trade 2381272474 BUY 1797.65@0.0029
2025-05-06 16:42:47,665 [ERROR] WebSocket error: 'b'
2025-05-06 16:42:47,665 [INFO] [ETHUSDT] Trade 2381272475 BUY 1797.65@0.3
2025-05-06 16:42:47,665 [ERROR] WebSocket error: 'b'
2025-05-06 16:42:47,665 [INFO] [ETHUSDT] Trade 2381272476 BUY 1797.66@0.0058
2025-05-06 16:42:47,665 [ERROR] WebSocket error: 'b'
2025-05-06 16:42:47,665 [INFO] [ETHUSDT] Trade 2381272477 BUY 1797.66@0.0028
2025-05-06 16:42:47,665 [ERROR] WebSocket error: 'b'
2025-05-06 16:42:47,666 [INFO] [ETHUSDT] Trade 2381272478 BUY 1797.66@0.0028
2025-05-06 16:42:47,666 [ERROR] WebSocket error: 'b'
2025-05-06 16:42:47,666 [INFO] [ETHUSDT] Trade 2381272479 BUY 1797.66@0.0506
2025-05-06 16:42:47,666 [ERROR] WebSocket error: 'b'
2025-05-06 16:42:47,666 [INFO] [ETHUSDT] Trade 2381272480 BUY 1797.66@7.6606
2025-05-06 16:42:47,666 [ERROR] WebSocket error: 'b'
2025-05-06 16:42:47,666 [INFO] [ETHUSDT] Trade 2381272481 BUY 1797.66@0.02
2025-05-06 16:42:47,667 [ERROR] WebSocket error: 'b'
2025-05-06 16:42:47,923 [INFO] [ETHUSDT] Bid 1797.6500, Ask 1797.6600, Spread 0.0100
2025-05-06 16:42:47,923 [INFO] [BTCUSDT] Bid 94191.9800, Ask 94191.9900, Spread 0.0100
2025-05-06 16:42:48,009 [INFO] [BNBUSDT] Bid 598.4900, Ask 598.5000, Spread 0.0100
2025-05-06 16:42:48,082 [INFO] [BNBUSDT] Trade 1046018141 BUY 598.5@1.861
2025-05-06 16:42:48,082 [ERROR] WebSocket error: 'b'
2025-05-06 16:42:48,363 [INFO] [BTCUSDT] Trade 4877006235 BUY 94191.99@0.00212
2025-05-06 16:42:48,363 [ERROR] WebSocket error: 'b'
2025-05-06 16:42:48,387 [INFO] [BTCUSDT] Trade 4877006236 SELL 94191.98@0.0005
2025-05-06 16:42:48,388 [ERROR] WebSocket error: 'b'
2025-05-06 16:42:48,472 [INFO] [BNBUSDT] Trade 1046018142 BUY 598.5@0.016
2025-05-06 16:42:48,473 [ERROR] WebSocket error: 'b'
2025-05-06 16:42:48,529 [INFO] [BTCUSDT] Trade 4877006237 SELL 94191.98@0.00016
2025-05-06 16:42:48,530 [ERROR] WebSocket error: 'b'
2025-05-06 16:42:48,617 [INFO] [BTCUSDT] Trade 4877006238 SELL 94191.98@0.004
2025-05-06 16:42:48,617 [ERROR] WebSocket error: 'b'
2025-05-06 16:42:48,704 [INFO] [ETHUSDT] Trade 2381272482 BUY 1797.66@0.0028
2025-05-06 16:42:48,704 [ERROR] WebSocket error: 'b'
2025-05-06 16:42:48,705 [INFO] [ETHUSDT] Trade 2381272483 BUY 1797.66@0.0028
2025-05-06 16:42:48,705 [ERROR] WebSocket error: 'b'
2025-05-06 16:42:48,705 [INFO] [ETHUSDT] Trade 2381272484 BUY 1797.66@0.006
2025-05-06 16:42:48,705 [ERROR] WebSocket error: 'b'
2025-05-06 16:42:48,706 [INFO] [ETHUSDT] Trade 2381272485 BUY 1797.66@0.0162
2025-05-06 16:42:48,706 [ERROR] WebSocket error: 'b'
2025-05-06 16:42:48,725 [INFO] [ETHUSDT] Trade 2381272486 BUY 1797.66@0.0278
2025-05-06 16:42:48,726 [ERROR] WebSocket error: 'b'
2025-05-06 16:42:48,750 [INFO] [ETHUSDT] Trade 2381272487 SELL 1797.65@0.1221
2025-05-06 16:42:48,751 [ERROR] WebSocket error: 'b'
2025-05-06 16:42:48,916 [INFO] [BTCUSDT] Bid 94191.9800, Ask 94191.9900, Spread 0.0100
2025-05-06 16:42:48,921 [INFO] [ETHUSDT] Bid 1797.6500, Ask 1797.6600, Spread 0.0100
2025-05-06 16:42:49,011 [INFO] [BNBUSDT] Bid 598.4900, Ask 598.5000, Spread 0.0100
2025-05-06 16:42:49,091 [INFO] [BTCUSDT] Trade 4877006239 BUY 94191.99@0.00353
2025-05-06 16:42:49,092 [ERROR] WebSocket error: 'b'
2025-05-06 16:42:49,920 [INFO] [ETHUSDT] Bid 1797.6500, Ask 1797.6600, Spread 0.0100
2025-05-06 16:42:49,920 [INFO] [BTCUSDT] Bid 94191.9800, Ask 94191.9900, Spread 0.0100
2025-05-06 16:42:50,012 [INFO] [BNBUSDT] Bid 598.4900, Ask 598.5000, Spread 0.0100
2025-05-06 16:42:50,154 [INFO] [ETHUSDT] Trade 2381272488 BUY 1797.66@0.0278
2025-05-06 16:42:50,155 [ERROR] WebSocket error: 'b'
2025-05-06 16:42:50,216 [INFO] [BNBUSDT] Trade 1046018143 BUY 598.5@3.02
2025-05-06 16:42:50,216 [ERROR] WebSocket error: 'b'
2025-05-06 16:42:50,349 [INFO] [BTCUSDT] Trade 4877006240 SELL 94191.98@0.0006
2025-05-06 16:42:50,350 [ERROR] WebSocket error: 'b'
2025-05-06 16:42:50,722 [INFO] [BNBUSDT] Trade 1046018144 SELL 598.49@0.068
2025-05-06 16:42:50,723 [ERROR] WebSocket error: 'b'
2025-05-06 16:42:50,917 [INFO] [BTCUSDT] Bid 94191.9800, Ask 94191.9900, Spread 0.0100
2025-05-06 16:42:50,921 [INFO] [ETHUSDT] Bid 1797.6500, Ask 1797.6600, Spread 0.0100
2025-05-06 16:42:50,982 [INFO] [BTCUSDT] Trade 4877006241 SELL 94191.98@0.00015
2025-05-06 16:42:50,983 [ERROR] WebSocket error: 'b'
2025-05-06 16:42:51,009 [INFO] [BNBUSDT] Bid 598.4900, Ask 598.5000, Spread 0.0100
2025-05-06 16:42:51,022 [INFO] [BNBUSDT] Trade 1046018145 BUY 598.5@0.016
2025-05-06 16:42:51,022 [ERROR] WebSocket error: 'b'
2025-05-06 16:42:51,129 [INFO] [ETHUSDT] Trade 2381272489 BUY 1797.66@0.0278
2025-05-06 16:42:51,129 [ERROR] WebSocket error: 'b'
2025-05-06 16:42:51,130 [INFO] [ETHUSDT] Trade 2381272490 BUY 1797.66@0.0278
2025-05-06 16:42:51,131 [ERROR] WebSocket error: 'b'
2025-05-06 16:42:51,643 [INFO] [BTCUSDT] Trade 4877006242 BUY 94191.99@0.07759
2025-05-06 16:42:51,645 [ERROR] WebSocket error: 'b'
2025-05-06 16:42:51,645 [INFO] [ETHUSDT] Trade 2381272491 SELL 1797.65@0.674
2025-05-06 16:42:51,646 [ERROR] WebSocket error: 'b'
2025-05-06 16:42:51,646 [INFO] [BTCUSDT] Trade 4877006243 SELL 94191.98@0.00141
2025-05-06 16:42:51,647 [ERROR] WebSocket error: 'b'
2025-05-06 16:42:51,823 [INFO] [BNBUSDT] Trade 1046018146 BUY 598.5@0.01
2025-05-06 16:42:51,824 [ERROR] WebSocket error: 'b'
2025-05-06 16:42:51,922 [INFO] [BTCUSDT] Bid 94191.9800, Ask 94191.9900, Spread 0.0100
2025-05-06 16:42:51,923 [INFO] [ETHUSDT] Bid 1797.6500, Ask 1797.6600, Spread 0.0100
2025-05-06 16:42:52,009 [INFO] [BNBUSDT] Bid 598.4900, Ask 598.5000, Spread 0.0100
2025-05-06 16:42:52,263 [INFO] [BTCUSDT] Trade 4877006244 BUY 94191.99@0.00161
2025-05-06 16:42:52,264 [ERROR] WebSocket error: 'b'
2025-05-06 16:42:52,594 [INFO] [ETHUSDT] Trade 2381272492 BUY 1797.66@0.0033
2025-05-06 16:42:52,594 [ERROR] WebSocket error: 'b'
2025-05-06 16:42:52,595 [INFO] [ETHUSDT] Trade 2381272493 BUY 1797.66@0.0029
2025-05-06 16:42:52,595 [ERROR] WebSocket error: 'b'
2025-05-06 16:42:52,595 [INFO] [ETHUSDT] Trade 2381272494 BUY 1797.66@0.0029
2025-05-06 16:42:52,596 [ERROR] WebSocket error: 'b'
2025-05-06 16:42:52,596 [INFO] [ETHUSDT] Trade 2381272495 BUY 1797.66@0.0174
2025-05-06 16:42:52,596 [ERROR] WebSocket error: 'b'
2025-05-06 16:42:52,597 [INFO] [ETHUSDT] Trade 2381272496 BUY 1797.66@0.0013
2025-05-06 16:42:52,597 [ERROR] WebSocket error: 'b'
2025-05-06 16:42:52,714 [INFO] [BNBUSDT] Trade 1046018147 SELL 598.49@0.199
2025-05-06 16:42:52,714 [ERROR] WebSocket error: 'b'
2025-05-06 16:42:52,923 [INFO] [ETHUSDT] Bid 1797.6500, Ask 1797.6600, Spread 0.0100
2025-05-06 16:42:52,924 [INFO] [BTCUSDT] Bid 94191.9800, Ask 94191.9900, Spread 0.0100
2025-05-06 16:42:52,969 [INFO] [BNBUSDT] Trade 1046018148 SELL 598.49@0.09
2025-05-06 16:42:52,970 [ERROR] WebSocket error: 'b'
2025-05-06 16:42:53,009 [INFO] [BNBUSDT] Bid 598.4900, Ask 598.5000, Spread 0.0100
2025-05-06 16:42:53,488 [INFO] [ETHUSDT] Trade 2381272497 BUY 1797.66@0.0278
2025-05-06 16:42:53,489 [ERROR] WebSocket error: 'b'
2025-05-06 16:42:53,490 [INFO] [ETHUSDT] Trade 2381272498 BUY 1797.66@0.0278
2025-05-06 16:42:53,490 [ERROR] WebSocket error: 'b'
2025-05-06 16:42:53,794 [INFO] [ETHUSDT] Trade 2381272499 SELL 1797.65@0.0112
2025-05-06 16:42:53,795 [ERROR] WebSocket error: 'b'
2025-05-06 16:42:53,802 [INFO] [BTCUSDT] Trade 4877006245 BUY 94191.99@0.00181
2025-05-06 16:42:53,802 [ERROR] WebSocket error: 'b'
2025-05-06 16:42:53,832 [INFO] [BNBUSDT] Trade 1046018149 SELL 598.49@0.09
2025-05-06 16:42:53,832 [ERROR] WebSocket error: 'b'
2025-05-06 16:42:53,916 [INFO] [BTCUSDT] Bid 94191.9800, Ask 94191.9900, Spread 0.0100
2025-05-06 16:42:53,921 [INFO] [ETHUSDT] Bid 1797.6500, Ask 1797.6600, Spread 0.0100
2025-05-06 16:42:54,011 [INFO] [BNBUSDT] Bid 598.4900, Ask 598.5000, Spread 0.0100
2025-05-06 16:42:54,514 [INFO] [BNBUSDT] Trade 1046018150 BUY 598.5@3.0
2025-05-06 16:42:54,515 [ERROR] WebSocket error: 'b'
2025-05-06 16:42:54,667 [INFO] [BTCUSDT] Trade 4877006246 SELL 94191.98@0.00012
2025-05-06 16:42:54,668 [ERROR] WebSocket error: 'b'
2025-05-06 16:42:54,686 [INFO] [BTCUSDT] Trade 4877006247 SELL 94191.98@0.00183
2025-05-06 16:42:54,686 [ERROR] WebSocket error: 'b'
2025-05-06 16:42:55,020 [INFO] [BTCUSDT] Trade 4877006248 BUY 94191.99@0.00059
2025-05-06 16:42:55,021 [INFO] [ETHUSDT] Bid 1797.6500, Ask 1797.6600, Spread 0.0100
2025-05-06 16:42:55,021 [INFO] [BTCUSDT] Bid 94191.9800, Ask 94191.9900, Spread 0.0100
2025-05-06 16:42:55,021 [INFO] [BNBUSDT] Bid 598.4900, Ask 598.5000, Spread 0.0100
2025-05-06 16:42:55,021 [ERROR] WebSocket error: 'b'
2025-05-06 16:42:55,044 [INFO] [ETHUSDT] Trade 2381272500 BUY 1797.66@0.0127
2025-05-06 16:42:55,044 [ERROR] WebSocket error: 'b'
2025-05-06 16:42:55,049 [INFO] [ETHUSDT] Trade 2381272501 BUY 1797.66@0.0151
2025-05-06 16:42:55,049 [ERROR] WebSocket error: 'b'
2025-05-06 16:42:55,181 [INFO] [BNBUSDT] Trade 1046018151 BUY 598.5@0.017
2025-05-06 16:42:55,181 [ERROR] WebSocket error: 'b'
2025-05-06 16:42:55,223 [INFO] [BTCUSDT] Trade 4877006249 SELL 94191.98@0.00883
2025-05-06 16:42:55,223 [ERROR] WebSocket error: 'b'
2025-05-06 16:42:55,464 [INFO] [BNBUSDT] Trade 1046018152 SELL 598.49@0.102
2025-05-06 16:42:55,465 [ERROR] WebSocket error: 'b'
2025-05-06 16:42:55,905 [INFO] [ETHUSDT] Trade 2381272502 SELL 1797.65@0.0342
2025-05-06 16:42:55,905 [ERROR] WebSocket error: 'b'
2025-05-06 16:42:55,916 [INFO] [BTCUSDT] Bid 94191.9800, Ask 94191.9900, Spread 0.0100
2025-05-06 16:42:55,922 [INFO] [ETHUSDT] Bid 1797.6500, Ask 1797.6600, Spread 0.0100
2025-05-06 16:42:55,981 [INFO] [ETHUSDT] Trade 2381272503 SELL 1797.65@0.0111
2025-05-06 16:42:55,981 [ERROR] WebSocket error: 'b'
2025-05-06 16:42:55,981 [INFO] [ETHUSDT] Trade 2381272504 SELL 1797.65@0.0049
2025-05-06 16:42:55,981 [ERROR] WebSocket error: 'b'
2025-05-06 16:42:55,986 [INFO] [ETHUSDT] Trade 2381272505 SELL 1797.65@0.0062
2025-05-06 16:42:55,986 [ERROR] WebSocket error: 'b'
2025-05-06 16:42:56,001 [INFO] [ETHUSDT] Trade 2381272506 SELL 1797.65@0.0166
2025-05-06 16:42:56,001 [ERROR] WebSocket error: 'b'
2025-05-06 16:42:56,006 [INFO] [ETHUSDT] Trade 2381272507 BUY 1797.66@0.0278
2025-05-06 16:42:56,006 [ERROR] WebSocket error: 'b'
2025-05-06 16:42:56,012 [INFO] [BNBUSDT] Bid 598.4900, Ask 598.5000, Spread 0.0100
2025-05-06 16:42:56,018 [INFO] [ETHUSDT] Trade 2381272508 BUY 1797.66@0.0278
2025-05-06 16:42:56,018 [ERROR] WebSocket error: 'b'
2025-05-06 16:42:56,702 [INFO] [ETHUSDT] Trade 2381272509 SELL 1797.65@0.35
2025-05-06 16:42:56,702 [ERROR] WebSocket error: 'b'
2025-05-06 16:42:56,719 [INFO] [BNBUSDT] Trade 1046018153 SELL 598.49@0.051
2025-05-06 16:42:56,720 [ERROR] WebSocket error: 'b'
2025-05-06 16:42:56,915 [INFO] [BTCUSDT] Bid 94191.9800, Ask 94191.9900, Spread 0.0100
2025-05-06 16:42:56,921 [INFO] [ETHUSDT] Bid 1797.6500, Ask 1797.6600, Spread 0.0100
2025-05-06 16:42:57,010 [INFO] [BNBUSDT] Bid 598.4900, Ask 598.5000, Spread 0.0100
2025-05-06 16:42:57,061 [INFO] [BNBUSDT] Trade 1046018154 SELL 598.49@0.022
2025-05-06 16:42:57,061 [ERROR] WebSocket error: 'b'
2025-05-06 16:42:57,283 [INFO] [BTCUSDT] Trade 4877006250 BUY 94191.99@0.00126
2025-05-06 16:42:57,283 [ERROR] WebSocket error: 'b'
2025-05-06 16:42:57,330 [INFO] [BTCUSDT] Trade 4877006251 SELL 94191.98@0.0001
2025-05-06 16:42:57,330 [ERROR] WebSocket error: 'b'
2025-05-06 16:42:57,426 [INFO] [ETHUSDT] Trade 2381272510 BUY 1797.66@0.0278
2025-05-06 16:42:57,426 [ERROR] WebSocket error: 'b'
2025-05-06 16:42:57,574 [INFO] [ETHUSDT] Trade 2381272511 SELL 1797.65@0.55
2025-05-06 16:42:57,575 [ERROR] WebSocket error: 'b'
2025-05-06 16:42:57,575 [INFO] [BNBUSDT] Trade 1046018155 BUY 598.5@1.121
2025-05-06 16:42:57,575 [ERROR] WebSocket error: 'b'
2025-05-06 16:42:57,576 [INFO] [BNBUSDT] Trade 1046018156 BUY 598.5@0.009
2025-05-06 16:42:57,576 [ERROR] WebSocket error: 'b'
2025-05-06 16:42:57,576 [INFO] [BNBUSDT] Trade 1046018157 BUY 598.5@0.009
2025-05-06 16:42:57,576 [ERROR] WebSocket error: 'b'
2025-05-06 16:42:57,576 [INFO] [BNBUSDT] Trade 1046018158 BUY 598.5@0.009
2025-05-06 16:42:57,577 [ERROR] WebSocket error: 'b'
2025-05-06 16:42:57,577 [INFO] [BNBUSDT] Trade 1046018159 BUY 598.5@0.009
2025-05-06 16:42:57,577 [ERROR] WebSocket error: 'b'
2025-05-06 16:42:57,578 [INFO] [BNBUSDT] Trade 1046018160 BUY 598.5@0.009
2025-05-06 16:42:57,578 [ERROR] WebSocket error: 'b'
2025-05-06 16:42:57,578 [INFO] [BNBUSDT] Trade 1046018161 BUY 598.5@0.009
2025-05-06 16:42:57,578 [ERROR] WebSocket error: 'b'
2025-05-06 16:42:57,578 [INFO] [BNBUSDT] Trade 1046018162 BUY 598.5@0.477
2025-05-06 16:42:57,578 [ERROR] WebSocket error: 'b'
2025-05-06 16:42:57,923 [INFO] [ETHUSDT] Bid 1797.6500, Ask 1797.6600, Spread 0.0100
2025-05-06 16:42:57,924 [INFO] [BTCUSDT] Bid 94191.9800, Ask 94191.9900, Spread 0.0100
2025-05-06 16:42:57,935 [INFO] [BTCUSDT] Trade 4877006252 SELL 94191.98@0.00764
2025-05-06 16:42:57,936 [ERROR] WebSocket error: 'b'
2025-05-06 16:42:58,009 [INFO] [BNBUSDT] Bid 598.4900, Ask 598.5000, Spread 0.0100
2025-05-06 16:42:58,190 [INFO] [ETHUSDT] Trade 2381272512 BUY 1797.66@0.0089
2025-05-06 16:42:58,191 [ERROR] WebSocket error: 'b'
2025-05-06 16:42:58,557 [INFO] [BTCUSDT] Trade 4877006253 SELL 94191.98@0.00052
2025-05-06 16:42:58,558 [ERROR] WebSocket error: 'b'
2025-05-06 16:42:58,558 [INFO] [BTCUSDT] Trade 4877006254 SELL 94191.98@0.00028
2025-05-06 16:42:58,558 [ERROR] WebSocket error: 'b'
2025-05-06 16:42:58,591 [INFO] [ETHUSDT] Trade 2381272513 BUY 1797.66@0.0278
2025-05-06 16:42:58,592 [ERROR] WebSocket error: 'b'
2025-05-06 16:42:58,603 [INFO] [ETHUSDT] Trade 2381272514 BUY 1797.66@0.0278
2025-05-06 16:42:58,604 [ERROR] WebSocket error: 'b'
2025-05-06 16:42:59,017 [INFO] [BNBUSDT] Bid 598.4900, Ask 598.5000, Spread 0.0100
2025-05-06 16:42:59,016 [INFO] [BTCUSDT] Trade 4877006255 SELL 94191.98@0.00133
2025-05-06 16:42:59,019 [ERROR] WebSocket error: 'b'
2025-05-06 16:42:59,019 [INFO] [ETHUSDT] Bid 1797.6500, Ask 1797.6600, Spread 0.0100
2025-05-06 16:42:59,020 [INFO] [BTCUSDT] Bid 94191.9800, Ask 94191.9900, Spread 0.0100
2025-05-06 16:42:59,175 [INFO] [BTCUSDT] Trade 4877006256 SELL 94191.98@0.00022
2025-05-06 16:42:59,176 [ERROR] WebSocket error: 'b'
2025-05-06 16:42:59,179 [INFO] [BTCUSDT] Trade 4877006257 SELL 94191.98@0.00068
2025-05-06 16:42:59,180 [ERROR] WebSocket error: 'b'
2025-05-06 16:42:59,632 [INFO] [ETHUSDT] Trade 2381272515 SELL 1797.65@0.0089
2025-05-06 16:42:59,633 [ERROR] WebSocket error: 'b'
2025-05-06 16:42:59,701 [INFO] [BTCUSDT] Trade 4877006258 SELL 94191.98@0.00108
2025-05-06 16:42:59,702 [ERROR] WebSocket error: 'b'
2025-05-06 16:42:59,729 [INFO] [ETHUSDT] Trade 2381272516 BUY 1797.66@0.0278
2025-05-06 16:42:59,729 [ERROR] WebSocket error: 'b'
2025-05-06 16:42:59,924 [INFO] [ETHUSDT] Bid 1797.6500, Ask 1797.6600, Spread 0.0100
2025-05-06 16:42:59,924 [INFO] [BTCUSDT] Bid 94191.9800, Ask 94191.9900, Spread 0.0100
2025-05-06 16:43:00,020 [INFO] [BNBUSDT] Bid 598.4900, Ask 598.5000, Spread 0.0100
2025-05-06 16:43:00,194 [INFO] [BTCUSDT] Trade 4877006259 BUY 94191.99@0.00085
2025-05-06 16:43:00,195 [ERROR] WebSocket error: 'b'
2025-05-06 16:43:00,195 [INFO] [BTCUSDT] Trade 4877006260 BUY 94191.99@0.00085
2025-05-06 16:43:00,196 [ERROR] WebSocket error: 'b'
2025-05-06 16:43:00,196 [INFO] [BTCUSDT] Trade 4877006261 BUY 94191.99@0.00177
2025-05-06 16:43:00,196 [ERROR] WebSocket error: 'b'
2025-05-06 16:43:00,197 [INFO] [BTCUSDT] Trade 4877006262 BUY 94191.99@0.00177
2025-05-06 16:43:00,197 [ERROR] WebSocket error: 'b'
2025-05-06 16:43:01,127 [INFO] [BTCUSDT] Bid 94191.9800, Ask 94191.9900, Spread 0.0100
2025-05-06 16:43:01,128 [INFO] [BNBUSDT] Bid 598.4900, Ask 598.5000, Spread 0.0100
2025-05-06 16:43:01,129 [INFO] [BNBUSDT] Trade 1046018163 BUY 598.5@0.084
2025-05-06 16:43:01,130 [INFO] [ETHUSDT] Bid 1797.6500, Ask 1797.6600, Spread 0.0100
2025-05-06 16:43:01,130 [ERROR] WebSocket error: 'b'
2025-05-06 16:43:01,131 [INFO] [BNBUSDT] Trade 1046018164 BUY 598.5@0.02
2025-05-06 16:43:01,131 [ERROR] WebSocket error: 'b'
2025-05-06 16:43:01,131 [INFO] [ETHUSDT] Trade 2381272517 BUY 1797.66@0.0089
2025-05-06 16:43:01,131 [ERROR] WebSocket error: 'b'
2025-05-06 16:43:01,132 [INFO] [ETHUSDT] Trade 2381272518 BUY 1797.66@0.0278
2025-05-06 16:43:01,132 [ERROR] WebSocket error: 'b'
2025-05-06 16:43:01,154 [INFO] [ETHUSDT] Trade 2381272519 BUY 1797.66@0.0278
2025-05-06 16:43:01,154 [ERROR] WebSocket error: 'b'
2025-05-06 16:43:01,306 [INFO] [BTCUSDT] Trade 4877006263 SELL 94191.98@0.00267
2025-05-06 16:43:01,306 [ERROR] WebSocket error: 'b'
2025-05-06 16:43:01,863 [INFO] [BTCUSDT] Trade 4877006264 SELL 94191.98@0.08814
2025-05-06 16:43:01,865 [ERROR] WebSocket error: 'b'
2025-05-06 16:43:01,866 [INFO] [BTCUSDT] Trade 4877006265 SELL 94191.98@0.4748
2025-05-06 16:43:01,866 [ERROR] WebSocket error: 'b'
2025-05-06 16:43:01,866 [INFO] [BTCUSDT] Trade 4877006266 SELL 94191.98@7e-05
2025-05-06 16:43:01,867 [ERROR] WebSocket error: 'b'
2025-05-06 16:43:01,867 [INFO] [BTCUSDT] Trade 4877006267 SELL 94191.98@6e-05
2025-05-06 16:43:01,867 [ERROR] WebSocket error: 'b'
2025-05-06 16:43:01,867 [INFO] [BTCUSDT] Trade 4877006268 SELL 94191.98@0.00159
2025-05-06 16:43:01,867 [ERROR] WebSocket error: 'b'
2025-05-06 16:43:01,868 [INFO] [BTCUSDT] Trade 4877006269 SELL 94191.98@0.00024
2025-05-06 16:43:01,868 [ERROR] WebSocket error: 'b'
2025-05-06 16:43:01,868 [INFO] [BTCUSDT] Trade 4877006270 SELL 94191.98@0.02626
2025-05-06 16:43:01,868 [ERROR] WebSocket error: 'b'
2025-05-06 16:43:01,868 [INFO] [BTCUSDT] Trade 4877006271 SELL 94191.98@0.00044
2025-05-06 16:43:01,869 [ERROR] WebSocket error: 'b'
2025-05-06 16:43:01,869 [INFO] [BTCUSDT] Trade 4877006272 SELL 94191.98@0.00044
2025-05-06 16:43:01,869 [ERROR] WebSocket error: 'b'
2025-05-06 16:43:01,869 [INFO] [BTCUSDT] Trade 4877006273 SELL 94191.98@0.00415
2025-05-06 16:43:01,869 [ERROR] WebSocket error: 'b'
2025-05-06 16:43:01,870 [INFO] [BTCUSDT] Trade 4877006274 SELL 94191.98@0.00091
2025-05-06 16:43:01,870 [ERROR] WebSocket error: 'b'
2025-05-06 16:43:01,870 [INFO] [BTCUSDT] Trade 4877006275 SELL 94191.98@0.00096
2025-05-06 16:43:01,870 [ERROR] WebSocket error: 'b'
2025-05-06 16:43:01,870 [INFO] [BTCUSDT] Trade 4877006276 SELL 94191.98@0.00044
2025-05-06 16:43:01,870 [ERROR] WebSocket error: 'b'
2025-05-06 16:43:01,871 [INFO] [BTCUSDT] Trade 4877006277 SELL 94191.98@6e-05
2025-05-06 16:43:01,871 [ERROR] WebSocket error: 'b'
2025-05-06 16:43:01,871 [INFO] [BTCUSDT] Trade 4877006278 SELL 94191.98@6e-05
2025-05-06 16:43:01,871 [ERROR] WebSocket error: 'b'
2025-05-06 16:43:01,871 [INFO] [BTCUSDT] Trade 4877006279 SELL 94191.98@0.40138
2025-05-06 16:43:01,871 [ERROR] WebSocket error: 'b'
2025-05-06 16:43:01,969 [INFO] [ETHUSDT] Bid 1797.6500, Ask 1797.6600, Spread 0.0100
2025-05-06 16:43:01,970 [INFO] [BNBUSDT] Trade 1046018165 BUY 598.5@0.54
2025-05-06 16:43:01,970 [INFO] [BTCUSDT] Bid 94191.9800, Ask 94191.9900, Spread 0.0100
2025-05-06 16:43:01,971 [ERROR] WebSocket error: 'b'
2025-05-06 16:43:01,972 [INFO] [BNBUSDT] Trade 1046018166 BUY 598.5@0.572
2025-05-06 16:43:01,972 [ERROR] WebSocket error: 'b'
2025-05-06 16:43:02,013 [INFO] [BNBUSDT] Bid 598.4900, Ask 598.5000, Spread 0.0100
2025-05-06 16:43:02,223 [INFO] [ETHUSDT] Trade 2381272520 BUY 1797.66@0.0278
2025-05-06 16:43:02,223 [ERROR] WebSocket error: 'b'
2025-05-06 16:43:02,266 [INFO] [ETHUSDT] Trade 2381272521 SELL 1797.65@0.0089
2025-05-06 16:43:02,267 [ERROR] WebSocket error: 'b'
2025-05-06 16:43:02,746 [INFO] [BNBUSDT] Trade 1046018167 BUY 598.5@0.1
2025-05-06 16:43:02,746 [ERROR] WebSocket error: 'b'
2025-05-06 16:43:02,930 [INFO] [BTCUSDT] Bid 94191.9800, Ask 94191.9900, Spread 0.0100
2025-05-06 16:43:02,933 [INFO] [ETHUSDT] Bid 1797.6500, Ask 1797.6600, Spread 0.0100
2025-05-06 16:43:03,011 [INFO] [BNBUSDT] Bid 598.4900, Ask 598.5000, Spread 0.0100
2025-05-06 16:43:03,065 [INFO] [BNBUSDT] Trade 1046018168 BUY 598.5@0.016
2025-05-06 16:43:03,066 [ERROR] WebSocket error: 'b'
2025-05-06 16:43:03,218 [INFO] [BTCUSDT] Trade 4877006280 SELL 94191.98@0.00549
2025-05-06 16:43:03,219 [ERROR] WebSocket error: 'b'
2025-05-06 16:43:03,444 [INFO] [ETHUSDT] Trade 2381272522 BUY 1797.66@0.0278
2025-05-06 16:43:03,445 [ERROR] WebSocket error: 'b'
2025-05-06 16:43:03,455 [INFO] [ETHUSDT] Trade 2381272523 BUY 1797.66@0.0278
2025-05-06 16:43:03,455 [ERROR] WebSocket error: 'b'
2025-05-06 16:43:03,496 [INFO] [ETHUSDT] Trade 2381272524 BUY 1797.66@0.0089
2025-05-06 16:43:03,497 [ERROR] WebSocket error: 'b'
2025-05-06 16:43:03,651 [INFO] [BTCUSDT] Trade 4877006281 SELL 94191.98@0.00016
2025-05-06 16:43:03,652 [ERROR] WebSocket error: 'b'
2025-05-06 16:43:03,706 [INFO] [BTCUSDT] Trade 4877006282 SELL 94191.98@0.00287
2025-05-06 16:43:03,706 [ERROR] WebSocket error: 'b'
2025-05-06 16:43:03,729 [INFO] [BTCUSDT] Trade 4877006283 SELL 94191.98@0.01115
2025-05-06 16:43:03,730 [ERROR] WebSocket error: 'b'
2025-05-06 16:43:03,782 [INFO] [ETHUSDT] Trade 2381272525 BUY 1797.66@0.1108
2025-05-06 16:43:03,782 [ERROR] WebSocket error: 'b'
2025-05-06 16:43:03,999 [INFO] [BTCUSDT] Bid 94191.9800, Ask 94191.9900, Spread 0.0100
2025-05-06 16:43:04,005 [INFO] [ETHUSDT] Bid 1797.6500, Ask 1797.6600, Spread 0.0100
2025-05-06 16:43:04,014 [INFO] [BNBUSDT] Bid 598.4900, Ask 598.5000, Spread 0.0100
2025-05-06 16:43:04,033 [INFO] [BNBUSDT] Trade 1046018169 SELL 598.49@0.05
2025-05-06 16:43:04,033 [ERROR] WebSocket error: 'b'
2025-05-06 16:43:04,067 [INFO] [BTCUSDT] Trade 4877006284 SELL 94191.98@0.00066
2025-05-06 16:43:04,068 [ERROR] WebSocket error: 'b'
2025-05-06 16:43:04,123 [INFO] [BTCUSDT] Trade 4877006285 BUY 94191.99@0.00062
2025-05-06 16:43:04,123 [ERROR] WebSocket error: 'b'
2025-05-06 16:43:04,272 [INFO] [ETHUSDT] Trade 2381272526 SELL 1797.65@0.0028
2025-05-06 16:43:04,272 [ERROR] WebSocket error: 'b'
2025-05-06 16:43:04,273 [INFO] [ETHUSDT] Trade 2381272527 SELL 1797.65@0.0029
2025-05-06 16:43:04,273 [ERROR] WebSocket error: 'b'
2025-05-06 16:43:04,273 [INFO] [ETHUSDT] Trade 2381272528 SELL 1797.65@0.0049
2025-05-06 16:43:04,273 [ERROR] WebSocket error: 'b'
2025-05-06 16:43:04,273 [INFO] [ETHUSDT] Trade 2381272529 SELL 1797.65@0.0012
2025-05-06 16:43:04,273 [ERROR] WebSocket error: 'b'
2025-05-06 16:43:04,407 [INFO] [BTCUSDT] Trade 4877006286 SELL 94191.98@0.00402
2025-05-06 16:43:04,408 [ERROR] WebSocket error: 'b'
2025-05-06 16:43:04,605 [INFO] [ETHUSDT] Trade 2381272530 BUY 1797.66@0.0278
2025-05-06 16:43:04,606 [ERROR] WebSocket error: 'b'
2025-05-06 16:43:04,631 [INFO] [BTCUSDT] Trade 4877006287 BUY 94191.99@7e-05
2025-05-06 16:43:04,632 [ERROR] WebSocket error: 'b'
2025-05-06 16:43:04,650 [INFO] [BNBUSDT] Trade 1046018170 SELL 598.49@1.418
2025-05-06 16:43:04,651 [ERROR] WebSocket error: 'b'
2025-05-06 16:43:04,667 [INFO] [ETHUSDT] Trade 2381272531 SELL 1797.65@0.0018
2025-05-06 16:43:04,668 [ERROR] WebSocket error: 'b'
2025-05-06 16:43:04,668 [INFO] [ETHUSDT] Trade 2381272532 SELL 1797.65@0.0071
2025-05-06 16:43:04,669 [ERROR] WebSocket error: 'b'
2025-05-06 16:43:04,751 [INFO] [BTCUSDT] Trade 4877006288 SELL 94191.98@0.00036
2025-05-06 16:43:04,751 [ERROR] WebSocket error: 'b'
2025-05-06 16:43:04,916 [INFO] [BTCUSDT] Bid 94191.9800, Ask 94191.9900, Spread 0.0100
2025-05-06 16:43:04,921 [INFO] [ETHUSDT] Bid 1797.6500, Ask 1797.6600, Spread 0.0100
2025-05-06 16:43:05,008 [INFO] [BNBUSDT] Bid 598.4900, Ask 598.5000, Spread 0.0100
2025-05-06 16:43:05,126 [INFO] [BNBUSDT] Trade 1046018171 BUY 598.5@0.406
2025-05-06 16:43:05,127 [ERROR] WebSocket error: 'b'
2025-05-06 16:43:05,150 [INFO] [BNBUSDT] Trade 1046018172 BUY 598.5@1.239
2025-05-06 16:43:05,151 [ERROR] WebSocket error: 'b'
2025-05-06 16:43:05,167 [INFO] [BTCUSDT] Trade 4877006289 SELL 94191.98@0.01173
2025-05-06 16:43:05,168 [ERROR] WebSocket error: 'b'
2025-05-06 16:43:05,557 [INFO] [BTCUSDT] Trade 4877006290 BUY 94191.99@6e-05
2025-05-06 16:43:05,558 [ERROR] WebSocket error: 'b'
2025-05-06 16:43:05,581 [INFO] [BNBUSDT] Trade 1046018173 BUY 598.5@1.3
2025-05-06 16:43:05,582 [ERROR] WebSocket error: 'b'
2025-05-06 16:43:05,751 [INFO] [BNBUSDT] Trade 1046018174 BUY 598.5@3.0
2025-05-06 16:43:05,752 [ERROR] WebSocket error: 'b'
2025-05-06 16:43:05,915 [INFO] [BTCUSDT] Bid 94191.9800, Ask 94191.9900, Spread 0.0100
2025-05-06 16:43:05,922 [INFO] [ETHUSDT] Bid 1797.6500, Ask 1797.6600, Spread 0.0100
2025-05-06 16:43:06,011 [INFO] [BNBUSDT] Bid 598.4900, Ask 598.5000, Spread 0.0100
2025-05-06 16:43:06,045 [INFO] [ETHUSDT] Trade 2381272533 BUY 1797.66@0.0278
2025-05-06 16:43:06,045 [ERROR] WebSocket error: 'b'
2025-05-06 16:43:06,050 [INFO] [ETHUSDT] Trade 2381272534 BUY 1797.66@0.0278
2025-05-06 16:43:06,051 [ERROR] WebSocket error: 'b'
2025-05-06 16:43:06,123 [INFO] [BTCUSDT] Trade 4877006291 SELL 94191.98@0.00097
2025-05-06 16:43:06,124 [ERROR] WebSocket error: 'b'
2025-05-06 16:43:06,148 [INFO] [BNBUSDT] Trade 1046018175 SELL 598.49@0.342
2025-05-06 16:43:06,148 [ERROR] WebSocket error: 'b'
2025-05-06 16:43:06,173 [INFO] [BNBUSDT] Trade 1046018176 BUY 598.5@1.169
2025-05-06 16:43:06,174 [ERROR] WebSocket error: 'b'
2025-05-06 16:43:06,372 [INFO] [BNBUSDT] Trade 1046018177 SELL 598.49@0.033
2025-05-06 16:43:06,373 [ERROR] WebSocket error: 'b'
2025-05-06 16:43:06,383 [INFO] [ETHUSDT] Trade 2381272535 BUY 1797.66@0.003
2025-05-06 16:43:06,384 [ERROR] WebSocket error: 'b'
2025-05-06 16:43:06,408 [INFO] [BNBUSDT] Trade 1046018178 SELL 598.49@0.048
2025-05-06 16:43:06,408 [ERROR] WebSocket error: 'b'
2025-05-06 16:43:06,633 [INFO] [BNBUSDT] Trade 1046018179 BUY 598.5@0.085
2025-05-06 16:43:06,634 [ERROR] WebSocket error: 'b'
2025-05-06 16:43:06,670 [INFO] [BTCUSDT] Trade 4877006292 BUY 94191.99@0.00093
2025-05-06 16:43:06,671 [ERROR] WebSocket error: 'b'
2025-05-06 16:43:06,675 [INFO] [BTCUSDT] Trade 4877006293 BUY 94191.99@0.00182
2025-05-06 16:43:06,675 [ERROR] WebSocket error: 'b'
2025-05-06 16:43:06,676 [INFO] [BTCUSDT] Trade 4877006294 BUY 94191.99@0.00182
2025-05-06 16:43:06,676 [ERROR] WebSocket error: 'b'
2025-05-06 16:43:06,677 [INFO] [BTCUSDT] Trade 4877006295 BUY 94191.99@0.00182
2025-05-06 16:43:06,677 [ERROR] WebSocket error: 'b'
2025-05-06 16:43:06,678 [INFO] [BTCUSDT] Trade 4877006296 BUY 94191.99@0.00186
2025-05-06 16:43:06,678 [ERROR] WebSocket error: 'b'
2025-05-06 16:43:06,765 [INFO] [ETHUSDT] Trade 2381272536 BUY 1797.66@0.0089
2025-05-06 16:43:06,766 [ERROR] WebSocket error: 'b'
2025-05-06 16:43:06,777 [INFO] [ETHUSDT] Trade 2381272537 BUY 1797.66@0.0052
2025-05-06 16:43:06,778 [ERROR] WebSocket error: 'b'
2025-05-06 16:43:06,888 [INFO] [BTCUSDT] Trade 4877006297 BUY 94191.99@0.00051
2025-05-06 16:43:06,889 [ERROR] WebSocket error: 'b'
2025-05-06 16:43:06,917 [INFO] [BTCUSDT] Bid 94191.9800, Ask 94191.9900, Spread 0.0100
2025-05-06 16:43:06,921 [INFO] [ETHUSDT] Bid 1797.6500, Ask 1797.6600, Spread 0.0100
2025-05-06 16:43:06,973 [INFO] [ETHUSDT] Trade 2381272538 SELL 1797.65@0.0207
2025-05-06 16:43:06,974 [ERROR] WebSocket error: 'b'
2025-05-06 16:43:06,975 [INFO] [ETHUSDT] Trade 2381272539 SELL 1797.65@0.9551
2025-05-06 16:43:06,975 [ERROR] WebSocket error: 'b'
2025-05-06 16:43:06,976 [INFO] [ETHUSDT] Trade 2381272540 SELL 1797.65@0.014
2025-05-06 16:43:06,976 [ERROR] WebSocket error: 'b'
2025-05-06 16:43:06,977 [INFO] [ETHUSDT] Trade 2381272541 SELL 1797.65@0.1864
2025-05-06 16:43:06,977 [ERROR] WebSocket error: 'b'
2025-05-06 16:43:06,978 [INFO] [ETHUSDT] Trade 2381272542 SELL 1797.65@1.5463
2025-05-06 16:43:06,978 [ERROR] WebSocket error: 'b'
2025-05-06 16:43:06,978 [INFO] [ETHUSDT] Trade 2381272543 SELL 1797.65@1.0
2025-05-06 16:43:06,978 [ERROR] WebSocket error: 'b'
2025-05-06 16:43:06,979 [INFO] [ETHUSDT] Trade 2381272544 SELL 1797.65@0.0028
2025-05-06 16:43:06,979 [ERROR] WebSocket error: 'b'
2025-05-06 16:43:06,979 [INFO] [ETHUSDT] Trade 2381272545 SELL 1797.65@0.0028
2025-05-06 16:43:06,979 [ERROR] WebSocket error: 'b'
2025-05-06 16:43:06,979 [INFO] [ETHUSDT] Trade 2381272546 SELL 1797.65@0.0029
2025-05-06 16:43:06,980 [ERROR] WebSocket error: 'b'
2025-05-06 16:43:06,980 [INFO] [ETHUSDT] Trade 2381272547 SELL 1797.65@0.0049
2025-05-06 16:43:06,980 [ERROR] WebSocket error: 'b'
2025-05-06 16:43:06,980 [INFO] [ETHUSDT] Trade 2381272548 SELL 1797.65@0.006
2025-05-06 16:43:06,980 [ERROR] WebSocket error: 'b'
2025-05-06 16:43:06,980 [INFO] [ETHUSDT] Trade 2381272549 SELL 1797.65@0.006
2025-05-06 16:43:06,981 [ERROR] WebSocket error: 'b'
2025-05-06 16:43:06,981 [INFO] [ETHUSDT] Trade 2381272550 SELL 1797.65@0.0028
2025-05-06 16:43:06,981 [ERROR] WebSocket error: 'b'
2025-05-06 16:43:06,981 [INFO] [ETHUSDT] Trade 2381272551 SELL 1797.65@2.055
2025-05-06 16:43:06,981 [ERROR] WebSocket error: 'b'
2025-05-06 16:43:06,981 [INFO] [ETHUSDT] Trade 2381272552 SELL 1797.65@6.3231
2025-05-06 16:43:06,982 [ERROR] WebSocket error: 'b'
2025-05-06 16:43:06,982 [INFO] [ETHUSDT] Trade 2381272553 SELL 1797.65@2.755
2025-05-06 16:43:06,982 [ERROR] WebSocket error: 'b'
2025-05-06 16:43:06,982 [INFO] [ETHUSDT] Trade 2381272554 SELL 1797.65@6.75
2025-05-06 16:43:06,982 [ERROR] WebSocket error: 'b'
2025-05-06 16:43:06,982 [INFO] [ETHUSDT] Trade 2381272555 SELL 1797.65@0.0375
2025-05-06 16:43:06,982 [ERROR] WebSocket error: 'b'
2025-05-06 16:43:06,983 [INFO] [ETHUSDT] Trade 2381272556 SELL 1797.65@2.7384
2025-05-06 16:43:06,983 [ERROR] WebSocket error: 'b'
2025-05-06 16:43:06,983 [INFO] [ETHUSDT] Trade 2381272557 SELL 1797.65@3.8902
2025-05-06 16:43:06,983 [ERROR] WebSocket error: 'b'
2025-05-06 16:43:06,983 [INFO] [ETHUSDT] Trade 2381272558 SELL 1797.65@1.7001
2025-05-06 16:43:06,983 [ERROR] WebSocket error: 'b'
2025-05-06 16:43:07,008 [INFO] [BNBUSDT] Bid 598.4900, Ask 598.5000, Spread 0.0100
2025-05-06 16:43:07,082 [INFO] [ETHUSDT] Trade 2381272559 BUY 1797.66@0.0278
2025-05-06 16:43:07,082 [ERROR] WebSocket error: 'b'
2025-05-06 16:43:07,206 [INFO] [BNBUSDT] Trade 1046018180 SELL 598.49@0.212
2025-05-06 16:43:07,206 [ERROR] WebSocket error: 'b'
2025-05-06 16:43:07,289 [INFO] [BNBUSDT] Trade 1046018181 BUY 598.5@0.413
2025-05-06 16:43:07,290 [ERROR] WebSocket error: 'b'
2025-05-06 16:43:07,290 [INFO] [BNBUSDT] Trade 1046018182 BUY 598.5@11.736
2025-05-06 16:43:07,290 [ERROR] WebSocket error: 'b'
2025-05-06 16:43:07,291 [INFO] [BNBUSDT] Trade 1046018183 BUY 598.5@1.121
2025-05-06 16:43:07,291 [ERROR] WebSocket error: 'b'
2025-05-06 16:43:07,291 [INFO] [BNBUSDT] Trade 1046018184 BUY 598.5@0.009
2025-05-06 16:43:07,291 [ERROR] WebSocket error: 'b'
2025-05-06 16:43:07,292 [INFO] [BNBUSDT] Trade 1046018185 BUY 598.5@0.009
2025-05-06 16:43:07,292 [ERROR] WebSocket error: 'b'
2025-05-06 16:43:07,292 [INFO] [BNBUSDT] Trade 1046018186 BUY 598.5@0.009
2025-05-06 16:43:07,292 [ERROR] WebSocket error: 'b'
2025-05-06 16:43:07,293 [INFO] [BNBUSDT] Trade 1046018187 BUY 598.5@0.009
2025-05-06 16:43:07,293 [ERROR] WebSocket error: 'b'
2025-05-06 16:43:07,293 [INFO] [BNBUSDT] Trade 1046018188 BUY 598.5@0.009
2025-05-06 16:43:07,293 [ERROR] WebSocket error: 'b'
2025-05-06 16:43:07,294 [INFO] [BNBUSDT] Trade 1046018189 BUY 598.5@0.009
2025-05-06 16:43:07,294 [ERROR] WebSocket error: 'b'
2025-05-06 16:43:07,294 [INFO] [BNBUSDT] Trade 1046018190 BUY 598.5@0.08
2025-05-06 16:43:07,294 [ERROR] WebSocket error: 'b'
2025-05-06 16:43:07,295 [INFO] [BNBUSDT] Trade 1046018191 BUY 598.5@0.056
2025-05-06 16:43:07,295 [ERROR] WebSocket error: 'b'
2025-05-06 16:43:07,295 [INFO] [BNBUSDT] Trade 1046018192 BUY 598.5@0.009
2025-05-06 16:43:07,295 [ERROR] WebSocket error: 'b'
2025-05-06 16:43:07,296 [INFO] [BNBUSDT] Trade 1046018193 BUY 598.51@0.009
2025-05-06 16:43:07,296 [ERROR] WebSocket error: 'b'
2025-05-06 16:43:07,296 [INFO] [BNBUSDT] Trade 1046018194 BUY 598.51@0.009
2025-05-06 16:43:07,296 [ERROR] WebSocket error: 'b'
2025-05-06 16:43:07,296 [INFO] [BNBUSDT] Trade 1046018195 BUY 598.51@0.009
2025-05-06 16:43:07,296 [ERROR] WebSocket error: 'b'
2025-05-06 16:43:07,297 [INFO] [BNBUSDT] Trade 1046018196 BUY 598.52@0.048
2025-05-06 16:43:07,297 [ERROR] WebSocket error: 'b'
2025-05-06 16:43:07,297 [INFO] [BNBUSDT] Trade 1046018197 BUY 598.52@0.009
2025-05-06 16:43:07,297 [ERROR] WebSocket error: 'b'
2025-05-06 16:43:07,297 [INFO] [BNBUSDT] Trade 1046018198 BUY 598.53@0.009
2025-05-06 16:43:07,297 [ERROR] WebSocket error: 'b'
2025-05-06 16:43:07,298 [INFO] [BNBUSDT] Trade 1046018199 BUY 598.53@0.009
2025-05-06 16:43:07,298 [ERROR] WebSocket error: 'b'
2025-05-06 16:43:07,298 [INFO] [BNBUSDT] Trade 1046018200 BUY 598.54@0.048
2025-05-06 16:43:07,298 [ERROR] WebSocket error: 'b'
2025-05-06 16:43:07,298 [INFO] [BNBUSDT] Trade 1046018201 BUY 598.54@0.009
2025-05-06 16:43:07,298 [ERROR] WebSocket error: 'b'
2025-05-06 16:43:07,299 [INFO] [BNBUSDT] Trade 1046018202 BUY 598.54@0.011
2025-05-06 16:43:07,299 [ERROR] WebSocket error: 'b'
2025-05-06 16:43:07,299 [INFO] [BNBUSDT] Trade 1046018203 BUY 598.54@0.009
2025-05-06 16:43:07,299 [ERROR] WebSocket error: 'b'
2025-05-06 16:43:07,925 [INFO] [BTCUSDT] Bid 94191.9800, Ask 94191.9900, Spread 0.0100
2025-05-06 16:43:07,927 [INFO] [ETHUSDT] Bid 1797.6500, Ask 1797.6600, Spread 0.0100
2025-05-06 16:43:08,011 [INFO] [BNBUSDT] Bid 598.5500, Ask 598.5600, Spread 0.0100
2025-05-06 16:43:08,494 [INFO] [BTCUSDT] Trade 4877006298 BUY 94191.99@0.00064
2025-05-06 16:43:08,495 [ERROR] WebSocket error: 'b'
2025-05-06 16:43:08,530 [INFO] [BNBUSDT] Trade 1046018204 SELL 598.55@0.045
2025-05-06 16:43:08,531 [ERROR] WebSocket error: 'b'
2025-05-06 16:43:08,621 [INFO] [ETHUSDT] Trade 2381272560 BUY 1797.66@0.0278
2025-05-06 16:43:08,622 [ERROR] WebSocket error: 'b'
2025-05-06 16:43:08,773 [INFO] [ETHUSDT] Trade 2381272561 BUY 1797.66@0.0278
2025-05-06 16:43:08,774 [ERROR] WebSocket error: 'b'
2025-05-06 16:43:08,779 [INFO] [BTCUSDT] Trade 4877006299 SELL 94191.98@0.00018
2025-05-06 16:43:08,780 [ERROR] WebSocket error: 'b'
2025-05-06 16:43:08,811 [INFO] [ETHUSDT] Trade 2381272562 SELL 1797.65@0.0089
2025-05-06 16:43:08,812 [ERROR] WebSocket error: 'b'
2025-05-06 16:43:08,893 [INFO] [BNBUSDT] Trade 1046018205 BUY 598.56@0.016
2025-05-06 16:43:08,893 [ERROR] WebSocket error: 'b'
2025-05-06 16:43:08,894 [INFO] [BNBUSDT] Trade 1046018206 BUY 598.56@0.017
2025-05-06 16:43:08,895 [ERROR] WebSocket error: 'b'
2025-05-06 16:43:08,895 [INFO] [BNBUSDT] Trade 1046018207 BUY 598.56@0.017
2025-05-06 16:43:08,896 [ERROR] WebSocket error: 'b'
2025-05-06 16:43:08,917 [INFO] [BTCUSDT] Bid 94191.9800, Ask 94191.9900, Spread 0.0100
2025-05-06 16:43:08,923 [INFO] [ETHUSDT] Bid 1797.6500, Ask 1797.6600, Spread 0.0100
2025-05-06 16:43:09,014 [INFO] [BNBUSDT] Bid 598.5500, Ask 598.5600, Spread 0.0100
2025-05-06 16:43:09,062 [INFO] [ETHUSDT] Trade 2381272563 SELL 1797.65@0.222
2025-05-06 16:43:09,062 [ERROR] WebSocket error: 'b'
2025-05-06 16:43:09,239 [INFO] [BTCUSDT] Trade 4877006300 SELL 94191.98@0.00262
2025-05-06 16:43:09,240 [ERROR] WebSocket error: 'b'
2025-05-06 16:43:09,411 [INFO] [ETHUSDT] Trade 2381272564 BUY 1797.66@0.0278
2025-05-06 16:43:09,412 [ERROR] WebSocket error: 'b'
2025-05-06 16:43:09,559 [INFO] [BNBUSDT] Trade 1046018208 BUY 598.56@0.031
2025-05-06 16:43:09,560 [ERROR] WebSocket error: 'b'
2025-05-06 16:43:09,560 [INFO] [BNBUSDT] Trade 1046018209 BUY 598.56@0.009
2025-05-06 16:43:09,560 [ERROR] WebSocket error: 'b'
2025-05-06 16:43:09,561 [INFO] [BNBUSDT] Trade 1046018210 BUY 598.56@0.009
2025-05-06 16:43:09,561 [ERROR] WebSocket error: 'b'
2025-05-06 16:43:09,561 [INFO] [BNBUSDT] Trade 1046018211 BUY 598.56@0.009
2025-05-06 16:43:09,562 [ERROR] WebSocket error: 'b'
2025-05-06 16:43:09,562 [INFO] [BNBUSDT] Trade 1046018212 BUY 598.56@0.009
2025-05-06 16:43:09,562 [ERROR] WebSocket error: 'b'
2025-05-06 16:43:09,562 [INFO] [BNBUSDT] Trade 1046018213 BUY 598.56@0.009
2025-05-06 16:43:09,563 [ERROR] WebSocket error: 'b'
2025-05-06 16:43:09,563 [INFO] [BNBUSDT] Trade 1046018214 BUY 598.56@0.009
2025-05-06 16:43:09,563 [ERROR] WebSocket error: 'b'
2025-05-06 16:43:09,564 [INFO] [BNBUSDT] Trade 1046018215 BUY 598.56@1.681
2025-05-06 16:43:09,564 [ERROR] WebSocket error: 'b'
2025-05-06 16:43:09,627 [INFO] [BNBUSDT] Trade 1046018216 BUY 598.56@0.016
2025-05-06 16:43:09,627 [ERROR] WebSocket error: 'b'
2025-05-06 16:43:10,075 [INFO] [BTCUSDT] Bid 94191.9800, Ask 94191.9900, Spread 0.0100
2025-05-06 16:43:10,078 [INFO] [ETHUSDT] Bid 1797.6500, Ask 1797.6600, Spread 0.0100
2025-05-06 16:43:10,078 [INFO] [BNBUSDT] Trade 1046018217 SELL 598.55@0.084
2025-05-06 16:43:10,079 [INFO] [BNBUSDT] Bid 598.5500, Ask 598.5600, Spread 0.0100
2025-05-06 16:43:10,079 [ERROR] WebSocket error: 'b'
2025-05-06 16:43:10,146 [INFO] [ETHUSDT] Trade 2381272565 BUY 1797.66@0.0089
2025-05-06 16:43:10,146 [ERROR] WebSocket error: 'b'
2025-05-06 16:43:10,162 [INFO] [BTCUSDT] Trade 4877006301 SELL 94191.98@0.00338
2025-05-06 16:43:10,162 [ERROR] WebSocket error: 'b'
2025-05-06 16:43:10,691 [INFO] [BTCUSDT] Trade 4877006302 SELL 94191.98@0.002
2025-05-06 16:43:10,692 [ERROR] WebSocket error: 'b'
2025-05-06 16:43:10,693 [INFO] [BNBUSDT] Trade 1046018218 BUY 598.56@0.016
2025-05-06 16:43:10,693 [ERROR] WebSocket error: 'b'
2025-05-06 16:43:10,732 [INFO] [BNBUSDT] Trade 1046018219 BUY 598.56@0.085
2025-05-06 16:43:10,733 [ERROR] WebSocket error: 'b'
2025-05-06 16:43:10,841 [INFO] [BTCUSDT] Trade 4877006303 BUY 94191.99@0.00021
2025-05-06 16:43:10,841 [ERROR] WebSocket error: 'b'
2025-05-06 16:43:10,865 [INFO] [ETHUSDT] Trade 2381272566 SELL 1797.65@0.0083
2025-05-06 16:43:10,866 [ERROR] WebSocket error: 'b'
2025-05-06 16:43:10,917 [INFO] [BTCUSDT] Bid 94191.9800, Ask 94191.9900, Spread 0.0100
2025-05-06 16:43:10,921 [INFO] [ETHUSDT] Bid 1797.6500, Ask 1797.6600, Spread 0.0100
2025-05-06 16:43:10,987 [INFO] [BTCUSDT] Trade 4877006304 SELL 94191.98@0.00186
2025-05-06 16:43:10,987 [ERROR] WebSocket error: 'b'
2025-05-06 16:43:11,011 [INFO] [BNBUSDT] Bid 598.5500, Ask 598.5600, Spread 0.0100
2025-05-06 16:43:11,059 [INFO] [ETHUSDT] Trade 2381272567 BUY 1797.66@0.0278
2025-05-06 16:43:11,060 [ERROR] WebSocket error: 'b'
2025-05-06 16:43:11,175 [INFO] [ETHUSDT] Trade 2381272568 SELL 1797.65@0.1277
2025-05-06 16:43:11,175 [ERROR] WebSocket error: 'b'
2025-05-06 16:43:11,335 [INFO] [ETHUSDT] Trade 2381272569 SELL 1797.65@0.0089
2025-05-06 16:43:11,335 [ERROR] WebSocket error: 'b'
2025-05-06 16:43:11,487 [INFO] [BNBUSDT] Trade 1046018220 BUY 598.56@0.05
2025-05-06 16:43:11,488 [ERROR] WebSocket error: 'b'
2025-05-06 16:43:11,886 [INFO] [BTCUSDT] Trade 4877006305 SELL 94191.98@0.00285
2025-05-06 16:43:11,888 [ERROR] WebSocket error: 'b'
2025-05-06 16:43:11,892 [INFO] [ETHUSDT] Trade 2381272570 BUY 1797.66@0.0278
2025-05-06 16:43:11,892 [ERROR] WebSocket error: 'b'
2025-05-06 16:43:11,918 [INFO] [BTCUSDT] Bid 94191.9800, Ask 94191.9900, Spread 0.0100
2025-05-06 16:43:11,920 [INFO] [ETHUSDT] Bid 1797.6500, Ask 1797.6600, Spread 0.0100
2025-05-06 16:43:12,015 [INFO] [BNBUSDT] Bid 598.5500, Ask 598.5600, Spread 0.0100
2025-05-06 16:43:12,231 [INFO] [ETHUSDT] Trade 2381272571 BUY 1797.66@0.0175
2025-05-06 16:43:12,232 [ERROR] WebSocket error: 'b'
2025-05-06 16:43:12,253 [INFO] [ETHUSDT] Trade 2381272572 BUY 1797.66@0.0278
2025-05-06 16:43:12,254 [ERROR] WebSocket error: 'b'
2025-05-06 16:43:12,532 [INFO] [ETHUSDT] Trade 2381272573 BUY 1797.66@0.0089
2025-05-06 16:43:12,532 [ERROR] WebSocket error: 'b'
2025-05-06 16:43:13,150 [INFO] [BTCUSDT] Bid 94191.9800, Ask 94191.9900, Spread 0.0100
2025-05-06 16:43:13,151 [INFO] [BNBUSDT] Bid 598.5500, Ask 598.5600, Spread 0.0100
2025-05-06 16:43:13,154 [INFO] [ETHUSDT] Bid 1797.6500, Ask 1797.6600, Spread 0.0100
2025-05-06 16:43:13,153 [INFO] [BNBUSDT] Trade 1046018221 BUY 598.56@2.339
2025-05-06 16:43:13,154 [ERROR] WebSocket error: 'b'
2025-05-06 16:43:13,344 [INFO] [ETHUSDT] Trade 2381272574 BUY 1797.66@0.0033
2025-05-06 16:43:13,345 [ERROR] WebSocket error: 'b'
2025-05-06 16:43:13,357 [INFO] [ETHUSDT] Trade 2381272575 BUY 1797.66@0.0278
2025-05-06 16:43:13,357 [ERROR] WebSocket error: 'b'
2025-05-06 16:43:13,406 [INFO] [BNBUSDT] Trade 1046018222 BUY 598.56@0.221
2025-05-06 16:43:13,406 [ERROR] WebSocket error: 'b'
2025-05-06 16:43:13,518 [INFO] [BTCUSDT] Trade 4877006306 BUY 94191.99@0.00019
2025-05-06 16:43:13,518 [ERROR] WebSocket error: 'b'
2025-05-06 16:43:14,070 [INFO] [BTCUSDT] Bid 94191.9800, Ask 94191.9900, Spread 0.0100
2025-05-06 16:43:14,071 [INFO] [BNBUSDT] Bid 598.5500, Ask 598.5600, Spread 0.0100
2025-05-06 16:43:14,072 [INFO] [ETHUSDT] Bid 1797.6500, Ask 1797.6600, Spread 0.0100
2025-05-06 16:43:14,069 [INFO] [BNBUSDT] Trade 1046018223 SELL 598.55@1.815
2025-05-06 16:43:14,073 [ERROR] WebSocket error: 'b'
2025-05-06 16:43:14,073 [INFO] [ETHUSDT] Trade 2381272576 BUY 1797.66@0.0043
2025-05-06 16:43:14,073 [ERROR] WebSocket error: 'b'
2025-05-06 16:43:14,114 [INFO] [ETHUSDT] Trade 2381272577 BUY 1797.66@0.0097
2025-05-06 16:43:14,115 [ERROR] WebSocket error: 'b'
2025-05-06 16:43:14,115 [INFO] [BNBUSDT] Trade 1046018224 SELL 598.55@0.085
2025-05-06 16:43:14,115 [ERROR] WebSocket error: 'b'
2025-05-06 16:43:14,683 [INFO] [ETHUSDT] Trade 2381272578 BUY 1797.66@0.0278
2025-05-06 16:43:14,684 [ERROR] WebSocket error: 'b'
2025-05-06 16:43:14,684 [INFO] [BTCUSDT] Trade 4877006307 BUY 94191.99@0.00106
2025-05-06 16:43:14,685 [ERROR] WebSocket error: 'b'
2025-05-06 16:43:14,687 [INFO] [ETHUSDT] Trade 2381272579 BUY 1797.66@0.0278
2025-05-06 16:43:14,687 [ERROR] WebSocket error: 'b'
2025-05-06 16:43:14,742 [INFO] [BTCUSDT] Trade 4877006308 BUY 94191.99@0.00015
2025-05-06 16:43:14,743 [ERROR] WebSocket error: 'b'
2025-05-06 16:43:14,889 [INFO] [BNBUSDT] Trade 1046018225 BUY 598.56@0.017
2025-05-06 16:43:14,889 [ERROR] WebSocket error: 'b'
2025-05-06 16:43:14,916 [INFO] [BTCUSDT] Bid 94191.9800, Ask 94191.9900, Spread 0.0100
2025-05-06 16:43:14,921 [INFO] [ETHUSDT] Bid 1797.6500, Ask 1797.6600, Spread 0.0100
2025-05-06 16:43:15,014 [INFO] [BNBUSDT] Bid 598.5500, Ask 598.5600, Spread 0.0100
2025-05-06 16:43:15,609 [INFO] [BTCUSDT] Trade 4877006309 BUY 94191.99@0.00084
2025-05-06 16:43:15,609 [ERROR] WebSocket error: 'b'
2025-05-06 16:43:15,610 [INFO] [BTCUSDT] Trade 4877006310 SELL 94191.98@0.0003
2025-05-06 16:43:15,610 [ERROR] WebSocket error: 'b'
2025-05-06 16:43:15,690 [INFO] [BTCUSDT] Trade 4877006311 SELL 94191.98@0.00181
2025-05-06 16:43:15,691 [ERROR] WebSocket error: 'b'
2025-05-06 16:43:15,733 [INFO] [ETHUSDT] Trade 2381272580 BUY 1797.66@0.0278
2025-05-06 16:43:15,733 [ERROR] WebSocket error: 'b'
2025-05-06 16:43:15,888 [INFO] [ETHUSDT] Trade 2381272581 BUY 1797.66@0.0278
2025-05-06 16:43:15,888 [ERROR] WebSocket error: 'b'
2025-05-06 16:43:15,916 [INFO] [BTCUSDT] Bid 94191.9800, Ask 94191.9900, Spread 0.0100
2025-05-06 16:43:15,920 [INFO] [ETHUSDT] Bid 1797.6500, Ask 1797.6600, Spread 0.0100
2025-05-06 16:43:16,015 [INFO] [BNBUSDT] Bid 598.5500, Ask 598.5600, Spread 0.0100
2025-05-06 16:43:16,122 [INFO] [ETHUSDT] Trade 2381272582 BUY 1797.66@0.0278
2025-05-06 16:43:16,123 [ERROR] WebSocket error: 'b'
2025-05-06 16:43:16,631 [INFO] [BTCUSDT] Trade 4877006312 SELL 94191.98@0.0005
2025-05-06 16:43:16,632 [ERROR] WebSocket error: 'b'
2025-05-06 16:43:16,709 [INFO] [ETHUSDT] Trade 2381272583 BUY 1797.66@0.0278
2025-05-06 16:43:16,710 [ERROR] WebSocket error: 'b'
2025-05-06 16:43:16,843 [INFO] [BTCUSDT] Trade 4877006313 SELL 94191.98@0.00459
2025-05-06 16:43:16,843 [ERROR] WebSocket error: 'b'
2025-05-06 16:43:16,923 [INFO] [BTCUSDT] Bid 94191.9800, Ask 94191.9900, Spread 0.0100
2025-05-06 16:43:16,924 [INFO] [ETHUSDT] Bid 1797.6500, Ask 1797.6600, Spread 0.0100
2025-05-06 16:43:17,015 [INFO] [BNBUSDT] Bid 598.5500, Ask 598.5600, Spread 0.0100
2025-05-06 16:43:17,123 [INFO] [ETHUSDT] Trade 2381272584 SELL 1797.65@0.0089
2025-05-06 16:43:17,124 [ERROR] WebSocket error: 'b'
2025-05-06 16:43:17,177 [INFO] [ETHUSDT] Trade 2381272585 BUY 1797.66@0.0278
2025-05-06 16:43:17,178 [ERROR] WebSocket error: 'b'
2025-05-06 16:43:17,208 [INFO] [BNBUSDT] Trade 1046018226 BUY 598.56@1.176
2025-05-06 16:43:17,208 [ERROR] WebSocket error: 'b'
2025-05-06 16:43:17,456 [INFO] [ETHUSDT] Trade 2381272586 BUY 1797.66@3.6935
2025-05-06 16:43:17,457 [ERROR] WebSocket error: 'b'
2025-05-06 16:43:17,458 [INFO] [ETHUSDT] Trade 2381272587 BUY 1797.66@0.0049
2025-05-06 16:43:17,458 [ERROR] WebSocket error: 'b'
2025-05-06 16:43:17,458 [INFO] [ETHUSDT] Trade 2381272588 BUY 1797.66@0.0028
2025-05-06 16:43:17,459 [ERROR] WebSocket error: 'b'
2025-05-06 16:43:17,459 [INFO] [ETHUSDT] Trade 2381272589 BUY 1797.66@0.006
2025-05-06 16:43:17,459 [ERROR] WebSocket error: 'b'
2025-05-06 16:43:17,459 [INFO] [ETHUSDT] Trade 2381272590 BUY 1797.66@2.2928
2025-05-06 16:43:17,460 [ERROR] WebSocket error: 'b'
2025-05-06 16:43:17,518 [INFO] [ETHUSDT] Trade 2381272591 BUY 1797.66@0.0033
2025-05-06 16:43:17,519 [ERROR] WebSocket error: 'b'
2025-05-06 16:43:17,520 [INFO] [ETHUSDT] Trade 2381272592 BUY 1797.66@0.0314
2025-05-06 16:43:17,520 [ERROR] WebSocket error: 'b'
2025-05-06 16:43:17,520 [INFO] [ETHUSDT] Trade 2381272593 BUY 1797.66@0.0671
2025-05-06 16:43:17,520 [ERROR] WebSocket error: 'b'
2025-05-06 16:43:17,521 [INFO] [ETHUSDT] Trade 2381272594 BUY 1797.66@0.0238
2025-05-06 16:43:17,521 [ERROR] WebSocket error: 'b'
2025-05-06 16:43:17,521 [INFO] [ETHUSDT] Trade 2381272595 BUY 1797.66@0.0058
2025-05-06 16:43:17,521 [ERROR] WebSocket error: 'b'
2025-05-06 16:43:17,521 [INFO] [ETHUSDT] Trade 2381272596 BUY 1797.66@0.0258
2025-05-06 16:43:17,522 [ERROR] WebSocket error: 'b'
2025-05-06 16:43:17,522 [INFO] [ETHUSDT] Trade 2381272597 BUY 1797.66@0.0028
2025-05-06 16:43:17,522 [ERROR] WebSocket error: 'b'
2025-05-06 16:43:17,523 [INFO] [ETHUSDT] Trade 2381272598 BUY 1797.66@0.2418
2025-05-06 16:43:17,523 [ERROR] WebSocket error: 'b'
2025-05-06 16:43:17,523 [INFO] [ETHUSDT] Trade 2381272599 BUY 1797.66@0.0029
2025-05-06 16:43:17,523 [ERROR] WebSocket error: 'b'
2025-05-06 16:43:17,524 [INFO] [ETHUSDT] Trade 2381272600 BUY 1797.66@0.0029
2025-05-06 16:43:17,524 [ERROR] WebSocket error: 'b'
2025-05-06 16:43:17,524 [INFO] [ETHUSDT] Trade 2381272601 BUY 1797.66@0.0029
2025-05-06 16:43:17,524 [ERROR] WebSocket error: 'b'
2025-05-06 16:43:17,524 [INFO] [ETHUSDT] Trade 2381272602 BUY 1797.66@0.0029
2025-05-06 16:43:17,524 [ERROR] WebSocket error: 'b'
2025-05-06 16:43:17,525 [INFO] [ETHUSDT] Trade 2381272603 BUY 1797.66@0.0029
2025-05-06 16:43:17,525 [ERROR] WebSocket error: 'b'
2025-05-06 16:43:17,525 [INFO] [ETHUSDT] Trade 2381272604 BUY 1797.66@0.006
2025-05-06 16:43:17,525 [ERROR] WebSocket error: 'b'
2025-05-06 16:43:17,526 [INFO] [ETHUSDT] Trade 2381272605 BUY 1797.66@0.0028
2025-05-06 16:43:17,526 [ERROR] WebSocket error: 'b'
2025-05-06 16:43:17,526 [INFO] [ETHUSDT] Trade 2381272606 BUY 1797.66@0.0028
2025-05-06 16:43:17,526 [ERROR] WebSocket error: 'b'
2025-05-06 16:43:17,526 [INFO] [ETHUSDT] Trade 2381272607 BUY 1797.67@0.0504
2025-05-06 16:43:17,526 [ERROR] WebSocket error: 'b'
2025-05-06 16:43:17,526 [INFO] [ETHUSDT] Trade 2381272608 BUY 1797.67@0.0137
2025-05-06 16:43:17,527 [ERROR] WebSocket error: 'b'
2025-05-06 16:43:17,527 [INFO] [ETHUSDT] Trade 2381272609 BUY 1797.67@0.2491
2025-05-06 16:43:17,527 [ERROR] WebSocket error: 'b'
2025-05-06 16:43:17,527 [INFO] [ETHUSDT] Trade 2381272610 BUY 1797.67@0.3029
2025-05-06 16:43:17,527 [ERROR] WebSocket error: 'b'
2025-05-06 16:43:17,527 [INFO] [ETHUSDT] Trade 2381272611 BUY 1797.67@0.0568
2025-05-06 16:43:17,527 [ERROR] WebSocket error: 'b'
2025-05-06 16:43:17,528 [INFO] [ETHUSDT] Trade 2381272612 BUY 1797.67@0.0033
2025-05-06 16:43:17,528 [ERROR] WebSocket error: 'b'
2025-05-06 16:43:17,528 [INFO] [ETHUSDT] Trade 2381272613 BUY 1797.67@0.0031
2025-05-06 16:43:17,528 [ERROR] WebSocket error: 'b'
2025-05-06 16:43:17,528 [INFO] [ETHUSDT] Trade 2381272614 BUY 1797.67@0.0032
2025-05-06 16:43:17,528 [ERROR] WebSocket error: 'b'
2025-05-06 16:43:17,528 [INFO] [ETHUSDT] Trade 2381272615 BUY 1797.67@0.0029
2025-05-06 16:43:17,529 [ERROR] WebSocket error: 'b'
2025-05-06 16:43:17,529 [INFO] [ETHUSDT] Trade 2381272616 BUY 1797.67@0.0029
2025-05-06 16:43:17,529 [ERROR] WebSocket error: 'b'
2025-05-06 16:43:17,529 [INFO] [ETHUSDT] Trade 2381272617 BUY 1797.67@0.0029
2025-05-06 16:43:17,529 [ERROR] WebSocket error: 'b'
2025-05-06 16:43:17,529 [INFO] [ETHUSDT] Trade 2381272618 BUY 1797.67@0.006
2025-05-06 16:43:17,529 [ERROR] WebSocket error: 'b'
2025-05-06 16:43:17,530 [INFO] [ETHUSDT] Trade 2381272619 BUY 1797.69@0.0029
2025-05-06 16:43:17,530 [ERROR] WebSocket error: 'b'
2025-05-06 16:43:17,530 [INFO] [ETHUSDT] Trade 2381272620 BUY 1797.7@0.0028
2025-05-06 16:43:17,530 [ERROR] WebSocket error: 'b'
2025-05-06 16:43:17,530 [INFO] [ETHUSDT] Trade 2381272621 BUY 1797.7@0.0033
2025-05-06 16:43:17,530 [ERROR] WebSocket error: 'b'
2025-05-06 16:43:17,530 [INFO] [ETHUSDT] Trade 2381272622 BUY 1797.7@0.0028
2025-05-06 16:43:17,530 [ERROR] WebSocket error: 'b'
2025-05-06 16:43:17,531 [INFO] [ETHUSDT] Trade 2381272623 BUY 1797.7@0.0028
2025-05-06 16:43:17,531 [ERROR] WebSocket error: 'b'
2025-05-06 16:43:17,531 [INFO] [ETHUSDT] Trade 2381272624 BUY 1797.7@0.0028
2025-05-06 16:43:17,531 [ERROR] WebSocket error: 'b'
2025-05-06 16:43:17,531 [INFO] [ETHUSDT] Trade 2381272625 BUY 1797.71@0.1845
2025-05-06 16:43:17,531 [ERROR] WebSocket error: 'b'
2025-05-06 16:43:17,531 [INFO] [ETHUSDT] Trade 2381272626 BUY 1797.71@0.0029
2025-05-06 16:43:17,532 [ERROR] WebSocket error: 'b'
2025-05-06 16:43:17,532 [INFO] [ETHUSDT] Trade 2381272627 BUY 1797.72@0.0171
2025-05-06 16:43:17,532 [ERROR] WebSocket error: 'b'
2025-05-06 16:43:17,532 [INFO] [ETHUSDT] Trade 2381272628 BUY 1797.72@0.3829
2025-05-06 16:43:17,532 [ERROR] WebSocket error: 'b'
2025-05-06 16:43:17,532 [INFO] [ETHUSDT] Trade 2381272629 BUY 1797.72@0.004
2025-05-06 16:43:17,532 [ERROR] WebSocket error: 'b'
2025-05-06 16:43:17,533 [INFO] [ETHUSDT] Trade 2381272630 BUY 1797.73@0.0871
2025-05-06 16:43:17,533 [ERROR] WebSocket error: 'b'
2025-05-06 16:43:17,533 [INFO] [ETHUSDT] Trade 2381272631 BUY 1797.73@0.0517
2025-05-06 16:43:17,533 [ERROR] WebSocket error: 'b'
2025-05-06 16:43:17,533 [INFO] [ETHUSDT] Trade 2381272632 BUY 1797.73@0.0028
2025-05-06 16:43:17,533 [ERROR] WebSocket error: 'b'
2025-05-06 16:43:17,533 [INFO] [ETHUSDT] Trade 2381272633 BUY 1797.73@0.006
2025-05-06 16:43:17,534 [ERROR] WebSocket error: 'b'
2025-05-06 16:43:17,534 [INFO] [ETHUSDT] Trade 2381272634 BUY 1797.73@0.0029
2025-05-06 16:43:17,534 [ERROR] WebSocket error: 'b'
2025-05-06 16:43:17,534 [INFO] [ETHUSDT] Trade 2381272635 BUY 1797.73@0.0029
2025-05-06 16:43:17,534 [ERROR] WebSocket error: 'b'
2025-05-06 16:43:17,534 [INFO] [ETHUSDT] Trade 2381272636 BUY 1797.73@0.0029
2025-05-06 16:43:17,534 [ERROR] WebSocket error: 'b'
2025-05-06 16:43:17,535 [INFO] [ETHUSDT] Trade 2381272637 BUY 1797.73@0.0029
2025-05-06 16:43:17,535 [ERROR] WebSocket error: 'b'
2025-05-06 16:43:17,535 [INFO] [ETHUSDT] Trade 2381272638 BUY 1797.73@0.0033
2025-05-06 16:43:17,535 [ERROR] WebSocket error: 'b'
2025-05-06 16:43:17,535 [INFO] [ETHUSDT] Trade 2381272639 BUY 1797.73@0.0028
2025-05-06 16:43:17,535 [ERROR] WebSocket error: 'b'
2025-05-06 16:43:17,535 [INFO] [ETHUSDT] Trade 2381272640 BUY 1797.74@0.0029
2025-05-06 16:43:17,535 [ERROR] WebSocket error: 'b'
2025-05-06 16:43:17,536 [INFO] [ETHUSDT] Trade 2381272641 BUY 1797.74@0.0029
2025-05-06 16:43:17,536 [ERROR] WebSocket error: 'b'
2025-05-06 16:43:17,536 [INFO] [ETHUSDT] Trade 2381272642 BUY 1797.74@0.0029
2025-05-06 16:43:17,536 [ERROR] WebSocket error: 'b'
2025-05-06 16:43:17,536 [INFO] [ETHUSDT] Trade 2381272643 BUY 1797.74@0.0029
2025-05-06 16:43:17,536 [ERROR] WebSocket error: 'b'
2025-05-06 16:43:17,536 [INFO] [ETHUSDT] Trade 2381272644 BUY 1797.74@0.006
2025-05-06 16:43:17,536 [ERROR] WebSocket error: 'b'
2025-05-06 16:43:17,536 [INFO] [ETHUSDT] Trade 2381272645 BUY 1797.74@0.0029
2025-05-06 16:43:17,537 [ERROR] WebSocket error: 'b'
2025-05-06 16:43:17,537 [INFO] [ETHUSDT] Trade 2381272646 BUY 1797.74@0.0029
2025-05-06 16:43:17,537 [ERROR] WebSocket error: 'b'
2025-05-06 16:43:17,537 [INFO] [ETHUSDT] Trade 2381272647 BUY 1797.74@0.0028
2025-05-06 16:43:17,537 [ERROR] WebSocket error: 'b'
2025-05-06 16:43:17,537 [INFO] [ETHUSDT] Trade 2381272648 BUY 1797.74@0.0029
2025-05-06 16:43:17,537 [ERROR] WebSocket error: 'b'
2025-05-06 16:43:17,537 [INFO] [ETHUSDT] Trade 2381272649 BUY 1797.74@0.0028
2025-05-06 16:43:17,538 [ERROR] WebSocket error: 'b'
2025-05-06 16:43:17,538 [INFO] [ETHUSDT] Trade 2381272650 BUY 1797.75@0.0028
2025-05-06 16:43:17,538 [ERROR] WebSocket error: 'b'
2025-05-06 16:43:17,538 [INFO] [ETHUSDT] Trade 2381272651 BUY 1797.75@0.2158
2025-05-06 16:43:17,538 [ERROR] WebSocket error: 'b'
2025-05-06 16:43:17,538 [INFO] [ETHUSDT] Trade 2381272652 BUY 1797.75@0.0612
2025-05-06 16:43:17,538 [ERROR] WebSocket error: 'b'
2025-05-06 16:43:17,542 [INFO] [ETHUSDT] Trade 2381272653 BUY 1797.75@0.123
2025-05-06 16:43:17,542 [ERROR] WebSocket error: 'b'
2025-05-06 16:43:17,542 [INFO] [ETHUSDT] Trade 2381272654 BUY 1797.75@0.0033
2025-05-06 16:43:17,542 [ERROR] WebSocket error: 'b'
2025-05-06 16:43:17,542 [INFO] [ETHUSDT] Trade 2381272655 BUY 1797.75@0.006
2025-05-06 16:43:17,542 [ERROR] WebSocket error: 'b'
2025-05-06 16:43:17,543 [INFO] [ETHUSDT] Trade 2381272656 BUY 1797.75@0.0029
2025-05-06 16:43:17,543 [ERROR] WebSocket error: 'b'
2025-05-06 16:43:17,543 [INFO] [ETHUSDT] Trade 2381272657 BUY 1797.75@0.0029
2025-05-06 16:43:17,543 [ERROR] WebSocket error: 'b'
2025-05-06 16:43:17,543 [INFO] [ETHUSDT] Trade 2381272658 BUY 1797.75@0.111
2025-05-06 16:43:17,543 [ERROR] WebSocket error: 'b'
2025-05-06 16:43:17,543 [INFO] [ETHUSDT] Trade 2381272659 BUY 1797.75@0.0029
2025-05-06 16:43:17,543 [ERROR] WebSocket error: 'b'
2025-05-06 16:43:17,543 [INFO] [ETHUSDT] Trade 2381272660 BUY 1797.75@0.0029
2025-05-06 16:43:17,543 [ERROR] WebSocket error: 'b'
2025-05-06 16:43:17,544 [INFO] [ETHUSDT] Trade 2381272661 BUY 1797.76@0.0282
2025-05-06 16:43:17,544 [ERROR] WebSocket error: 'b'
2025-05-06 16:43:17,544 [INFO] [ETHUSDT] Trade 2381272662 BUY 1797.76@0.0029
2025-05-06 16:43:17,544 [ERROR] WebSocket error: 'b'
2025-05-06 16:43:17,544 [INFO] [ETHUSDT] Trade 2381272663 BUY 1797.76@0.0029
2025-05-06 16:43:17,544 [ERROR] WebSocket error: 'b'
2025-05-06 16:43:17,544 [INFO] [ETHUSDT] Trade 2381272664 BUY 1797.76@0.0029
2025-05-06 16:43:17,544 [ERROR] WebSocket error: 'b'
2025-05-06 16:43:17,545 [INFO] [ETHUSDT] Trade 2381272665 BUY 1797.77@0.0486
2025-05-06 16:43:17,545 [ERROR] WebSocket error: 'b'
2025-05-06 16:43:17,545 [INFO] [ETHUSDT] Trade 2381272666 BUY 1797.77@0.027
2025-05-06 16:43:17,545 [ERROR] WebSocket error: 'b'
2025-05-06 16:43:17,545 [INFO] [ETHUSDT] Trade 2381272667 BUY 1797.77@0.02
2025-05-06 16:43:17,545 [ERROR] WebSocket error: 'b'
2025-05-06 16:43:18,064 [INFO] [BTCUSDT] Bid 94191.9800, Ask 94191.9900, Spread 0.0100
2025-05-06 16:43:18,065 [INFO] [ETHUSDT] Bid 1797.7600, Ask 1797.7700, Spread 0.0100
2025-05-06 16:43:18,066 [INFO] [BNBUSDT] Bid 598.5500, Ask 598.5600, Spread 0.0100
2025-05-06 16:43:18,067 [INFO] [ETHUSDT] Trade 2381272668 SELL 1797.76@0.0056
2025-05-06 16:43:18,068 [ERROR] WebSocket error: 'b'
2025-05-06 16:43:18,068 [INFO] [BTCUSDT] Trade 4877006314 SELL 94191.98@0.00069
2025-05-06 16:43:18,068 [ERROR] WebSocket error: 'b'
2025-05-06 16:43:18,179 [INFO] [BTCUSDT] Trade 4877006315 SELL 94191.98@0.00015
2025-05-06 16:43:18,180 [ERROR] WebSocket error: 'b'
2025-05-06 16:43:18,182 [INFO] [ETHUSDT] Trade 2381272669 BUY 1797.77@0.0278
2025-05-06 16:43:18,182 [ERROR] WebSocket error: 'b'
2025-05-06 16:43:18,338 [INFO] [BNBUSDT] Trade 1046018227 BUY 598.56@0.016
2025-05-06 16:43:18,338 [ERROR] WebSocket error: 'b'
2025-05-06 16:43:18,416 [INFO] [BTCUSDT] Trade 4877006316 BUY 94191.99@0.00106
2025-05-06 16:43:18,417 [ERROR] WebSocket error: 'b'
2025-05-06 16:43:18,729 [INFO] [ETHUSDT] Trade 2381272670 BUY 1797.77@0.0278
2025-05-06 16:43:18,730 [ERROR] WebSocket error: 'b'
2025-05-06 16:43:18,747 [INFO] [BTCUSDT] Trade 4877006317 SELL 94191.98@0.00016
2025-05-06 16:43:18,747 [ERROR] WebSocket error: 'b'
2025-05-06 16:43:18,917 [INFO] [BTCUSDT] Bid 94191.9800, Ask 94191.9900, Spread 0.0100
2025-05-06 16:43:18,922 [INFO] [ETHUSDT] Bid 1797.7600, Ask 1797.7700, Spread 0.0100
2025-05-06 16:43:19,025 [INFO] [BNBUSDT] Bid 598.5500, Ask 598.5600, Spread 0.0100
2025-05-06 16:43:19,030 [INFO] [BTCUSDT] Trade 4877006318 SELL 94191.98@0.00566
2025-05-06 16:43:19,030 [ERROR] WebSocket error: 'b'
2025-05-06 16:43:19,080 [INFO] [ETHUSDT] Trade 2381272671 SELL 1797.76@0.0802
2025-05-06 16:43:19,080 [ERROR] WebSocket error: 'b'
2025-05-06 16:43:19,096 [INFO] [ETHUSDT] Trade 2381272672 BUY 1797.77@0.0278
2025-05-06 16:43:19,097 [ERROR] WebSocket error: 'b'
2025-05-06 16:43:19,114 [INFO] [BTCUSDT] Trade 4877006319 SELL 94191.98@0.00169
2025-05-06 16:43:19,115 [ERROR] WebSocket error: 'b'
2025-05-06 16:43:19,128 [INFO] [ETHUSDT] Trade 2381272673 BUY 1797.77@0.0642
2025-05-06 16:43:19,129 [ERROR] WebSocket error: 'b'
2025-05-06 16:43:19,130 [INFO] [ETHUSDT] Trade 2381272674 BUY 1797.77@0.0322
2025-05-06 16:43:19,130 [ERROR] WebSocket error: 'b'
2025-05-06 16:43:19,131 [INFO] [ETHUSDT] Trade 2381272675 BUY 1797.77@0.0029
2025-05-06 16:43:19,131 [ERROR] WebSocket error: 'b'
2025-05-06 16:43:19,131 [INFO] [ETHUSDT] Trade 2381272676 BUY 1797.77@0.0029
2025-05-06 16:43:19,132 [ERROR] WebSocket error: 'b'
2025-05-06 16:43:19,132 [INFO] [ETHUSDT] Trade 2381272677 BUY 1797.77@0.0029
2025-05-06 16:43:19,132 [ERROR] WebSocket error: 'b'
2025-05-06 16:43:19,132 [INFO] [ETHUSDT] Trade 2381272678 BUY 1797.77@0.0508
2025-05-06 16:43:19,132 [ERROR] WebSocket error: 'b'
2025-05-06 16:43:19,133 [INFO] [ETHUSDT] Trade 2381272679 BUY 1797.77@0.0506
2025-05-06 16:43:19,133 [ERROR] WebSocket error: 'b'
2025-05-06 16:43:19,133 [INFO] [ETHUSDT] Trade 2381272680 BUY 1797.77@0.0033
2025-05-06 16:43:19,134 [ERROR] WebSocket error: 'b'
2025-05-06 16:43:19,134 [INFO] [ETHUSDT] Trade 2381272681 BUY 1797.77@0.0029
2025-05-06 16:43:19,134 [ERROR] WebSocket error: 'b'
2025-05-06 16:43:19,134 [INFO] [ETHUSDT] Trade 2381272682 BUY 1797.77@0.0029
2025-05-06 16:43:19,134 [ERROR] WebSocket error: 'b'
2025-05-06 16:43:19,135 [INFO] [ETHUSDT] Trade 2381272683 BUY 1797.77@0.0028
2025-05-06 16:43:19,135 [ERROR] WebSocket error: 'b'
2025-05-06 16:43:19,135 [INFO] [ETHUSDT] Trade 2381272684 BUY 1797.77@0.0049
2025-05-06 16:43:19,135 [ERROR] WebSocket error: 'b'
2025-05-06 16:43:19,135 [INFO] [ETHUSDT] Trade 2381272685 BUY 1797.77@0.0029
2025-05-06 16:43:19,135 [ERROR] WebSocket error: 'b'
2025-05-06 16:43:19,136 [INFO] [ETHUSDT] Trade 2381272686 BUY 1797.77@0.0029
2025-05-06 16:43:19,136 [ERROR] WebSocket error: 'b'
2025-05-06 16:43:19,136 [INFO] [ETHUSDT] Trade 2381272687 BUY 1797.77@0.006
2025-05-06 16:43:19,136 [ERROR] WebSocket error: 'b'
2025-05-06 16:43:19,137 [INFO] [ETHUSDT] Trade 2381272688 BUY 1797.77@0.0028
2025-05-06 16:43:19,137 [ERROR] WebSocket error: 'b'
2025-05-06 16:43:19,137 [INFO] [ETHUSDT] Trade 2381272689 BUY 1797.77@0.0029
2025-05-06 16:43:19,137 [ERROR] WebSocket error: 'b'
2025-05-06 16:43:19,137 [INFO] [ETHUSDT] Trade 2381272690 BUY 1797.77@0.0028
2025-05-06 16:43:19,137 [ERROR] WebSocket error: 'b'
2025-05-06 16:43:19,137 [INFO] [ETHUSDT] Trade 2381272691 BUY 1797.77@0.0028
2025-05-06 16:43:19,138 [ERROR] WebSocket error: 'b'
2025-05-06 16:43:19,138 [INFO] [ETHUSDT] Trade 2381272692 BUY 1797.78@0.0029
2025-05-06 16:43:19,138 [ERROR] WebSocket error: 'b'
2025-05-06 16:43:19,138 [INFO] [ETHUSDT] Trade 2381272693 BUY 1797.78@0.0029
2025-05-06 16:43:19,138 [ERROR] WebSocket error: 'b'
2025-05-06 16:43:19,138 [INFO] [ETHUSDT] Trade 2381272694 BUY 1797.78@0.0029
2025-05-06 16:43:19,138 [ERROR] WebSocket error: 'b'
2025-05-06 16:43:19,139 [INFO] [ETHUSDT] Trade 2381272695 BUY 1797.78@0.0505
2025-05-06 16:43:19,139 [ERROR] WebSocket error: 'b'
2025-05-06 16:43:19,139 [INFO] [ETHUSDT] Trade 2381272696 BUY 1797.78@0.0506
2025-05-06 16:43:19,139 [ERROR] WebSocket error: 'b'
2025-05-06 16:43:19,139 [INFO] [ETHUSDT] Trade 2381272697 BUY 1797.78@0.0029
2025-05-06 16:43:19,139 [ERROR] WebSocket error: 'b'
2025-05-06 16:43:19,139 [INFO] [ETHUSDT] Trade 2381272698 BUY 1797.78@0.0029
2025-05-06 16:43:19,139 [ERROR] WebSocket error: 'b'
2025-05-06 16:43:19,140 [INFO] [ETHUSDT] Trade 2381272699 BUY 1797.78@0.0029
2025-05-06 16:43:19,140 [ERROR] WebSocket error: 'b'
2025-05-06 16:43:19,140 [INFO] [ETHUSDT] Trade 2381272700 BUY 1797.78@0.0031
2025-05-06 16:43:19,140 [ERROR] WebSocket error: 'b'
2025-05-06 16:43:19,140 [INFO] [ETHUSDT] Trade 2381272701 BUY 1797.78@0.0029
2025-05-06 16:43:19,140 [ERROR] WebSocket error: 'b'
2025-05-06 16:43:19,140 [INFO] [ETHUSDT] Trade 2381272702 BUY 1797.78@0.0029
2025-05-06 16:43:19,141 [ERROR] WebSocket error: 'b'
2025-05-06 16:43:19,141 [INFO] [ETHUSDT] Trade 2381272703 BUY 1797.78@0.0032
2025-05-06 16:43:19,141 [ERROR] WebSocket error: 'b'
2025-05-06 16:43:19,287 [INFO] [ETHUSDT] Trade 2381272704 BUY 1797.79@0.0033
2025-05-06 16:43:19,288 [ERROR] WebSocket error: 'b'
2025-05-06 16:43:19,289 [INFO] [ETHUSDT] Trade 2381272705 BUY 1797.79@0.006
2025-05-06 16:43:19,289 [ERROR] WebSocket error: 'b'
2025-05-06 16:43:19,290 [INFO] [ETHUSDT] Trade 2381272706 BUY 1797.79@0.0028
2025-05-06 16:43:19,290 [ERROR] WebSocket error: 'b'
2025-05-06 16:43:19,290 [INFO] [ETHUSDT] Trade 2381272707 BUY 1797.79@0.0029
2025-05-06 16:43:19,290 [ERROR] WebSocket error: 'b'
2025-05-06 16:43:19,291 [INFO] [ETHUSDT] Trade 2381272708 BUY 1797.79@0.0029
2025-05-06 16:43:19,291 [ERROR] WebSocket error: 'b'
2025-05-06 16:43:19,291 [INFO] [ETHUSDT] Trade 2381272709 BUY 1797.79@0.0029
2025-05-06 16:43:19,291 [ERROR] WebSocket error: 'b'
2025-05-06 16:43:19,292 [INFO] [ETHUSDT] Trade 2381272710 BUY 1797.79@0.0029
2025-05-06 16:43:19,292 [ERROR] WebSocket error: 'b'
2025-05-06 16:43:19,292 [INFO] [ETHUSDT] Trade 2381272711 BUY 1797.79@0.0029
2025-05-06 16:43:19,292 [ERROR] WebSocket error: 'b'
2025-05-06 16:43:19,292 [INFO] [ETHUSDT] Trade 2381272712 BUY 1797.79@0.0017
2025-05-06 16:43:19,292 [ERROR] WebSocket error: 'b'
2025-05-06 16:43:19,317 [INFO] [ETHUSDT] Trade 2381272713 BUY 1797.79@0.0012
2025-05-06 16:43:19,317 [ERROR] WebSocket error: 'b'
2025-05-06 16:43:19,317 [INFO] [ETHUSDT] Trade 2381272714 BUY 1797.79@0.0029
2025-05-06 16:43:19,317 [ERROR] WebSocket error: 'b'
2025-05-06 16:43:19,318 [INFO] [ETHUSDT] Trade 2381272715 BUY 1797.79@0.0048
2025-05-06 16:43:19,318 [ERROR] WebSocket error: 'b'
2025-05-06 16:43:19,598 [INFO] [ETHUSDT] Trade 2381272716 BUY 1797.79@0.0029
2025-05-06 16:43:19,599 [ERROR] WebSocket error: 'b'
2025-05-06 16:43:19,599 [INFO] [ETHUSDT] Trade 2381272717 BUY 1797.79@0.0249
2025-05-06 16:43:19,599 [ERROR] WebSocket error: 'b'
2025-05-06 16:43:19,604 [INFO] [ETHUSDT] Trade 2381272718 BUY 1797.79@0.0232
2025-05-06 16:43:19,605 [ERROR] WebSocket error: 'b'
2025-05-06 16:43:19,606 [INFO] [ETHUSDT] Trade 2381272719 BUY 1797.79@0.0029
2025-05-06 16:43:19,606 [ERROR] WebSocket error: 'b'
2025-05-06 16:43:19,607 [INFO] [ETHUSDT] Trade 2381272720 BUY 1797.79@0.0017
2025-05-06 16:43:19,607 [ERROR] WebSocket error: 'b'
2025-05-06 16:43:19,607 [INFO] [ETHUSDT] Trade 2381272721 BUY 1797.79@0.0041
2025-05-06 16:43:19,607 [ERROR] WebSocket error: 'b'
2025-05-06 16:43:19,608 [INFO] [ETHUSDT] Trade 2381272722 BUY 1797.79@0.0159
2025-05-06 16:43:19,608 [ERROR] WebSocket error: 'b'
2025-05-06 16:43:19,707 [INFO] [ETHUSDT] Trade 2381272723 SELL 1797.78@0.5
2025-05-06 16:43:19,708 [ERROR] WebSocket error: 'b'
2025-05-06 16:43:20,213 [INFO] [BTCUSDT] Bid 94191.9800, Ask 94191.9900, Spread 0.0100
2025-05-06 16:43:20,215 [INFO] [ETHUSDT] Bid 1797.7800, Ask 1797.7900, Spread 0.0100
2025-05-06 16:43:20,218 [INFO] [BNBUSDT] Bid 598.5500, Ask 598.5600, Spread 0.0100
2025-05-06 16:43:20,218 [INFO] [BNBUSDT] Trade 1046018228 SELL 598.55@0.016
2025-05-06 16:43:20,218 [ERROR] WebSocket error: 'b'
2025-05-06 16:43:20,382 [INFO] [BNBUSDT] Trade 1046018229 BUY 598.56@0.169
2025-05-06 16:43:20,383 [ERROR] WebSocket error: 'b'
2025-05-06 16:43:20,614 [INFO] [ETHUSDT] Trade 2381272724 BUY 1797.79@0.0278
2025-05-06 16:43:20,615 [ERROR] WebSocket error: 'b'
2025-05-06 16:43:20,759 [INFO] [ETHUSDT] Trade 2381272725 SELL 1797.78@0.0089
2025-05-06 16:43:20,760 [ERROR] WebSocket error: 'b'
2025-05-06 16:43:20,793 [INFO] [BNBUSDT] Trade 1046018230 BUY 598.56@0.03
2025-05-06 16:43:20,794 [ERROR] WebSocket error: 'b'
2025-05-06 16:43:20,941 [INFO] [BTCUSDT] Bid 94191.9800, Ask 94191.9900, Spread 0.0100
2025-05-06 16:43:20,943 [INFO] [ETHUSDT] Bid 1797.7800, Ask 1797.7900, Spread 0.0100
2025-05-06 16:43:21,049 [INFO] [BNBUSDT] Bid 598.5500, Ask 598.5600, Spread 0.0100
2025-05-06 16:43:21,066 [INFO] [ETHUSDT] Trade 2381272726 BUY 1797.79@0.0278
2025-05-06 16:43:21,066 [ERROR] WebSocket error: 'b'
2025-05-06 16:43:21,321 [INFO] [ETHUSDT] Trade 2381272727 SELL 1797.78@0.0041
2025-05-06 16:43:21,323 [ERROR] WebSocket error: 'b'
2025-05-06 16:43:21,431 [INFO] [BTCUSDT] Trade 4877006320 BUY 94191.99@0.00178
2025-05-06 16:43:21,431 [ERROR] WebSocket error: 'b'
2025-05-06 16:43:21,446 [INFO] [ETHUSDT] Trade 2381272728 BUY 1797.79@0.0278
2025-05-06 16:43:21,446 [ERROR] WebSocket error: 'b'
2025-05-06 16:43:21,791 [INFO] [BTCUSDT] Trade 4877006321 BUY 94191.99@0.00019
2025-05-06 16:43:21,792 [ERROR] WebSocket error: 'b'
2025-05-06 16:43:21,837 [INFO] [ETHUSDT] Trade 2381272729 SELL 1797.78@0.0283
2025-05-06 16:43:21,838 [ERROR] WebSocket error: 'b'
2025-05-06 16:43:21,918 [INFO] [BTCUSDT] Bid 94191.9800, Ask 94191.9900, Spread 0.0100
2025-05-06 16:43:21,923 [INFO] [ETHUSDT] Bid 1797.7800, Ask 1797.7900, Spread 0.0100
2025-05-06 16:43:21,976 [INFO] [BNBUSDT] Trade 1046018231 BUY 598.56@0.167
2025-05-06 16:43:21,977 [ERROR] WebSocket error: 'b'
2025-05-06 16:43:22,010 [INFO] [BNBUSDT] Bid 598.5500, Ask 598.5600, Spread 0.0100
2025-05-06 16:43:22,121 [INFO] [ETHUSDT] Trade 2381272730 BUY 1797.79@0.0278
2025-05-06 16:43:22,121 [ERROR] WebSocket error: 'b'
2025-05-06 16:43:22,124 [INFO] [BTCUSDT] Trade 4877006322 BUY 94191.99@0.00106
2025-05-06 16:43:22,124 [ERROR] WebSocket error: 'b'
2025-05-06 16:43:22,159 [INFO] [ETHUSDT] Trade 2381272731 BUY 1797.79@0.0278
2025-05-06 16:43:22,161 [ERROR] WebSocket error: 'b'
2025-05-06 16:43:22,170 [INFO] [BTCUSDT] Trade 4877006323 BUY 94191.99@0.00584
2025-05-06 16:43:22,170 [ERROR] WebSocket error: 'b'
2025-05-06 16:43:22,715 [INFO] [BTCUSDT] Trade 4877006324 SELL 94191.98@0.00289
2025-05-06 16:43:22,716 [ERROR] WebSocket error: 'b'
2025-05-06 16:43:22,760 [INFO] [BTCUSDT] Trade 4877006325 BUY 94191.99@0.00047
2025-05-06 16:43:22,761 [ERROR] WebSocket error: 'b'
2025-05-06 16:43:22,856 [INFO] [ETHUSDT] Trade 2381272732 BUY 1797.79@0.0283
2025-05-06 16:43:22,856 [ERROR] WebSocket error: 'b'
2025-05-06 16:43:22,921 [INFO] [BTCUSDT] Bid 94191.9800, Ask 94191.9900, Spread 0.0100
2025-05-06 16:43:22,931 [INFO] [ETHUSDT] Bid 1797.7800, Ask 1797.7900, Spread 0.0100
2025-05-06 16:43:22,987 [INFO] [ETHUSDT] Trade 2381272733 BUY 1797.79@0.1517
2025-05-06 16:43:22,987 [ERROR] WebSocket error: 'b'
2025-05-06 16:43:22,988 [INFO] [ETHUSDT] Trade 2381272734 BUY 1797.79@0.005
2025-05-06 16:43:22,988 [ERROR] WebSocket error: 'b'
2025-05-06 16:43:22,988 [INFO] [ETHUSDT] Trade 2381272735 BUY 1797.79@0.0028
2025-05-06 16:43:22,988 [ERROR] WebSocket error: 'b'
2025-05-06 16:43:22,989 [INFO] [ETHUSDT] Trade 2381272736 BUY 1797.79@0.006
2025-05-06 16:43:22,989 [ERROR] WebSocket error: 'b'
2025-05-06 16:43:22,989 [INFO] [ETHUSDT] Trade 2381272737 BUY 1797.79@0.0029
2025-05-06 16:43:22,989 [ERROR] WebSocket error: 'b'
2025-05-06 16:43:22,990 [INFO] [ETHUSDT] Trade 2381272738 BUY 1797.79@0.0029
2025-05-06 16:43:22,990 [ERROR] WebSocket error: 'b'
2025-05-06 16:43:22,990 [INFO] [ETHUSDT] Trade 2381272739 BUY 1797.79@0.0029
2025-05-06 16:43:22,990 [ERROR] WebSocket error: 'b'
2025-05-06 16:43:22,991 [INFO] [ETHUSDT] Trade 2381272740 BUY 1797.79@0.0029
2025-05-06 16:43:22,991 [ERROR] WebSocket error: 'b'
2025-05-06 16:43:22,992 [INFO] [ETHUSDT] Trade 2381272741 BUY 1797.8@0.0029
2025-05-06 16:43:22,992 [ERROR] WebSocket error: 'b'
2025-05-06 16:43:22,992 [INFO] [ETHUSDT] Trade 2381272742 BUY 1797.8@0.0029
2025-05-06 16:43:22,992 [ERROR] WebSocket error: 'b'
2025-05-06 16:43:22,992 [INFO] [ETHUSDT] Trade 2381272743 BUY 1797.8@0.0029
2025-05-06 16:43:22,992 [ERROR] WebSocket error: 'b'
2025-05-06 16:43:22,993 [INFO] [ETHUSDT] Trade 2381272744 BUY 1797.8@0.0376
2025-05-06 16:43:22,993 [ERROR] WebSocket error: 'b'
2025-05-06 16:43:22,993 [INFO] [ETHUSDT] Trade 2381272745 BUY 1797.8@0.02
2025-05-06 16:43:22,993 [ERROR] WebSocket error: 'b'
2025-05-06 16:43:23,011 [INFO] [BNBUSDT] Bid 598.5500, Ask 598.5600, Spread 0.0100
2025-05-06 16:43:23,028 [INFO] [ETHUSDT] Trade 2381272746 BUY 1797.8@0.0029
2025-05-06 16:43:23,028 [ERROR] WebSocket error: 'b'
2025-05-06 16:43:23,029 [INFO] [ETHUSDT] Trade 2381272747 BUY 1797.8@0.0028
2025-05-06 16:43:23,029 [ERROR] WebSocket error: 'b'
2025-05-06 16:43:23,029 [INFO] [ETHUSDT] Trade 2381272748 BUY 1797.8@0.0029
2025-05-06 16:43:23,030 [ERROR] WebSocket error: 'b'
2025-05-06 16:43:23,030 [INFO] [ETHUSDT] Trade 2381272749 BUY 1797.8@0.006
2025-05-06 16:43:23,031 [ERROR] WebSocket error: 'b'
2025-05-06 16:43:23,031 [INFO] [ETHUSDT] Trade 2381272750 BUY 1797.8@0.0029
2025-05-06 16:43:23,031 [ERROR] WebSocket error: 'b'
2025-05-06 16:43:23,031 [INFO] [ETHUSDT] Trade 2381272751 BUY 1797.8@0.0029
2025-05-06 16:43:23,032 [ERROR] WebSocket error: 'b'
2025-05-06 16:43:23,032 [INFO] [ETHUSDT] Trade 2381272752 BUY 1797.8@0.0029
2025-05-06 16:43:23,032 [ERROR] WebSocket error: 'b'
2025-05-06 16:43:23,032 [INFO] [ETHUSDT] Trade 2381272753 BUY 1797.8@0.0029
2025-05-06 16:43:23,033 [ERROR] WebSocket error: 'b'
2025-05-06 16:43:23,033 [INFO] [ETHUSDT] Trade 2381272754 BUY 1797.8@0.006
2025-05-06 16:43:23,033 [ERROR] WebSocket error: 'b'
2025-05-06 16:43:23,034 [INFO] [ETHUSDT] Trade 2381272755 BUY 1797.8@0.0033
2025-05-06 16:43:23,034 [ERROR] WebSocket error: 'b'
2025-05-06 16:43:23,034 [INFO] [ETHUSDT] Trade 2381272756 BUY 1797.8@0.3349
2025-05-06 16:43:23,034 [ERROR] WebSocket error: 'b'
2025-05-06 16:43:23,034 [INFO] [ETHUSDT] Trade 2381272757 BUY 1797.8@0.0028
2025-05-06 16:43:23,034 [ERROR] WebSocket error: 'b'
2025-05-06 16:43:23,035 [INFO] [ETHUSDT] Trade 2381272758 BUY 1797.81@0.0029
2025-05-06 16:43:23,035 [ERROR] WebSocket error: 'b'
2025-05-06 16:43:23,035 [INFO] [ETHUSDT] Trade 2381272759 BUY 1797.81@0.0029
2025-05-06 16:43:23,035 [ERROR] WebSocket error: 'b'
2025-05-06 16:43:23,035 [INFO] [ETHUSDT] Trade 2381272760 BUY 1797.81@0.0029
2025-05-06 16:43:23,035 [ERROR] WebSocket error: 'b'
2025-05-06 16:43:23,036 [INFO] [ETHUSDT] Trade 2381272761 BUY 1797.81@0.0029
2025-05-06 16:43:23,036 [ERROR] WebSocket error: 'b'
2025-05-06 16:43:23,036 [INFO] [ETHUSDT] Trade 2381272762 BUY 1797.81@0.0029
2025-05-06 16:43:23,036 [ERROR] WebSocket error: 'b'
2025-05-06 16:43:23,036 [INFO] [ETHUSDT] Trade 2381272763 BUY 1797.81@0.0029
2025-05-06 16:43:23,036 [ERROR] WebSocket error: 'b'
2025-05-06 16:43:23,037 [INFO] [ETHUSDT] Trade 2381272764 BUY 1797.82@0.0812
2025-05-06 16:43:23,037 [ERROR] WebSocket error: 'b'
2025-05-06 16:43:23,037 [INFO] [ETHUSDT] Trade 2381272765 BUY 1797.83@0.0033
2025-05-06 16:43:23,037 [ERROR] WebSocket error: 'b'
2025-05-06 16:43:23,037 [INFO] [ETHUSDT] Trade 2381272766 BUY 1797.84@0.1258
2025-05-06 16:43:23,037 [ERROR] WebSocket error: 'b'
2025-05-06 16:43:23,037 [INFO] [ETHUSDT] Trade 2381272767 BUY 1797.84@0.0506
2025-05-06 16:43:23,038 [ERROR] WebSocket error: 'b'
2025-05-06 16:43:23,038 [INFO] [ETHUSDT] Trade 2381272768 BUY 1797.84@0.0503
2025-05-06 16:43:23,038 [ERROR] WebSocket error: 'b'
2025-05-06 16:43:23,038 [INFO] [ETHUSDT] Trade 2381272769 BUY 1797.85@0.004
2025-05-06 16:43:23,038 [ERROR] WebSocket error: 'b'
2025-05-06 16:43:23,038 [INFO] [ETHUSDT] Trade 2381272770 BUY 1797.85@0.3
2025-05-06 16:43:23,038 [ERROR] WebSocket error: 'b'
2025-05-06 16:43:23,039 [INFO] [ETHUSDT] Trade 2381272771 BUY 1797.86@0.02
2025-05-06 16:43:23,039 [ERROR] WebSocket error: 'b'
2025-05-06 16:43:23,039 [INFO] [ETHUSDT] Trade 2381272772 SELL 1797.85@0.9172
2025-05-06 16:43:23,039 [ERROR] WebSocket error: 'b'
2025-05-06 16:43:23,042 [INFO] [ETHUSDT] Trade 2381272773 BUY 1797.86@0.0278
2025-05-06 16:43:23,042 [ERROR] WebSocket error: 'b'
2025-05-06 16:43:23,285 [INFO] [ETHUSDT] Trade 2381272774 BUY 1797.86@0.0029
2025-05-06 16:43:23,285 [ERROR] WebSocket error: 'b'
2025-05-06 16:43:23,286 [INFO] [ETHUSDT] Trade 2381272775 BUY 1797.86@0.006
2025-05-06 16:43:23,286 [ERROR] WebSocket error: 'b'
2025-05-06 16:43:23,287 [INFO] [ETHUSDT] Trade 2381272776 BUY 1797.86@0.0029
2025-05-06 16:43:23,287 [ERROR] WebSocket error: 'b'
2025-05-06 16:43:23,288 [INFO] [ETHUSDT] Trade 2381272777 BUY 1797.86@0.0167
2025-05-06 16:43:23,288 [ERROR] WebSocket error: 'b'
2025-05-06 16:43:23,289 [INFO] [ETHUSDT] Trade 2381272778 BUY 1797.86@0.0507
2025-05-06 16:43:23,289 [ERROR] WebSocket error: 'b'
2025-05-06 16:43:23,289 [INFO] [ETHUSDT] Trade 2381272779 BUY 1797.86@0.3349
2025-05-06 16:43:23,290 [ERROR] WebSocket error: 'b'
2025-05-06 16:43:23,290 [INFO] [ETHUSDT] Trade 2381272780 BUY 1797.86@0.005
2025-05-06 16:43:23,290 [ERROR] WebSocket error: 'b'
2025-05-06 16:43:23,290 [INFO] [ETHUSDT] Trade 2381272781 BUY 1797.86@0.006
2025-05-06 16:43:23,291 [ERROR] WebSocket error: 'b'
2025-05-06 16:43:23,291 [INFO] [ETHUSDT] Trade 2381272782 BUY 1797.86@0.006
2025-05-06 16:43:23,291 [ERROR] WebSocket error: 'b'
2025-05-06 16:43:23,291 [INFO] [ETHUSDT] Trade 2381272783 BUY 1797.86@0.0029
2025-05-06 16:43:23,292 [ERROR] WebSocket error: 'b'
2025-05-06 16:43:23,292 [INFO] [ETHUSDT] Trade 2381272784 BUY 1797.86@0.0029
2025-05-06 16:43:23,292 [ERROR] WebSocket error: 'b'
2025-05-06 16:43:23,292 [INFO] [ETHUSDT] Trade 2381272785 BUY 1797.87@0.0278
2025-05-06 16:43:23,293 [ERROR] WebSocket error: 'b'
2025-05-06 16:43:23,293 [INFO] [ETHUSDT] Trade 2381272786 BUY 1797.87@0.0029
2025-05-06 16:43:23,293 [ERROR] WebSocket error: 'b'
2025-05-06 16:43:23,293 [INFO] [ETHUSDT] Trade 2381272787 BUY 1797.87@0.0029
2025-05-06 16:43:23,293 [ERROR] WebSocket error: 'b'
2025-05-06 16:43:23,294 [INFO] [ETHUSDT] Trade 2381272788 BUY 1797.87@0.0029
2025-05-06 16:43:23,294 [ERROR] WebSocket error: 'b'
2025-05-06 16:43:23,294 [INFO] [ETHUSDT] Trade 2381272789 BUY 1797.87@0.0029
2025-05-06 16:43:23,294 [ERROR] WebSocket error: 'b'
2025-05-06 16:43:23,294 [INFO] [ETHUSDT] Trade 2381272790 BUY 1797.89@0.0029
2025-05-06 16:43:23,294 [ERROR] WebSocket error: 'b'
2025-05-06 16:43:23,295 [INFO] [ETHUSDT] Trade 2381272791 BUY 1797.9@0.0503
2025-05-06 16:43:23,295 [ERROR] WebSocket error: 'b'
2025-05-06 16:43:23,295 [INFO] [ETHUSDT] Trade 2381272792 BUY 1797.91@0.3
2025-05-06 16:43:23,295 [ERROR] WebSocket error: 'b'
2025-05-06 16:43:23,295 [INFO] [ETHUSDT] Trade 2381272793 BUY 1797.92@0.0028
2025-05-06 16:43:23,295 [ERROR] WebSocket error: 'b'
2025-05-06 16:43:23,296 [INFO] [ETHUSDT] Trade 2381272794 BUY 1797.92@0.0028
2025-05-06 16:43:23,296 [ERROR] WebSocket error: 'b'
2025-05-06 16:43:23,296 [INFO] [ETHUSDT] Trade 2381272795 BUY 1797.93@0.0058
2025-05-06 16:43:23,296 [ERROR] WebSocket error: 'b'
2025-05-06 16:43:23,296 [INFO] [ETHUSDT] Trade 2381272796 BUY 1797.93@0.0249
2025-05-06 16:43:23,296 [ERROR] WebSocket error: 'b'
2025-05-06 16:43:23,296 [INFO] [ETHUSDT] Trade 2381272797 BUY 1797.94@0.5208
2025-05-06 16:43:23,297 [ERROR] WebSocket error: 'b'
2025-05-06 16:43:23,297 [INFO] [ETHUSDT] Trade 2381272798 BUY 1797.94@0.0028
2025-05-06 16:43:23,297 [ERROR] WebSocket error: 'b'
2025-05-06 16:43:23,297 [INFO] [ETHUSDT] Trade 2381272799 BUY 1797.94@0.0028
2025-05-06 16:43:23,297 [ERROR] WebSocket error: 'b'
2025-05-06 16:43:23,297 [INFO] [ETHUSDT] Trade 2381272800 BUY 1797.96@0.0033
2025-05-06 16:43:23,297 [ERROR] WebSocket error: 'b'
2025-05-06 16:43:23,298 [INFO] [ETHUSDT] Trade 2381272801 SELL 1797.96@2.2916
2025-05-06 16:43:23,298 [ERROR] WebSocket error: 'b'
2025-05-06 16:43:23,298 [INFO] [BTCUSDT] Trade 4877006326 BUY 94191.99@0.01
2025-05-06 16:43:23,298 [ERROR] WebSocket error: 'b'
2025-05-06 16:43:23,298 [INFO] [BTCUSDT] Trade 4877006327 BUY 94191.99@0.009
2025-05-06 16:43:23,298 [ERROR] WebSocket error: 'b'
2025-05-06 16:43:23,298 [INFO] [BTCUSDT] Trade 4877006328 BUY 94191.99@0.008
2025-05-06 16:43:23,299 [ERROR] WebSocket error: 'b'
2025-05-06 16:43:23,299 [INFO] [BTCUSDT] Trade 4877006329 BUY 94191.99@0.004
2025-05-06 16:43:23,299 [ERROR] WebSocket error: 'b'
2025-05-06 16:43:23,319 [INFO] [BTCUSDT] Trade 4877006330 BUY 94191.99@0.12906
2025-05-06 16:43:23,319 [ERROR] WebSocket error: 'b'
2025-05-06 16:43:23,319 [INFO] [BTCUSDT] Trade 4877006331 BUY 94191.99@0.01584
2025-05-06 16:43:23,320 [ERROR] WebSocket error: 'b'
2025-05-06 16:43:23,320 [INFO] [BTCUSDT] Trade 4877006332 BUY 94191.99@0.18416
2025-05-06 16:43:23,320 [ERROR] WebSocket error: 'b'
2025-05-06 16:43:23,320 [INFO] [BTCUSDT] Trade 4877006333 BUY 94191.99@0.12424
2025-05-06 16:43:23,320 [ERROR] WebSocket error: 'b'
2025-05-06 16:43:23,320 [INFO] [BTCUSDT] Trade 4877006334 BUY 94191.99@0.07576
2025-05-06 16:43:23,321 [ERROR] WebSocket error: 'b'
2025-05-06 16:43:23,326 [INFO] [BTCUSDT] Trade 4877006335 BUY 94191.99@0.00055
2025-05-06 16:43:23,326 [ERROR] WebSocket error: 'b'
2025-05-06 16:43:23,327 [INFO] [BTCUSDT] Trade 4877006336 BUY 94191.99@0.00012
2025-05-06 16:43:23,327 [ERROR] WebSocket error: 'b'
2025-05-06 16:43:23,327 [INFO] [BTCUSDT] Trade 4877006337 BUY 94191.99@0.00024
2025-05-06 16:43:23,327 [ERROR] WebSocket error: 'b'
2025-05-06 16:43:23,328 [INFO] [BTCUSDT] Trade 4877006338 BUY 94191.99@0.00024
2025-05-06 16:43:23,328 [ERROR] WebSocket error: 'b'
2025-05-06 16:43:23,328 [INFO] [BTCUSDT] Trade 4877006339 BUY 94191.99@0.00024
2025-05-06 16:43:23,328 [ERROR] WebSocket error: 'b'
2025-05-06 16:43:23,329 [INFO] [BTCUSDT] Trade 4877006340 BUY 94191.99@0.00024
2025-05-06 16:43:23,329 [ERROR] WebSocket error: 'b'
2025-05-06 16:43:23,329 [INFO] [BTCUSDT] Trade 4877006341 BUY 94191.99@0.00024
2025-05-06 16:43:23,329 [ERROR] WebSocket error: 'b'
2025-05-06 16:43:23,330 [INFO] [BTCUSDT] Trade 4877006342 BUY 94191.99@0.00024
2025-05-06 16:43:23,330 [ERROR] WebSocket error: 'b'
2025-05-06 16:43:23,330 [INFO] [BTCUSDT] Trade 4877006343 BUY 94191.99@0.00024
2025-05-06 16:43:23,330 [ERROR] WebSocket error: 'b'
2025-05-06 16:43:23,331 [INFO] [BTCUSDT] Trade 4877006344 BUY 94191.99@6e-05
2025-05-06 16:43:23,331 [ERROR] WebSocket error: 'b'
2025-05-06 16:43:23,331 [INFO] [BTCUSDT] Trade 4877006345 BUY 94191.99@0.00159
2025-05-06 16:43:23,331 [ERROR] WebSocket error: 'b'
2025-05-06 16:43:23,331 [INFO] [BTCUSDT] Trade 4877006346 BUY 94191.99@0.00044
2025-05-06 16:43:23,331 [ERROR] WebSocket error: 'b'
2025-05-06 16:43:23,332 [INFO] [BTCUSDT] Trade 4877006347 BUY 94191.99@0.00044
2025-05-06 16:43:23,332 [ERROR] WebSocket error: 'b'
2025-05-06 16:43:23,332 [INFO] [BTCUSDT] Trade 4877006348 BUY 94191.99@6e-05
2025-05-06 16:43:23,332 [ERROR] WebSocket error: 'b'
2025-05-06 16:43:23,332 [INFO] [BTCUSDT] Trade 4877006349 BUY 94191.99@0.00201
2025-05-06 16:43:23,332 [ERROR] WebSocket error: 'b'
2025-05-06 16:43:23,333 [INFO] [BTCUSDT] Trade 4877006350 BUY 94191.99@0.00202
2025-05-06 16:43:23,333 [ERROR] WebSocket error: 'b'
2025-05-06 16:43:23,333 [INFO] [BTCUSDT] Trade 4877006351 BUY 94191.99@0.00091
2025-05-06 16:43:23,333 [ERROR] WebSocket error: 'b'
2025-05-06 16:43:23,333 [INFO] [BTCUSDT] Trade 4877006352 BUY 94191.99@0.00091
2025-05-06 16:43:23,333 [ERROR] WebSocket error: 'b'
2025-05-06 16:43:23,334 [INFO] [BTCUSDT] Trade 4877006353 BUY 94191.99@0.00044
2025-05-06 16:43:23,334 [ERROR] WebSocket error: 'b'
2025-05-06 16:43:23,334 [INFO] [BTCUSDT] Trade 4877006354 BUY 94191.99@0.00026
2025-05-06 16:43:23,334 [ERROR] WebSocket error: 'b'
2025-05-06 16:43:23,334 [INFO] [BTCUSDT] Trade 4877006355 BUY 94191.99@6e-05
2025-05-06 16:43:23,334 [ERROR] WebSocket error: 'b'
2025-05-06 16:43:23,335 [INFO] [BTCUSDT] Trade 4877006356 BUY 94191.99@6e-05
2025-05-06 16:43:23,335 [ERROR] WebSocket error: 'b'
2025-05-06 16:43:23,335 [INFO] [BTCUSDT] Trade 4877006357 BUY 94191.99@6e-05
2025-05-06 16:43:23,335 [ERROR] WebSocket error: 'b'
2025-05-06 16:43:23,335 [INFO] [BTCUSDT] Trade 4877006358 BUY 94191.99@0.0003
2025-05-06 16:43:23,335 [ERROR] WebSocket error: 'b'
2025-05-06 16:43:23,335 [INFO] [BTCUSDT] Trade 4877006359 BUY 94191.99@6e-05
2025-05-06 16:43:23,336 [ERROR] WebSocket error: 'b'
2025-05-06 16:43:23,336 [INFO] [BTCUSDT] Trade 4877006360 BUY 94191.99@6e-05
2025-05-06 16:43:23,336 [ERROR] WebSocket error: 'b'
2025-05-06 16:43:23,336 [INFO] [BTCUSDT] Trade 4877006361 BUY 94191.99@0.02918
2025-05-06 16:43:23,336 [ERROR] WebSocket error: 'b'
2025-05-06 16:43:23,336 [INFO] [BTCUSDT] Trade 4877006362 BUY 94191.99@0.44559
2025-05-06 16:43:23,336 [ERROR] WebSocket error: 'b'
2025-05-06 16:43:23,337 [INFO] [BTCUSDT] Trade 4877006363 BUY 94191.99@0.09383
2025-05-06 16:43:23,337 [ERROR] WebSocket error: 'b'
2025-05-06 16:43:23,337 [INFO] [BTCUSDT] Trade 4877006364 BUY 94191.99@6e-05
2025-05-06 16:43:23,337 [ERROR] WebSocket error: 'b'
2025-05-06 16:43:23,337 [INFO] [BTCUSDT] Trade 4877006365 BUY 94191.99@0.00011
2025-05-06 16:43:23,337 [ERROR] WebSocket error: 'b'
2025-05-06 16:43:23,337 [INFO] [BTCUSDT] Trade 4877006366 BUY 94191.99@0.04097
2025-05-06 16:43:23,337 [ERROR] WebSocket error: 'b'
2025-05-06 16:43:23,338 [INFO] [BTCUSDT] Trade 4877006367 BUY 94191.99@6e-05
2025-05-06 16:43:23,338 [ERROR] WebSocket error: 'b'
2025-05-06 16:43:23,338 [INFO] [BTCUSDT] Trade 4877006368 BUY 94191.99@6e-05
2025-05-06 16:43:23,338 [ERROR] WebSocket error: 'b'
2025-05-06 16:43:23,338 [INFO] [BTCUSDT] Trade 4877006369 BUY 94191.99@6e-05
2025-05-06 16:43:23,338 [ERROR] WebSocket error: 'b'
2025-05-06 16:43:23,338 [INFO] [BTCUSDT] Trade 4877006370 BUY 94191.99@6e-05
2025-05-06 16:43:23,339 [ERROR] WebSocket error: 'b'
2025-05-06 16:43:23,339 [INFO] [BTCUSDT] Trade 4877006371 BUY 94191.99@6e-05
2025-05-06 16:43:23,339 [ERROR] WebSocket error: 'b'
2025-05-06 16:43:23,339 [INFO] [BTCUSDT] Trade 4877006372 BUY 94191.99@6e-05
2025-05-06 16:43:23,339 [ERROR] WebSocket error: 'b'
2025-05-06 16:43:23,339 [INFO] [BTCUSDT] Trade 4877006373 BUY 94191.99@0.0001
2025-05-06 16:43:23,339 [ERROR] WebSocket error: 'b'
2025-05-06 16:43:23,340 [INFO] [BTCUSDT] Trade 4877006374 BUY 94191.99@6e-05
2025-05-06 16:43:23,340 [ERROR] WebSocket error: 'b'
2025-05-06 16:43:23,340 [INFO] [BTCUSDT] Trade 4877006375 BUY 94191.99@6e-05
2025-05-06 16:43:23,340 [ERROR] WebSocket error: 'b'
2025-05-06 16:43:23,340 [INFO] [BTCUSDT] Trade 4877006376 BUY 94191.99@6e-05
2025-05-06 16:43:23,340 [ERROR] WebSocket error: 'b'
2025-05-06 16:43:23,340 [INFO] [BTCUSDT] Trade 4877006377 BUY 94191.99@4e-05
2025-05-06 16:43:23,340 [ERROR] WebSocket error: 'b'
2025-05-06 16:43:23,341 [INFO] [BTCUSDT] Trade 4877006378 BUY 94192.0@6e-05
2025-05-06 16:43:23,341 [ERROR] WebSocket error: 'b'
2025-05-06 16:43:23,341 [INFO] [BTCUSDT] Trade 4877006379 BUY 94192.0@6e-05
2025-05-06 16:43:23,341 [ERROR] WebSocket error: 'b'
2025-05-06 16:43:23,341 [INFO] [BTCUSDT] Trade 4877006380 BUY 94192.0@6e-05
2025-05-06 16:43:23,341 [ERROR] WebSocket error: 'b'
2025-05-06 16:43:23,341 [INFO] [BTCUSDT] Trade 4877006381 BUY 94192.0@7e-05
2025-05-06 16:43:23,341 [ERROR] WebSocket error: 'b'
2025-05-06 16:43:23,342 [INFO] [BTCUSDT] Trade 4877006382 BUY 94192.0@6e-05
2025-05-06 16:43:23,342 [ERROR] WebSocket error: 'b'
2025-05-06 16:43:23,342 [INFO] [BTCUSDT] Trade 4877006383 BUY 94192.0@6e-05
2025-05-06 16:43:23,342 [ERROR] WebSocket error: 'b'
2025-05-06 16:43:23,342 [INFO] [BTCUSDT] Trade 4877006384 BUY 94192.0@6e-05
2025-05-06 16:43:23,342 [ERROR] WebSocket error: 'b'
2025-05-06 16:43:23,342 [INFO] [BTCUSDT] Trade 4877006385 BUY 94192.0@6e-05
2025-05-06 16:43:23,342 [ERROR] WebSocket error: 'b'
2025-05-06 16:43:23,343 [INFO] [BTCUSDT] Trade 4877006386 BUY 94192.0@6e-05
2025-05-06 16:43:23,343 [ERROR] WebSocket error: 'b'
2025-05-06 16:43:23,343 [INFO] [BTCUSDT] Trade 4877006387 BUY 94192.09@0.00021
2025-05-06 16:43:23,343 [ERROR] WebSocket error: 'b'
2025-05-06 16:43:23,343 [INFO] [BTCUSDT] Trade 4877006388 BUY 94192.26@0.00022
2025-05-06 16:43:23,343 [ERROR] WebSocket error: 'b'
2025-05-06 16:43:23,343 [INFO] [ETHUSDT] Trade 2381272802 BUY 1797.97@0.0056
2025-05-06 16:43:23,343 [ERROR] WebSocket error: 'b'
2025-05-06 16:43:23,344 [INFO] [ETHUSDT] Trade 2381272803 BUY 1797.97@0.1
2025-05-06 16:43:23,344 [ERROR] WebSocket error: 'b'
2025-05-06 16:43:23,344 [INFO] [ETHUSDT] Trade 2381272804 BUY 1797.97@0.0028
2025-05-06 16:43:23,344 [ERROR] WebSocket error: 'b'
2025-05-06 16:43:23,344 [INFO] [ETHUSDT] Trade 2381272805 BUY 1797.97@0.0029
2025-05-06 16:43:23,344 [ERROR] WebSocket error: 'b'
2025-05-06 16:43:23,344 [INFO] [ETHUSDT] Trade 2381272806 BUY 1797.97@0.006
2025-05-06 16:43:23,344 [ERROR] WebSocket error: 'b'
2025-05-06 16:43:23,345 [INFO] [ETHUSDT] Trade 2381272807 BUY 1797.97@0.0029
2025-05-06 16:43:23,345 [ERROR] WebSocket error: 'b'
2025-05-06 16:43:23,345 [INFO] [ETHUSDT] Trade 2381272808 BUY 1797.97@0.0029
2025-05-06 16:43:23,345 [ERROR] WebSocket error: 'b'
2025-05-06 16:43:23,345 [INFO] [ETHUSDT] Trade 2381272809 BUY 1797.97@0.0029
2025-05-06 16:43:23,345 [ERROR] WebSocket error: 'b'
2025-05-06 16:43:23,345 [INFO] [ETHUSDT] Trade 2381272810 BUY 1797.97@0.0029
2025-05-06 16:43:23,345 [ERROR] WebSocket error: 'b'
2025-05-06 16:43:23,345 [INFO] [ETHUSDT] Trade 2381272811 BUY 1797.97@0.0029
2025-05-06 16:43:23,345 [ERROR] WebSocket error: 'b'
2025-05-06 16:43:23,346 [INFO] [ETHUSDT] Trade 2381272812 BUY 1797.97@0.0029
2025-05-06 16:43:23,346 [ERROR] WebSocket error: 'b'
2025-05-06 16:43:23,346 [INFO] [ETHUSDT] Trade 2381272813 BUY 1797.97@0.0029
2025-05-06 16:43:23,346 [ERROR] WebSocket error: 'b'
2025-05-06 16:43:23,346 [INFO] [ETHUSDT] Trade 2381272814 BUY 1797.97@0.0054
2025-05-06 16:43:23,346 [ERROR] WebSocket error: 'b'
2025-05-06 16:43:23,346 [INFO] [ETHUSDT] Trade 2381272815 BUY 1797.97@0.0002
2025-05-06 16:43:23,346 [ERROR] WebSocket error: 'b'
2025-05-06 16:43:23,347 [INFO] [ETHUSDT] Trade 2381272816 BUY 1797.97@0.0028
2025-05-06 16:43:23,347 [ERROR] WebSocket error: 'b'
2025-05-06 16:43:23,347 [INFO] [ETHUSDT] Trade 2381272817 BUY 1797.98@0.0029
2025-05-06 16:43:23,347 [ERROR] WebSocket error: 'b'
2025-05-06 16:43:23,347 [INFO] [ETHUSDT] Trade 2381272818 BUY 1797.98@0.0029
2025-05-06 16:43:23,347 [ERROR] WebSocket error: 'b'
2025-05-06 16:43:23,347 [INFO] [ETHUSDT] Trade 2381272819 BUY 1797.98@0.0029
2025-05-06 16:43:23,347 [ERROR] WebSocket error: 'b'
2025-05-06 16:43:23,347 [INFO] [ETHUSDT] Trade 2381272820 BUY 1797.98@0.0029
2025-05-06 16:43:23,348 [ERROR] WebSocket error: 'b'
2025-05-06 16:43:23,348 [INFO] [ETHUSDT] Trade 2381272821 BUY 1797.98@0.0029
2025-05-06 16:43:23,348 [ERROR] WebSocket error: 'b'
2025-05-06 16:43:23,348 [INFO] [ETHUSDT] Trade 2381272822 BUY 1797.99@0.228
2025-05-06 16:43:23,348 [ERROR] WebSocket error: 'b'
2025-05-06 16:43:23,348 [INFO] [ETHUSDT] Trade 2381272823 BUY 1797.99@0.5035
2025-05-06 16:43:23,348 [ERROR] WebSocket error: 'b'
2025-05-06 16:43:23,348 [INFO] [ETHUSDT] Trade 2381272824 BUY 1797.99@0.0138
2025-05-06 16:43:23,348 [ERROR] WebSocket error: 'b'
2025-05-06 16:43:23,349 [INFO] [ETHUSDT] Trade 2381272825 BUY 1797.99@0.0062
2025-05-06 16:43:23,349 [ERROR] WebSocket error: 'b'
2025-05-06 16:43:23,349 [INFO] [BTCUSDT] Trade 4877006389 BUY 94193.79@7e-05
2025-05-06 16:43:23,349 [ERROR] WebSocket error: 'b'
2025-05-06 16:43:23,349 [INFO] [BTCUSDT] Trade 4877006390 BUY 94193.88@0.00044
2025-05-06 16:43:23,349 [ERROR] WebSocket error: 'b'
2025-05-06 16:43:23,349 [INFO] [BTCUSDT] Trade 4877006391 BUY 94194.05@0.00202
2025-05-06 16:43:23,349 [ERROR] WebSocket error: 'b'
2025-05-06 16:43:23,349 [INFO] [BTCUSDT] Trade 4877006392 BUY 94194.05@0.00202
2025-05-06 16:43:23,349 [ERROR] WebSocket error: 'b'
2025-05-06 16:43:23,350 [INFO] [BTCUSDT] Trade 4877006393 BUY 94194.1@6e-05
2025-05-06 16:43:23,350 [ERROR] WebSocket error: 'b'
2025-05-06 16:43:23,350 [INFO] [ETHUSDT] Trade 2381272826 BUY 1797.99@0.55
2025-05-06 16:43:23,350 [ERROR] WebSocket error: 'b'
2025-05-06 16:43:23,350 [INFO] [ETHUSDT] Trade 2381272827 BUY 1797.99@0.0028
2025-05-06 16:43:23,350 [ERROR] WebSocket error: 'b'
2025-05-06 16:43:23,350 [INFO] [ETHUSDT] Trade 2381272828 BUY 1797.99@0.006
2025-05-06 16:43:23,350 [ERROR] WebSocket error: 'b'
2025-05-06 16:43:23,350 [INFO] [ETHUSDT] Trade 2381272829 BUY 1797.99@0.0028
2025-05-06 16:43:23,350 [ERROR] WebSocket error: 'b'
2025-05-06 16:43:23,351 [INFO] [ETHUSDT] Trade 2381272830 BUY 1798.0@0.0356
2025-05-06 16:43:23,351 [ERROR] WebSocket error: 'b'
2025-05-06 16:43:23,351 [INFO] [ETHUSDT] Trade 2381272831 BUY 1798.0@0.7743
2025-05-06 16:43:23,351 [ERROR] WebSocket error: 'b'
2025-05-06 16:43:23,351 [INFO] [ETHUSDT] Trade 2381272832 BUY 1798.0@3.3598
2025-05-06 16:43:23,351 [ERROR] WebSocket error: 'b'
2025-05-06 16:43:23,351 [INFO] [BTCUSDT] Trade 4877006394 BUY 94194.86@0.0124
2025-05-06 16:43:23,351 [ERROR] WebSocket error: 'b'
2025-05-06 16:43:23,352 [INFO] [BTCUSDT] Trade 4877006395 BUY 94194.86@0.0276
2025-05-06 16:43:23,352 [ERROR] WebSocket error: 'b'
2025-05-06 16:43:23,352 [INFO] [BTCUSDT] Trade 4877006396 BUY 94194.86@6e-05
2025-05-06 16:43:23,352 [ERROR] WebSocket error: 'b'
2025-05-06 16:43:23,352 [INFO] [BTCUSDT] Trade 4877006397 BUY 94194.86@0.00158
2025-05-06 16:43:23,352 [ERROR] WebSocket error: 'b'
2025-05-06 16:43:23,352 [INFO] [BTCUSDT] Trade 4877006398 BUY 94194.86@0.0001
2025-05-06 16:43:23,352 [ERROR] WebSocket error: 'b'
2025-05-06 16:43:23,352 [INFO] [BTCUSDT] Trade 4877006399 BUY 94194.86@6e-05
2025-05-06 16:43:23,352 [ERROR] WebSocket error: 'b'
2025-05-06 16:43:23,352 [INFO] [BTCUSDT] Trade 4877006400 BUY 94194.86@6e-05
2025-05-06 16:43:23,353 [ERROR] WebSocket error: 'b'
2025-05-06 16:43:23,353 [INFO] [BTCUSDT] Trade 4877006401 BUY 94194.86@6e-05
2025-05-06 16:43:23,353 [ERROR] WebSocket error: 'b'
2025-05-06 16:43:23,353 [INFO] [BTCUSDT] Trade 4877006402 BUY 94194.86@6e-05
2025-05-06 16:43:23,353 [ERROR] WebSocket error: 'b'
2025-05-06 16:43:23,353 [INFO] [BTCUSDT] Trade 4877006403 BUY 94194.86@6e-05
2025-05-06 16:43:23,353 [ERROR] WebSocket error: 'b'
2025-05-06 16:43:23,353 [INFO] [BTCUSDT] Trade 4877006404 BUY 94194.86@6e-05
2025-05-06 16:43:23,353 [ERROR] WebSocket error: 'b'
2025-05-06 16:43:23,354 [INFO] [BTCUSDT] Trade 4877006405 BUY 94194.86@6e-05
2025-05-06 16:43:23,354 [ERROR] WebSocket error: 'b'
2025-05-06 16:43:23,354 [INFO] [BTCUSDT] Trade 4877006406 BUY 94194.86@6e-05
2025-05-06 16:43:23,354 [ERROR] WebSocket error: 'b'
2025-05-06 16:43:23,354 [INFO] [BTCUSDT] Trade 4877006407 BUY 94194.86@6e-05
2025-05-06 16:43:23,354 [ERROR] WebSocket error: 'b'
2025-05-06 16:43:23,354 [INFO] [BTCUSDT] Trade 4877006408 BUY 94194.86@6e-05
2025-05-06 16:43:23,354 [ERROR] WebSocket error: 'b'
2025-05-06 16:43:23,354 [INFO] [BTCUSDT] Trade 4877006409 BUY 94194.86@6e-05
2025-05-06 16:43:23,354 [ERROR] WebSocket error: 'b'
2025-05-06 16:43:23,355 [INFO] [BTCUSDT] Trade 4877006410 BUY 94194.86@6e-05
2025-05-06 16:43:23,355 [ERROR] WebSocket error: 'b'
2025-05-06 16:43:23,355 [INFO] [BTCUSDT] Trade 4877006411 BUY 94194.86@6e-05
2025-05-06 16:43:23,355 [ERROR] WebSocket error: 'b'
2025-05-06 16:43:23,355 [INFO] [BTCUSDT] Trade 4877006412 BUY 94194.86@6e-05
2025-05-06 16:43:23,355 [ERROR] WebSocket error: 'b'
2025-05-06 16:43:23,355 [INFO] [BTCUSDT] Trade 4877006413 BUY 94194.87@6e-05
2025-05-06 16:43:23,355 [ERROR] WebSocket error: 'b'
2025-05-06 16:43:23,355 [INFO] [BTCUSDT] Trade 4877006414 BUY 94194.87@6e-05
2025-05-06 16:43:23,355 [ERROR] WebSocket error: 'b'
2025-05-06 16:43:23,355 [INFO] [BTCUSDT] Trade 4877006415 BUY 94194.87@6e-05
2025-05-06 16:43:23,355 [ERROR] WebSocket error: 'b'
2025-05-06 16:43:23,356 [INFO] [BTCUSDT] Trade 4877006416 BUY 94194.87@6e-05
2025-05-06 16:43:23,356 [ERROR] WebSocket error: 'b'
2025-05-06 16:43:23,356 [INFO] [BTCUSDT] Trade 4877006417 BUY 94194.87@6e-05
2025-05-06 16:43:23,356 [ERROR] WebSocket error: 'b'
2025-05-06 16:43:23,356 [INFO] [BTCUSDT] Trade 4877006418 BUY 94194.87@6e-05
2025-05-06 16:43:23,356 [ERROR] WebSocket error: 'b'
2025-05-06 16:43:23,356 [INFO] [BTCUSDT] Trade 4877006419 BUY 94194.87@6e-05
2025-05-06 16:43:23,356 [ERROR] WebSocket error: 'b'
2025-05-06 16:43:23,356 [INFO] [BTCUSDT] Trade 4877006420 BUY 94194.87@6e-05
2025-05-06 16:43:23,356 [ERROR] WebSocket error: 'b'
2025-05-06 16:43:23,356 [INFO] [BTCUSDT] Trade 4877006421 BUY 94194.87@6e-05
2025-05-06 16:43:23,357 [ERROR] WebSocket error: 'b'
2025-05-06 16:43:23,357 [INFO] [BTCUSDT] Trade 4877006422 BUY 94194.87@6e-05
2025-05-06 16:43:23,357 [ERROR] WebSocket error: 'b'
2025-05-06 16:43:23,358 [INFO] [BTCUSDT] Trade 4877006423 BUY 94194.86@6e-05
2025-05-06 16:43:23,358 [ERROR] WebSocket error: 'b'
2025-05-06 16:43:23,358 [INFO] [BTCUSDT] Trade 4877006424 BUY 94194.87@6e-05
2025-05-06 16:43:23,358 [ERROR] WebSocket error: 'b'
2025-05-06 16:43:23,358 [INFO] [BTCUSDT] Trade 4877006425 BUY 94194.87@6e-05
2025-05-06 16:43:23,358 [ERROR] WebSocket error: 'b'
2025-05-06 16:43:23,358 [INFO] [BTCUSDT] Trade 4877006426 BUY 94194.87@6e-05
2025-05-06 16:43:23,358 [ERROR] WebSocket error: 'b'
2025-05-06 16:43:23,359 [INFO] [BTCUSDT] Trade 4877006427 BUY 94194.87@6e-05
2025-05-06 16:43:23,359 [ERROR] WebSocket error: 'b'
2025-05-06 16:43:23,359 [INFO] [BTCUSDT] Trade 4877006428 BUY 94195.05@6e-05
2025-05-06 16:43:23,359 [ERROR] WebSocket error: 'b'
2025-05-06 16:43:23,362 [INFO] [BTCUSDT] Trade 4877006429 BUY 94195.65@0.00106
2025-05-06 16:43:23,362 [ERROR] WebSocket error: 'b'
2025-05-06 16:43:23,363 [INFO] [BTCUSDT] Trade 4877006430 BUY 94196.0@0.00293
2025-05-06 16:43:23,363 [ERROR] WebSocket error: 'b'
2025-05-06 16:43:23,363 [INFO] [BTCUSDT] Trade 4877006431 BUY 94196.0@0.00932
2025-05-06 16:43:23,363 [ERROR] WebSocket error: 'b'
2025-05-06 16:43:23,378 [INFO] [BTCUSDT] Trade 4877006432 BUY 94196.0@0.01974
2025-05-06 16:43:23,378 [ERROR] WebSocket error: 'b'
2025-05-06 16:43:23,378 [INFO] [BTCUSDT] Trade 4877006433 BUY 94196.0@0.00975
2025-05-06 16:43:23,378 [ERROR] WebSocket error: 'b'
2025-05-06 16:43:23,379 [INFO] [BTCUSDT] Trade 4877006434 BUY 94196.0@0.00228
2025-05-06 16:43:23,379 [ERROR] WebSocket error: 'b'
2025-05-06 16:43:23,379 [INFO] [BTCUSDT] Trade 4877006435 BUY 94196.0@0.00177
2025-05-06 16:43:23,379 [ERROR] WebSocket error: 'b'
2025-05-06 16:43:23,379 [INFO] [BTCUSDT] Trade 4877006436 BUY 94196.0@0.00358
2025-05-06 16:43:23,379 [ERROR] WebSocket error: 'b'
2025-05-06 16:43:23,379 [INFO] [BTCUSDT] Trade 4877006437 BUY 94196.0@0.00046
2025-05-06 16:43:23,379 [ERROR] WebSocket error: 'b'
2025-05-06 16:43:23,379 [INFO] [BTCUSDT] Trade 4877006438 BUY 94196.0@0.00026
2025-05-06 16:43:23,379 [ERROR] WebSocket error: 'b'
2025-05-06 16:43:23,380 [INFO] [BTCUSDT] Trade 4877006439 BUY 94196.0@0.00105
2025-05-06 16:43:23,380 [ERROR] WebSocket error: 'b'
2025-05-06 16:43:23,380 [INFO] [BTCUSDT] Trade 4877006440 BUY 94196.0@0.01116
2025-05-06 16:43:23,380 [ERROR] WebSocket error: 'b'
2025-05-06 16:43:23,380 [INFO] [BTCUSDT] Trade 4877006441 BUY 94196.0@0.04845
2025-05-06 16:43:23,380 [ERROR] WebSocket error: 'b'
2025-05-06 16:43:23,380 [INFO] [BTCUSDT] Trade 4877006442 BUY 94196.0@6e-05
2025-05-06 16:43:23,380 [ERROR] WebSocket error: 'b'
2025-05-06 16:43:23,380 [INFO] [BTCUSDT] Trade 4877006443 BUY 94196.0@0.0001
2025-05-06 16:43:23,380 [ERROR] WebSocket error: 'b'
2025-05-06 16:43:23,381 [INFO] [BTCUSDT] Trade 4877006444 BUY 94196.0@6e-05
2025-05-06 16:43:23,381 [ERROR] WebSocket error: 'b'
2025-05-06 16:43:23,381 [INFO] [BTCUSDT] Trade 4877006445 BUY 94196.0@6e-05
2025-05-06 16:43:23,381 [ERROR] WebSocket error: 'b'
2025-05-06 16:43:23,381 [INFO] [BTCUSDT] Trade 4877006446 BUY 94196.0@6e-05
2025-05-06 16:43:23,381 [ERROR] WebSocket error: 'b'
2025-05-06 16:43:23,381 [INFO] [BTCUSDT] Trade 4877006447 BUY 94196.0@6e-05
2025-05-06 16:43:23,381 [ERROR] WebSocket error: 'b'
2025-05-06 16:43:23,381 [INFO] [BTCUSDT] Trade 4877006448 BUY 94196.0@6e-05
2025-05-06 16:43:23,381 [ERROR] WebSocket error: 'b'
2025-05-06 16:43:23,382 [INFO] [BTCUSDT] Trade 4877006449 BUY 94196.0@6e-05
2025-05-06 16:43:23,382 [ERROR] WebSocket error: 'b'
2025-05-06 16:43:23,382 [INFO] [BTCUSDT] Trade 4877006450 BUY 94196.0@6e-05
2025-05-06 16:43:23,382 [ERROR] WebSocket error: 'b'
2025-05-06 16:43:23,382 [INFO] [BTCUSDT] Trade 4877006451 BUY 94196.0@6e-05
2025-05-06 16:43:23,382 [ERROR] WebSocket error: 'b'
2025-05-06 16:43:23,382 [INFO] [BTCUSDT] Trade 4877006452 BUY 94196.0@6e-05
2025-05-06 16:43:23,382 [ERROR] WebSocket error: 'b'
2025-05-06 16:43:23,382 [INFO] [BTCUSDT] Trade 4877006453 BUY 94196.0@6e-05
2025-05-06 16:43:23,382 [ERROR] WebSocket error: 'b'
2025-05-06 16:43:23,383 [INFO] [BTCUSDT] Trade 4877006454 BUY 94196.0@0.01237
2025-05-06 16:43:23,383 [ERROR] WebSocket error: 'b'
2025-05-06 16:43:23,383 [INFO] [BTCUSDT] Trade 4877006455 BUY 94196.0@0.00045
2025-05-06 16:43:23,383 [ERROR] WebSocket error: 'b'
2025-05-06 16:43:23,383 [INFO] [BTCUSDT] Trade 4877006456 BUY 94196.0@0.00159
2025-05-06 16:43:23,383 [ERROR] WebSocket error: 'b'
2025-05-06 16:43:23,383 [INFO] [BTCUSDT] Trade 4877006457 BUY 94196.0@0.00064
2025-05-06 16:43:23,383 [ERROR] WebSocket error: 'b'
2025-05-06 16:43:23,383 [INFO] [BTCUSDT] Trade 4877006458 BUY 94196.0@6e-05
2025-05-06 16:43:23,383 [ERROR] WebSocket error: 'b'
2025-05-06 16:43:23,383 [INFO] [BTCUSDT] Trade 4877006459 BUY 94196.0@6e-05
2025-05-06 16:43:23,383 [ERROR] WebSocket error: 'b'
2025-05-06 16:43:23,384 [INFO] [BTCUSDT] Trade 4877006460 BUY 94196.01@6e-05
2025-05-06 16:43:23,384 [ERROR] WebSocket error: 'b'
2025-05-06 16:43:23,384 [INFO] [BTCUSDT] Trade 4877006461 BUY 94196.01@6e-05
2025-05-06 16:43:23,384 [ERROR] WebSocket error: 'b'
2025-05-06 16:43:23,384 [INFO] [BTCUSDT] Trade 4877006462 BUY 94196.01@6e-05
2025-05-06 16:43:23,384 [ERROR] WebSocket error: 'b'
2025-05-06 16:43:23,384 [INFO] [BTCUSDT] Trade 4877006463 BUY 94196.01@6e-05
2025-05-06 16:43:23,384 [ERROR] WebSocket error: 'b'
2025-05-06 16:43:23,384 [INFO] [BTCUSDT] Trade 4877006464 BUY 94196.01@6e-05
2025-05-06 16:43:23,384 [ERROR] WebSocket error: 'b'
2025-05-06 16:43:23,384 [INFO] [BTCUSDT] Trade 4877006465 BUY 94196.01@6e-05
2025-05-06 16:43:23,385 [ERROR] WebSocket error: 'b'
2025-05-06 16:43:23,385 [INFO] [BTCUSDT] Trade 4877006466 BUY 94196.01@6e-05
2025-05-06 16:43:23,385 [ERROR] WebSocket error: 'b'
2025-05-06 16:43:23,385 [INFO] [BTCUSDT] Trade 4877006467 BUY 94196.01@6e-05
2025-05-06 16:43:23,385 [ERROR] WebSocket error: 'b'
2025-05-06 16:43:23,385 [INFO] [BTCUSDT] Trade 4877006468 BUY 94196.01@6e-05
2025-05-06 16:43:23,385 [ERROR] WebSocket error: 'b'
2025-05-06 16:43:23,385 [INFO] [BTCUSDT] Trade 4877006469 BUY 94196.01@6e-05
2025-05-06 16:43:23,385 [ERROR] WebSocket error: 'b'
2025-05-06 16:43:23,385 [INFO] [BTCUSDT] Trade 4877006470 BUY 94196.94@6e-05
2025-05-06 16:43:23,385 [ERROR] WebSocket error: 'b'
2025-05-06 16:43:23,386 [INFO] [BTCUSDT] Trade 4877006471 BUY 94197.8@7e-05
2025-05-06 16:43:23,386 [ERROR] WebSocket error: 'b'
2025-05-06 16:43:23,386 [INFO] [BTCUSDT] Trade 4877006472 BUY 94197.8@6e-05
2025-05-06 16:43:23,386 [ERROR] WebSocket error: 'b'
2025-05-06 16:43:23,386 [INFO] [BTCUSDT] Trade 4877006473 BUY 94198.6@6e-05
2025-05-06 16:43:23,386 [ERROR] WebSocket error: 'b'
2025-05-06 16:43:23,386 [INFO] [BTCUSDT] Trade 4877006474 BUY 94198.6@6e-05
2025-05-06 16:43:23,386 [ERROR] WebSocket error: 'b'
2025-05-06 16:43:23,386 [INFO] [BTCUSDT] Trade 4877006475 BUY 94198.6@6e-05
2025-05-06 16:43:23,386 [ERROR] WebSocket error: 'b'
2025-05-06 16:43:23,386 [INFO] [BTCUSDT] Trade 4877006476 BUY 94198.61@0.02984
2025-05-06 16:43:23,386 [ERROR] WebSocket error: 'b'
2025-05-06 16:43:23,387 [INFO] [BTCUSDT] Trade 4877006477 BUY 94198.61@0.006
2025-05-06 16:43:23,387 [ERROR] WebSocket error: 'b'
2025-05-06 16:43:23,387 [INFO] [BTCUSDT] Trade 4877006478 BUY 94198.61@6e-05
2025-05-06 16:43:23,387 [ERROR] WebSocket error: 'b'
2025-05-06 16:43:23,387 [INFO] [BTCUSDT] Trade 4877006479 BUY 94198.61@6e-05
2025-05-06 16:43:23,387 [ERROR] WebSocket error: 'b'
2025-05-06 16:43:23,387 [INFO] [BTCUSDT] Trade 4877006480 BUY 94198.61@6e-05
2025-05-06 16:43:23,387 [ERROR] WebSocket error: 'b'
2025-05-06 16:43:23,387 [INFO] [BTCUSDT] Trade 4877006481 BUY 94198.63@0.00401
2025-05-06 16:43:23,387 [ERROR] WebSocket error: 'b'
2025-05-06 16:43:23,387 [INFO] [BTCUSDT] Trade 4877006482 BUY 94199.96@0.00101
2025-05-06 16:43:23,388 [ERROR] WebSocket error: 'b'
2025-05-06 16:43:23,388 [INFO] [BTCUSDT] Trade 4877006483 BUY 94199.99@6e-05
2025-05-06 16:43:23,388 [ERROR] WebSocket error: 'b'
2025-05-06 16:43:23,388 [INFO] [BTCUSDT] Trade 4877006484 BUY 94199.99@6e-05
2025-05-06 16:43:23,388 [ERROR] WebSocket error: 'b'
2025-05-06 16:43:23,388 [INFO] [BTCUSDT] Trade 4877006485 BUY 94199.99@6e-05
2025-05-06 16:43:23,388 [ERROR] WebSocket error: 'b'
2025-05-06 16:43:23,388 [INFO] [BTCUSDT] Trade 4877006486 BUY 94200.0@6e-05
2025-05-06 16:43:23,388 [ERROR] WebSocket error: 'b'
2025-05-06 16:43:23,388 [INFO] [BTCUSDT] Trade 4877006487 BUY 94200.0@6e-05
2025-05-06 16:43:23,388 [ERROR] WebSocket error: 'b'
2025-05-06 16:43:23,389 [INFO] [BTCUSDT] Trade 4877006488 BUY 94200.0@0.002
2025-05-06 16:43:23,389 [ERROR] WebSocket error: 'b'
2025-05-06 16:43:23,389 [INFO] [BTCUSDT] Trade 4877006489 BUY 94200.0@0.02123
2025-05-06 16:43:23,389 [ERROR] WebSocket error: 'b'
2025-05-06 16:43:23,389 [INFO] [BTCUSDT] Trade 4877006490 BUY 94200.0@0.02
2025-05-06 16:43:23,389 [ERROR] WebSocket error: 'b'
2025-05-06 16:43:23,389 [INFO] [BTCUSDT] Trade 4877006491 BUY 94200.0@6e-05
2025-05-06 16:43:23,389 [ERROR] WebSocket error: 'b'
2025-05-06 16:43:23,389 [INFO] [BTCUSDT] Trade 4877006492 BUY 94200.0@6e-05
2025-05-06 16:43:23,389 [ERROR] WebSocket error: 'b'
2025-05-06 16:43:23,389 [INFO] [BTCUSDT] Trade 4877006493 BUY 94200.0@6e-05
2025-05-06 16:43:23,389 [ERROR] WebSocket error: 'b'
2025-05-06 16:43:23,390 [INFO] [BTCUSDT] Trade 4877006494 BUY 94200.48@0.00013
2025-05-06 16:43:23,390 [ERROR] WebSocket error: 'b'
2025-05-06 16:43:23,390 [INFO] [BTCUSDT] Trade 4877006495 BUY 94200.91@0.00799
2025-05-06 16:43:23,390 [ERROR] WebSocket error: 'b'
2025-05-06 16:43:23,390 [INFO] [BTCUSDT] Trade 4877006496 BUY 94201.24@6e-05
2025-05-06 16:43:23,390 [ERROR] WebSocket error: 'b'
2025-05-06 16:43:23,390 [INFO] [BTCUSDT] Trade 4877006497 BUY 94201.24@6e-05
2025-05-06 16:43:23,390 [ERROR] WebSocket error: 'b'
2025-05-06 16:43:23,390 [INFO] [BTCUSDT] Trade 4877006498 BUY 94201.24@6e-05
2025-05-06 16:43:23,390 [ERROR] WebSocket error: 'b'
2025-05-06 16:43:23,390 [INFO] [BTCUSDT] Trade 4877006499 BUY 94201.39@7e-05
2025-05-06 16:43:23,390 [ERROR] WebSocket error: 'b'
2025-05-06 16:43:23,391 [INFO] [BTCUSDT] Trade 4877006500 BUY 94201.58@6e-05
2025-05-06 16:43:23,391 [ERROR] WebSocket error: 'b'
2025-05-06 16:43:23,391 [INFO] [BTCUSDT] Trade 4877006501 BUY 94201.58@6e-05
2025-05-06 16:43:23,391 [ERROR] WebSocket error: 'b'
2025-05-06 16:43:23,391 [INFO] [BTCUSDT] Trade 4877006502 BUY 94201.58@6e-05
2025-05-06 16:43:23,391 [ERROR] WebSocket error: 'b'
2025-05-06 16:43:23,391 [INFO] [BTCUSDT] Trade 4877006503 BUY 94201.59@6e-05
2025-05-06 16:43:23,391 [ERROR] WebSocket error: 'b'
2025-05-06 16:43:23,391 [INFO] [BTCUSDT] Trade 4877006504 BUY 94201.59@6e-05
2025-05-06 16:43:23,391 [ERROR] WebSocket error: 'b'
2025-05-06 16:43:23,391 [INFO] [BTCUSDT] Trade 4877006505 BUY 94201.59@6e-05
2025-05-06 16:43:23,391 [ERROR] WebSocket error: 'b'
2025-05-06 16:43:23,392 [INFO] [BTCUSDT] Trade 4877006506 BUY 94201.59@6e-05
2025-05-06 16:43:23,392 [ERROR] WebSocket error: 'b'
2025-05-06 16:43:23,392 [INFO] [BTCUSDT] Trade 4877006507 BUY 94201.59@6e-05
2025-05-06 16:43:23,392 [ERROR] WebSocket error: 'b'
2025-05-06 16:43:23,392 [INFO] [BTCUSDT] Trade 4877006508 BUY 94201.59@6e-05
2025-05-06 16:43:23,392 [ERROR] WebSocket error: 'b'
2025-05-06 16:43:23,392 [INFO] [BTCUSDT] Trade 4877006509 BUY 94201.6@0.03094
2025-05-06 16:43:23,392 [ERROR] WebSocket error: 'b'
2025-05-06 16:43:23,429 [INFO] [BTCUSDT] Trade 4877006510 BUY 94201.6@6e-05
2025-05-06 16:43:23,429 [ERROR] WebSocket error: 'b'
2025-05-06 16:43:23,430 [INFO] [BTCUSDT] Trade 4877006511 BUY 94201.6@0.0001
2025-05-06 16:43:23,430 [ERROR] WebSocket error: 'b'
2025-05-06 16:43:23,430 [INFO] [BTCUSDT] Trade 4877006512 BUY 94201.6@6e-05
2025-05-06 16:43:23,430 [ERROR] WebSocket error: 'b'
2025-05-06 16:43:23,430 [INFO] [BTCUSDT] Trade 4877006513 BUY 94201.6@6e-05
2025-05-06 16:43:23,430 [ERROR] WebSocket error: 'b'
2025-05-06 16:43:23,430 [INFO] [BTCUSDT] Trade 4877006514 BUY 94201.6@6e-05
2025-05-06 16:43:23,430 [ERROR] WebSocket error: 'b'
2025-05-06 16:43:23,430 [INFO] [BTCUSDT] Trade 4877006515 BUY 94201.6@6e-05
2025-05-06 16:43:23,431 [ERROR] WebSocket error: 'b'
2025-05-06 16:43:23,431 [INFO] [BTCUSDT] Trade 4877006516 BUY 94201.6@6e-05
2025-05-06 16:43:23,431 [ERROR] WebSocket error: 'b'
2025-05-06 16:43:23,431 [INFO] [BTCUSDT] Trade 4877006517 BUY 94201.6@6e-05
2025-05-06 16:43:23,431 [ERROR] WebSocket error: 'b'
2025-05-06 16:43:23,431 [INFO] [BTCUSDT] Trade 4877006518 BUY 94201.6@6e-05
2025-05-06 16:43:23,431 [ERROR] WebSocket error: 'b'
2025-05-06 16:43:23,431 [INFO] [BTCUSDT] Trade 4877006519 BUY 94201.6@6e-05
2025-05-06 16:43:23,431 [ERROR] WebSocket error: 'b'
2025-05-06 16:43:23,432 [INFO] [BTCUSDT] Trade 4877006520 BUY 94201.6@6e-05
2025-05-06 16:43:23,432 [ERROR] WebSocket error: 'b'
2025-05-06 16:43:23,432 [INFO] [BTCUSDT] Trade 4877006521 BUY 94201.6@6e-05
2025-05-06 16:43:23,432 [ERROR] WebSocket error: 'b'
2025-05-06 16:43:23,432 [INFO] [BTCUSDT] Trade 4877006522 BUY 94201.6@0.4748
2025-05-06 16:43:23,432 [ERROR] WebSocket error: 'b'
2025-05-06 16:43:23,432 [INFO] [BTCUSDT] Trade 4877006523 BUY 94201.6@0.0944
2025-05-06 16:43:23,432 [ERROR] WebSocket error: 'b'
2025-05-06 16:43:23,432 [INFO] [BTCUSDT] Trade 4877006524 BUY 94201.6@6e-05
2025-05-06 16:43:23,432 [ERROR] WebSocket error: 'b'
2025-05-06 16:43:23,433 [INFO] [BTCUSDT] Trade 4877006525 BUY 94201.6@6e-05
2025-05-06 16:43:23,433 [ERROR] WebSocket error: 'b'
2025-05-06 16:43:23,433 [INFO] [BTCUSDT] Trade 4877006526 BUY 94201.61@6e-05
2025-05-06 16:43:23,433 [ERROR] WebSocket error: 'b'
2025-05-06 16:43:23,433 [INFO] [BTCUSDT] Trade 4877006527 BUY 94201.61@6e-05
2025-05-06 16:43:23,433 [ERROR] WebSocket error: 'b'
2025-05-06 16:43:23,433 [INFO] [BTCUSDT] Trade 4877006528 BUY 94201.61@6e-05
2025-05-06 16:43:23,433 [ERROR] WebSocket error: 'b'
2025-05-06 16:43:23,434 [INFO] [BTCUSDT] Trade 4877006529 BUY 94201.61@6e-05
2025-05-06 16:43:23,434 [ERROR] WebSocket error: 'b'
2025-05-06 16:43:23,434 [INFO] [BTCUSDT] Trade 4877006530 BUY 94201.61@6e-05
2025-05-06 16:43:23,434 [ERROR] WebSocket error: 'b'
2025-05-06 16:43:23,434 [INFO] [BTCUSDT] Trade 4877006531 BUY 94201.61@6e-05
2025-05-06 16:43:23,434 [ERROR] WebSocket error: 'b'
2025-05-06 16:43:23,434 [INFO] [BTCUSDT] Trade 4877006532 BUY 94201.61@6e-05
2025-05-06 16:43:23,434 [ERROR] WebSocket error: 'b'
2025-05-06 16:43:23,435 [INFO] [BTCUSDT] Trade 4877006533 BUY 94201.61@6e-05
2025-05-06 16:43:23,435 [ERROR] WebSocket error: 'b'
2025-05-06 16:43:23,435 [INFO] [BTCUSDT] Trade 4877006534 BUY 94201.61@6e-05
2025-05-06 16:43:23,435 [ERROR] WebSocket error: 'b'
2025-05-06 16:43:23,435 [INFO] [BTCUSDT] Trade 4877006535 BUY 94201.61@6e-05
2025-05-06 16:43:23,435 [ERROR] WebSocket error: 'b'
2025-05-06 16:43:23,435 [INFO] [BTCUSDT] Trade 4877006536 BUY 94201.65@6e-05
2025-05-06 16:43:23,435 [ERROR] WebSocket error: 'b'
2025-05-06 16:43:23,435 [INFO] [BTCUSDT] Trade 4877006537 BUY 94201.67@6e-05
2025-05-06 16:43:23,436 [ERROR] WebSocket error: 'b'
2025-05-06 16:43:23,436 [INFO] [BTCUSDT] Trade 4877006538 BUY 94201.67@6e-05
2025-05-06 16:43:23,436 [ERROR] WebSocket error: 'b'
2025-05-06 16:43:23,436 [INFO] [BTCUSDT] Trade 4877006539 BUY 94201.67@6e-05
2025-05-06 16:43:23,436 [ERROR] WebSocket error: 'b'
2025-05-06 16:43:23,436 [INFO] [BTCUSDT] Trade 4877006540 BUY 94201.67@6e-05
2025-05-06 16:43:23,436 [ERROR] WebSocket error: 'b'
2025-05-06 16:43:23,436 [INFO] [BTCUSDT] Trade 4877006541 BUY 94201.67@6e-05
2025-05-06 16:43:23,436 [ERROR] WebSocket error: 'b'
2025-05-06 16:43:23,437 [INFO] [BTCUSDT] Trade 4877006542 BUY 94201.67@6e-05
2025-05-06 16:43:23,437 [ERROR] WebSocket error: 'b'
2025-05-06 16:43:23,437 [INFO] [ETHUSDT] Trade 2381272833 BUY 1798.0@0.0278
2025-05-06 16:43:23,437 [ERROR] WebSocket error: 'b'
2025-05-06 16:43:23,437 [INFO] [BTCUSDT] Trade 4877006543 SELL 94201.66@0.00025
2025-05-06 16:43:23,437 [ERROR] WebSocket error: 'b'
2025-05-06 16:43:23,437 [INFO] [ETHUSDT] Trade 2381272834 BUY 1798.0@0.0278
2025-05-06 16:43:23,437 [ERROR] WebSocket error: 'b'
2025-05-06 16:43:23,440 [INFO] [BTCUSDT] Trade 4877006544 BUY 94201.67@0.0009
2025-05-06 16:43:23,440 [ERROR] WebSocket error: 'b'
2025-05-06 16:43:23,440 [INFO] [BTCUSDT] Trade 4877006545 BUY 94201.67@0.00159
2025-05-06 16:43:23,440 [ERROR] WebSocket error: 'b'
2025-05-06 16:43:23,440 [INFO] [BTCUSDT] Trade 4877006546 BUY 94201.67@6e-05
2025-05-06 16:43:23,440 [ERROR] WebSocket error: 'b'
2025-05-06 16:43:23,440 [INFO] [BTCUSDT] Trade 4877006547 BUY 94201.67@0.00044
2025-05-06 16:43:23,441 [ERROR] WebSocket error: 'b'
2025-05-06 16:43:23,441 [INFO] [BTCUSDT] Trade 4877006548 BUY 94201.67@0.0001
2025-05-06 16:43:23,441 [ERROR] WebSocket error: 'b'
2025-05-06 16:43:23,441 [INFO] [BTCUSDT] Trade 4877006549 BUY 94201.67@7e-05
2025-05-06 16:43:23,441 [ERROR] WebSocket error: 'b'
2025-05-06 16:43:23,441 [INFO] [BTCUSDT] Trade 4877006550 BUY 94201.67@6e-05
2025-05-06 16:43:23,441 [ERROR] WebSocket error: 'b'
2025-05-06 16:43:23,441 [INFO] [BTCUSDT] Trade 4877006551 BUY 94201.67@6e-05
2025-05-06 16:43:23,441 [ERROR] WebSocket error: 'b'
2025-05-06 16:43:23,441 [INFO] [BTCUSDT] Trade 4877006552 BUY 94201.7@0.00047
2025-05-06 16:43:23,441 [ERROR] WebSocket error: 'b'
2025-05-06 16:43:23,442 [INFO] [BTCUSDT] Trade 4877006553 BUY 94201.99@0.00049
2025-05-06 16:43:23,442 [ERROR] WebSocket error: 'b'
2025-05-06 16:43:23,442 [INFO] [BTCUSDT] Trade 4877006554 BUY 94201.99@0.00045
2025-05-06 16:43:23,442 [ERROR] WebSocket error: 'b'
2025-05-06 16:43:23,449 [INFO] [BTCUSDT] Trade 4877006555 BUY 94201.67@0.0001
2025-05-06 16:43:23,449 [ERROR] WebSocket error: 'b'
2025-05-06 16:43:23,449 [INFO] [BTCUSDT] Trade 4877006556 BUY 94201.99@0.00025
2025-05-06 16:43:23,449 [ERROR] WebSocket error: 'b'
2025-05-06 16:43:23,449 [INFO] [BTCUSDT] Trade 4877006557 BUY 94201.99@0.00016
2025-05-06 16:43:23,449 [ERROR] WebSocket error: 'b'
2025-05-06 16:43:23,449 [INFO] [BTCUSDT] Trade 4877006558 BUY 94201.99@6e-05
2025-05-06 16:43:23,449 [ERROR] WebSocket error: 'b'
2025-05-06 16:43:23,449 [INFO] [BTCUSDT] Trade 4877006559 BUY 94201.99@6e-05
2025-05-06 16:43:23,449 [ERROR] WebSocket error: 'b'
2025-05-06 16:43:23,449 [INFO] [BTCUSDT] Trade 4877006560 BUY 94201.99@6e-05
2025-05-06 16:43:23,450 [ERROR] WebSocket error: 'b'
2025-05-06 16:43:23,450 [INFO] [BTCUSDT] Trade 4877006561 BUY 94202.0@6e-05
2025-05-06 16:43:23,450 [ERROR] WebSocket error: 'b'
2025-05-06 16:43:23,450 [INFO] [BTCUSDT] Trade 4877006562 BUY 94202.62@6e-05
2025-05-06 16:43:23,450 [ERROR] WebSocket error: 'b'
2025-05-06 16:43:23,450 [INFO] [BTCUSDT] Trade 4877006563 BUY 94203.79@6e-05
2025-05-06 16:43:23,450 [ERROR] WebSocket error: 'b'
2025-05-06 16:43:23,450 [INFO] [BTCUSDT] Trade 4877006564 BUY 94203.8@0.03185
2025-05-06 16:43:23,450 [ERROR] WebSocket error: 'b'
2025-05-06 16:43:23,450 [INFO] [BTCUSDT] Trade 4877006565 BUY 94203.81@6e-05
2025-05-06 16:43:23,450 [ERROR] WebSocket error: 'b'
2025-05-06 16:43:23,451 [INFO] [BTCUSDT] Trade 4877006566 BUY 94203.81@6e-05
2025-05-06 16:43:23,451 [ERROR] WebSocket error: 'b'
2025-05-06 16:43:23,451 [INFO] [BTCUSDT] Trade 4877006567 BUY 94203.81@6e-05
2025-05-06 16:43:23,451 [ERROR] WebSocket error: 'b'
2025-05-06 16:43:23,451 [INFO] [BTCUSDT] Trade 4877006568 BUY 94204.0@0.002
2025-05-06 16:43:23,451 [ERROR] WebSocket error: 'b'
2025-05-06 16:43:23,506 [INFO] [BTCUSDT] Trade 4877006569 SELL 94204.23@0.0003
2025-05-06 16:43:23,506 [ERROR] WebSocket error: 'b'
2025-05-06 16:43:23,745 [INFO] [BNBUSDT] Trade 1046018232 BUY 598.56@0.113
2025-05-06 16:43:23,746 [ERROR] WebSocket error: 'b'
2025-05-06 16:43:23,748 [INFO] [BTCUSDT] Trade 4877006570 SELL 94204.23@0.0002
2025-05-06 16:43:23,748 [ERROR] WebSocket error: 'b'
2025-05-06 16:43:23,925 [INFO] [BTCUSDT] Bid 94204.2300, Ask 94204.2400, Spread 0.0100
2025-05-06 16:43:23,928 [INFO] [ETHUSDT] Bid 1797.9900, Ask 1798.0000, Spread 0.0100
2025-05-06 16:43:24,012 [INFO] [BNBUSDT] Bid 598.5500, Ask 598.5600, Spread 0.0100
2025-05-06 16:43:24,022 [INFO] [ETHUSDT] Trade 2381272835 BUY 1798.0@0.0278
2025-05-06 16:43:24,023 [ERROR] WebSocket error: 'b'
2025-05-06 16:43:24,535 [INFO] [ETHUSDT] Trade 2381272836 SELL 1797.99@0.0283
2025-05-06 16:43:24,536 [ERROR] WebSocket error: 'b'
2025-05-06 16:43:24,708 [INFO] [ETHUSDT] Trade 2381272837 BUY 1798.0@0.0278
2025-05-06 16:43:24,708 [ERROR] WebSocket error: 'b'
2025-05-06 16:43:24,723 [INFO] [ETHUSDT] Trade 2381272838 BUY 1798.0@0.068
2025-05-06 16:43:24,724 [ERROR] WebSocket error: 'b'
2025-05-06 16:43:24,928 [INFO] [BTCUSDT] Bid 94204.2300, Ask 94204.2400, Spread 0.0100
2025-05-06 16:43:24,934 [INFO] [ETHUSDT] Bid 1797.9900, Ask 1798.0000, Spread 0.0100
2025-05-06 16:43:24,999 [INFO] [BTCUSDT] Trade 4877006571 SELL 94204.23@0.00047
2025-05-06 16:43:24,999 [ERROR] WebSocket error: 'b'
2025-05-06 16:43:25,016 [INFO] [BTCUSDT] Trade 4877006572 BUY 94204.24@0.00175
2025-05-06 16:43:25,016 [ERROR] WebSocket error: 'b'
2025-05-06 16:43:25,026 [INFO] [BNBUSDT] Bid 598.5500, Ask 598.5600, Spread 0.0100
2025-05-06 16:43:25,044 [INFO] [ETHUSDT] Trade 2381272839 BUY 1798.0@0.0278
2025-05-06 16:43:25,044 [ERROR] WebSocket error: 'b'
2025-05-06 16:43:25,436 [INFO] [ETHUSDT] Trade 2381272840 BUY 1798.0@0.0278
2025-05-06 16:43:25,436 [ERROR] WebSocket error: 'b'
2025-05-06 16:43:25,489 [INFO] [ETHUSDT] Trade 2381272841 SELL 1797.99@0.0035
2025-05-06 16:43:25,489 [ERROR] WebSocket error: 'b'
2025-05-06 16:43:25,542 [INFO] [BNBUSDT] Trade 1046018233 BUY 598.56@0.008
2025-05-06 16:43:25,542 [ERROR] WebSocket error: 'b'
2025-05-06 16:43:25,714 [INFO] [BNBUSDT] Trade 1046018234 BUY 598.56@3.002
2025-05-06 16:43:25,714 [ERROR] WebSocket error: 'b'
